nuclide,Z,A,isomer_keV,isomer_u_keV,isomer_t_s,isomer_jp,gateway_keV,gateway_u_keV,dE_keV,gateway_jp,gateway_t_s,gateway_t_op,observed,multipole,p_release,p_return,p_unknown,beta,E_released_keV,leverage,gamma_GI_eV,width_kind,gJ,sigma_int_b_eV,doppler_fwhm_eV,sigma_eff_b,N_areal_cm2,thickness_cm,neec,atomic
26al,13,26,228.305,0.013,6.346,0+,1057.74,0.012,829.434,1+,2.5e-14,,1,M1,0,1,0,1,829.434,1,0.0182495,measured,3,611.662,1.99471,288.06,3.4715e+21,0.06943,0,0
26al,13,26,228.305,0.013,6.346,0+,1759.03,0.008,1530.73,2+,3.8e-12,,0,E2,0.980392,0.0196078,0,2,1754.56,1.14622,3.11036e-05,Weisskopf E2,5,0.510138,3.68126,0.130179,3.84085e+24,76.8171,0,0
26al,13,26,228.305,0.013,6.346,0+,1850.62,0.03,1622.31,1+,3.2e-14,,1,M1,0.00695134,0.993049,0,1.00695,1623.9,1.00098,0.0141583,measured,3,124.041,3.90151,29.8664,3.32513e+22,0.665025,0,0
26al,13,26,228.305,0.013,6.346,0+,2069.47,0.03,1841.16,(2+),1.4e-14,,1,E2,0.215746,0.784254,0,1.97159,1890.42,1.02675,0.000982444,measured,5,11.1377,4.42782,2.36296,2.14649e+23,4.29297,0,0
26al,13,26,228.305,0.013,6.346,0+,2071.64,0.04,1843.33,1+,3.67e-13,,1,M1,0.106305,0.893695,0,1.10671,1867.6,1.01317,0.0011105,measured,3,7.53592,4.43304,1.59693,5.65826e+23,11.3165,0,0
26al,13,26,228.305,0.013,6.346,0+,2660.92,0.05,2432.62,2+,3e-12,,0,E2,0.669769,0.330231,0,2.25146,2585.53,1.06286,0.000315273,Weisskopf E2,5,2.04745,5.8502,0.32877,1.35097e+24,27.0193,0,0
26al,13,26,228.305,0.013,6.346,0+,2740.03,0.03,2511.73,1+,3.1e-14,,1,M1,0.00803492,0.991965,0,1.00803,2513.56,1.00073,0.0145991,measured,3,53.3588,6.04046,8.29826,1.19547e+23,2.39093,0,0
26al,13,26,228.305,0.013,6.346,0+,2913.4,0.05,2685.1,2+,6.8e-14,,0,E2,0.450115,0.549885,0,2.6663,2787.86,1.03827,0.000516557,Weisskopf E2,5,2.75342,6.45739,0.400558,9.36323e+23,18.7265,0,0
26al,13,26,228.305,0.013,6.346,0+,3159.89,0.013,2931.58,2+,3.5e-15,,1,E2,0.792024,0.207976,0,2.17327,3112.41,1.06168,0.00057333,measured,5,2.56373,7.05018,0.341604,1.34699e+24,26.9398,0,0
34cl,17,34,146.36,0.03,1919.4,3+,461,0.04,314.64,1+,5.2e-12,,1,E2,0.995025,0.00497512,0,1,460.272,1.46285,4.36508e-07,measured,0.428571,0.0145241,0.661696,0.0206197,4.84974e+25,969.947,0,0
34cl,17,34,146.36,0.03,1919.4,3+,665.56,0.04,519.2,1+,9.2e-12,,1,E2,0.932313,0.0676868,0,1.09244,655.653,1.26281,3.33385e-06,measured,0.428571,0.0407383,1.09189,0.0350489,2.61174e+25,522.347,0,0
34cl,17,34,146.36,0.03,1919.4,3+,1230.26,0.04,1083.9,2+,1.36e-11,,1,M1,0.659672,0.340328,0,1.68761,1180.45,1.08908,1.07146e-05,measured,0.714286,0.0500694,2.27947,0.0206343,2.87171e+25,574.341,0,0
34cl,17,34,146.36,0.03,1919.4,3+,1887.14,0.05,1740.78,2+,1.2e-12,,1,M1,0.639991,0.360009,0,1.61209,1834.45,1.05381,0.000133177,measured,0.714286,0.241277,3.66091,0.0619124,1.00192e+25,200.384,0,0
34cl,17,34,146.36,0.03,1919.4,3+,2158.05,0.05,2011.69,2+,3.31e-14,,1,M1,0.899526,0.100474,0,1.81719,2143.34,1.06544,0.00095668,measured,0.714286,1.29783,4.23064,0.28818,1.90957e+24,38.1915,0,0
34cl,17,34,146.36,0.03,1919.4,3+,2181.1,0.08,2034.74,3+,3.49e-13,,1,M1,0.493671,0.506329,0,1.51541,2106.99,1.03551,0.000644294,measured,1,1.1961,4.27911,0.262582,2.51307e+24,50.2613,0,0
34cl,17,34,146.36,0.03,1919.4,3+,2376.5,0.4,2230.14,4+,1.5e-13,,1,M1,0.490758,0.509242,0,1.52681,2301.97,1.03221,0.00144837,measured,1.28571,2.87782,4.69005,0.576418,1.13626e+24,22.7251,0,0
34cl,17,34,146.36,0.03,1919.4,3+,2580.4,0.2,2434.04,1+,3.3e-14,,1,E2,0.97677,0.0232304,0,1.05488,2577,1.05873,0.000258418,measured,0.428571,0.143679,5.11885,0.0263677,3.5952e+25,719.041,0,0
34cl,17,34,146.36,0.03,1919.4,3+,2611.05,0.11,2464.69,3+,1.6e-13,,1,M1,0.528201,0.471799,0,2.01789,2542,1.03137,0.00100052,measured,1,1.26592,5.18331,0.229429,2.16e+24,43.2,0,0
34cl,17,34,146.36,0.03,1919.4,3+,2721.1,0.2,2574.74,2-,1.4e-12,GT,1,E1,0.786482,0.213518,0,1.75073,2689.85,1.04471,11.791,Weisskopf E1,0.714286,9764.73,5.41475,1694.07,3.3717e+20,0.00674339,0,0
34cl,17,34,146.36,0.03,1919.4,3+,3129.13,0.12,2982.77,1+,2.8e-15,LT,1,E2,0.974617,0.0253831,0,1.05071,3125.41,1.04782,0.00124957,Weisskopf E2,0.428571,0.462643,6.27285,0.0692838,1.37368e+25,274.736,0,0
42sc,21,42,616.28,0.06,61.7,7+,1510.36,0.11,894.08,5+,4.4e-11,,1,E2,0,1,0,1,894.08,1,1.0369e-05,measured,0.733333,0.0731123,1.69175,0.040598,2.46318e+25,492.635,0,0
42sc,21,42,616.28,0.06,61.7,7+,2795.3,0.3,2179.02,(5+ 6+),,,1,,0,1,0,1,2179.02,1,,unknown,1,,4.12307,,,,0,0
42sc,21,42,616.28,0.06,61.7,7+,3089.1,0.3,2472.82,5+,2.1e-13,,1,E2,0,1,0,1,2472.82,1,0.00217256,measured,0.733333,2.00259,4.67899,0.402059,2.4872e+24,49.744,0,0
42sc,21,42,616.28,0.06,61.7,7+,3174.66,0.15,2558.38,(5)+,,,0,E2,1,0,0,3.91085,3174.66,1.24089,0.000768858,Weisskopf E2,0.733333,0.662095,4.84088,0.128483,1.99013e+24,39.8026,0,0
42sc,21,42,616.28,0.06,61.7,7+,3224.01,0.2,2607.73,(5+),2.1e-13,GT,0,E2,0.441442,0.558558,0,3.25713,2879.78,1.10433,0.000845929,Weisskopf E2,0.733333,0.701154,4.93426,0.133488,2.29998e+24,45.9996,0,0
42sc,21,42,616.28,0.06,61.7,7+,3285.35,0.14,2669.07,7+,,,1,M1,0,1,0,1.29078,2669.07,1,0.700864,Weisskopf M1,1,756.165,5.05033,140.653,5.50808e+21,0.110162,0,0
42sc,21,42,616.28,0.06,61.7,7+,3546,0.6,2929.72,(5+),,,0,E2,1,0,0,3.87366,3546,1.21035,0.00151409,Weisskopf E2,0.733333,0.994269,5.54352,0.168488,1.53218e+24,30.6436,0,0
42sc,21,42,616.28,0.06,61.7,7+,3603.23,0.1,2986.95,(8-),,,1,E1,0,1,0,1,2986.95,1,21.1941,Weisskopf E1,1.13333,20692.9,5.65181,3439.41,2.90748e+20,0.00581496,0,0
44sc,21,44,271.241,0.01,210996,6+,349.86,0.09,78.619,4+,3.067e-09,,0,E2,1,0,0,0.997427,349.86,4.45007,2.2418e-11,Weisskopf E2,0.692308,1.92994e-05,0.14534,0.000124741,8.0373e+27,160746,0,1
44sc,21,44,271.241,0.01,210996,6+,631.07,0.1,359.829,4-,3.53e-10,,0,M2,1,0,0,2.21048,631.07,1.75381,1.73201e-09,Weisskopf M2,0.692308,7.11803e-05,0.665203,0.000100521,4.50048e+27,90009.5,0,0
44sc,21,44,271.241,0.01,210996,6+,968.33,0.13,697.089,7+,3.5e-12,LT,1,M1,0,1,0,1,697.089,1,0.0124859,Weisskopf M1,1.15385,227.873,1.28868,166.111,6.02009e+21,0.120402,0,0
44sc,21,44,271.241,0.01,210996,6+,1006.53,0.28,735.289,(4-),3.5e-08,LT,0,M2,1,0,0,2.7103,1006.53,1.36889,6.17105e-08,Weisskopf M2,0.692308,0.000607359,1.3593,0.000419739,8.79028e+26,17580.6,0,0
44sc,21,44,271.241,0.01,210996,6+,1051.3,1,780.059,5+,1.7e-13,,0,M1,1,0,0,1.99743,1051.3,1.34772,0.0174959,Weisskopf M1,0.846154,186.997,1.44207,121.814,4.10989e+21,0.0821979,0,0
44sc,21,44,271.241,0.01,210996,6+,1197.49,0.09,926.249,5-,3.5e-08,LT,1,E1,0.76129,0.23871,0,2.33184,1132.74,1.22293,0.651905,Weisskopf E1,0.846154,4941.75,1.71232,2711.1,1.58182e+20,0.00316363,0,0
44sc,21,44,271.241,0.01,210996,6+,1428,4,1156.76,(4)+,,,0,E2,0,0,1,0,0,0,1.54587e-05,Weisskopf E2,0.692308,0.0614737,2.13846,0.0270047,,,0,0
44sc,21,44,271.241,0.01,210996,6+,1506.6,0.9,1235.36,(4 5)+,,,1,,0.230769,0.769231,0,1.24683,1297.95,1.05067,,unknown,1,,2.28376,,,,0,0
44sc,21,44,271.241,0.01,210996,6+,1531.3,1,1260.06,5+,,,1,M1,0,1,0,1,1260.06,1,0.073744,Weisskopf M1,0.846154,302.063,2.32943,121.814,8.20921e+21,0.164184,0,0
44sc,21,44,271.241,0.01,210996,6+,1683.29,0.3,1412.05,(5)-,,,0,E1,1,0,0,2.98415,1683.29,1.19209,2.30967,Weisskopf E1,0.846154,7533.61,2.6104,2711.1,1.23604e+20,0.00247209,0,0
44sc,21,44,271.241,0.01,210996,6+,1755.23,0.09,1483.99,6-,,,1,E1,0.231343,0.768657,0,1.53377,1546.74,1.04228,2.68098,Weisskopf E1,1,9356.96,2.7434,3204.03,2.03491e+20,0.00406981,0,0
44sc,21,44,271.241,0.01,210996,6+,2210.55,0.25,1939.31,(6-),1.62e-10,,0,E1,0.880645,0.119355,0,3.52107,2178.18,1.12317,5.98332,Weisskopf E1,1,12227.9,3.58513,3204.03,8.86399e+19,0.0017728,0,0
44sc,21,44,271.241,0.01,210996,6+,2489,5,2217.76,4-,,,0,M2,0,0,1,0,0,0,1.54043e-05,Weisskopf M2,0.692308,0.0166653,4.09989,0.0038185,,,0,0
44sc,21,44,271.241,0.01,210996,6+,2606.75,0.11,2335.51,7-,1.8e-10,,1,E1,0.697403,0.302597,0,3.18501,2524.67,1.08099,2.36281e-07,measured,1.15385,0.000384164,4.31757,8.3585e-05,3.75631e+27,75126.1,0,0
44sc,21,44,271.241,0.01,210996,6+,2789.47,0.15,2518.23,(7-),,,1,E1,0.527997,0.472003,0,3.00975,2661.44,1.05687,13.1005,Weisskopf E1,1.15385,18320.9,4.65536,3696.96,8.98723e+19,0.00179745,0,0
44sc,21,44,271.241,0.01,210996,6+,2989.19,0.12,2717.95,8-,,,0,M2,0.170787,0.829213,0,2.45015,2764.27,1.01704,4.25868e-05,Weisskopf M2,1.30769,0.0579431,5.02457,0.0108331,3.76751e+25,753.503,0,0
46sc,21,46,142.528,0.007,18.75,1-,227.767,0.009,85.239,3+,2.7e-10,LT,0,M2,1,0,0,1,227.767,2.6721,1.33086e-12,Weisskopf M2,2.33333,3.28499e-06,0.154115,2.00235e-05,4.99412e+28,998825,0,1
46sc,21,46,142.528,0.007,18.75,1-,289.539,0.008,147.011,2-,3.8e-10,LT,1,M1,0.00497512,0.995025,0,1.00498,147.72,1.00482,0.000117113,Weisskopf M1,1.66667,69.4153,0.2658,245.33,4.05596e+21,0.0811193,0,0
46sc,21,46,142.528,0.007,18.75,1-,444.137,0.013,301.609,2+,2.7e-10,LT,1,E1,0.999101,0.000899191,0,1.9991,444.009,1.47213,0.0231848,Weisskopf E1,1.66667,3264.88,0.545318,5624.29,8.89401e+19,0.0017788,0,0
46sc,21,46,142.528,0.007,18.75,1-,584.782,0.013,442.254,3-,4e-12,,1,E2,0.325341,0.674659,0,1.67296,488.624,1.10485,1.51624e-06,measured,2.33333,0.139029,0.799608,0.163335,3.65961e+24,73.1922,0,0
46sc,21,46,142.528,0.007,18.75,1-,991.33,0.04,848.802,1+,,,0,E1,0.999101,0.000899191,0,2.9991,991.202,1.16777,0.516762,Weisskopf E1,1,5512.9,1.53466,3374.58,9.88075e+19,0.00197615,0,0
46sc,21,46,142.528,0.007,18.75,1-,1394.18,0.04,1251.65,2+,,,1,E1,0.991959,0.00804123,0,2.40516,1393.03,1.11296,1.657,Weisskopf E1,1.66667,13549,2.26302,5624.29,7.39246e+19,0.00147849,0,0
46sc,21,46,142.528,0.007,18.75,1-,1427.9,0.04,1285.37,3+ 4+ (2+),,,1,,0,1,0,1,1285.37,1,,unknown,1,,2.32399,,,,0,0
46sc,21,46,142.528,0.007,18.75,1-,1429,4,1286.47,2-,,,0,M1,0,0,1,0,0,0,0.0784792,Weisskopf M1,1.66667,607.443,2.32598,245.33,,,0,0
46sc,21,46,142.528,0.007,18.75,1-,1692.2,0.3,1549.67,3-,,,0,E2,1,0,0,2.08173,1692.2,1.09197,7.0778e-05,Weisskopf E2,2.33333,0.528565,2.80185,0.177216,2.71065e+24,54.2129,0,0
46sc,21,46,142.528,0.007,18.75,1-,1707.83,0.05,1565.3,2-,,,0,M1,0.511339,0.488661,0,2.32566,1638.18,1.04656,0.141367,Weisskopf M1,1.66667,739.101,2.83011,245.33,1.75268e+21,0.0350536,0,0
46sc,21,46,142.528,0.007,18.75,1-,1852,2,1709.47,1+,,,0,E1,0,0,1,0,0,0,4.2214,Weisskopf E1,1,11102.9,3.09078,3374.58,,,0,0
46sc,21,46,142.528,0.007,18.75,1-,1919.88,0.04,1777.35,3+,,,0,M2,0.332012,0.667988,0,2.68609,1824.67,1.02662,5.24573e-06,Weisskopf M2,2.33333,0.029781,3.2135,0.00870584,4.2763e+25,855.259,0,0
46sc,21,46,142.528,0.007,18.75,1-,2043.45,0.04,1900.92,3- (2-),,,1,,0.0248756,0.975124,0,1.37864,1904.47,1.00187,,unknown,1,,3.43692,,,,0,0
46sc,21,46,142.528,0.007,18.75,1-,2070.31,0.09,1927.78,(3)+,,,0,M2,1,0,0,3.52475,2070.31,1.07393,7.8746e-06,Weisskopf M2,2.33333,0.0380008,3.48549,0.0102419,2.77008e+25,554.016,0,0
46sc,21,46,142.528,0.007,18.75,1-,2203.14,0.06,2060.61,3-,,,0,E2,0.468916,0.531084,0,2.61014,2127.45,1.03243,0.000294225,Weisskopf E2,2.33333,1.2427,3.72565,0.31334,1.2227e+24,24.454,0,0
46sc,21,46,142.528,0.007,18.75,1-,2221.71,0.11,2079.18,2+,,,0,E1,0.83479,0.16521,0,2.83548,2198.16,1.05722,7.59536,Weisskopf E1,1.66667,22506.9,3.75922,5624.29,6.27055e+19,0.00125411,0,0
46sc,21,46,142.528,0.007,18.75,1-,2252.8,0.11,2110.27,,,,1,,0,1,0,1,2110.27,1,,unknown,1,,3.81543,,,,0,0
46sc,21,46,142.528,0.007,18.75,1-,2395.97,0.09,2253.44,,,,1,,0.00414594,0.995854,0,1.83748,2254.03,1.00026,,unknown,1,,4.07429,,,,0,0
46sc,21,46,142.528,0.007,18.75,1-,2410.45,0.04,2267.92,3+,,,0,M2,1,0,0,2.55261,2410.45,1.06285,1.77451e-05,Weisskopf M2,2.33333,0.0618733,4.10047,0.0141749,2.76373e+25,552.746,0,0
46sc,21,46,142.528,0.007,18.75,1-,2442.3,0.04,2299.77,3+,,,0,M2,0.654198,0.345802,0,2.28542,2393.01,1.04054,1.90267e-05,Weisskopf M2,2.33333,0.0645169,4.15805,0.0145758,3.00193e+25,600.386,0,0
46sc,21,46,142.528,0.007,18.75,1-,2459.64,0.09,2317.11,,,,1,,0.705827,0.294173,0,2.26508,2417.71,1.04342,,unknown,1,,4.18941,,,,0,0
46sc,21,46,142.528,0.007,18.75,1-,2694.57,0.13,2552.04,,,,1,,0.441341,0.558659,0,1.48277,2614.95,1.02465,,unknown,1,,4.61417,,,,0,0
46sc,21,46,142.528,0.007,18.75,1-,2705.24,0.06,2562.71,3+,,,0,M2,1,0,0,2.53777,2705.24,1.05562,3.26917e-05,Weisskopf M2,2.33333,0.0892726,4.63346,0.0180994,2.17713e+25,435.425,0,0
46sc,21,46,142.528,0.007,18.75,1-,2733,8,2590.47,2+,,,0,E1,0,0,1,0,0,0,14.6895,Weisskopf E1,1.66667,28041.5,4.68365,5624.29,,,0,0
46sc,21,46,142.528,0.007,18.75,1-,2815,6,2672.47,1+,,,0,E1,0,0,1,0,0,0,16.1291,Weisskopf E1,1,17357.5,4.83191,3374.58,,,0,0
46sc,21,46,142.528,0.007,18.75,1-,2940.19,0.11,2797.66,3- 4-,,,1,,0,1,0,1,2797.66,1,,unknown,1,,5.05825,,,,0,0
46sc,21,46,142.528,0.007,18.75,1-,3116,15,2973.47,1+,,,0,E1,0,0,1,0,0,0,22.2158,Weisskopf E1,1,19312.5,5.37612,3374.58,,,0,0
50mn,25,50,225.28,0.09,105,5+,659.17,0.12,433.89,(6+),,,1,M1,0,1,0,1,433.89,1,0.00301087,Weisskopf M1,1.18182,145.274,0.752452,181.367,5.51368e+21,0.110274,0,0
50mn,25,50,225.28,0.09,105,5+,1030.55,0.12,805.27,(7+),,,1,E2,0,1,0,1.13043,805.27,1,2.99702e-06,Weisskopf E2,1.36364,0.0484404,1.3965,0.032585,2.71479e+25,542.959,0,0
50mn,25,50,225.28,0.09,105,5+,1143.28,0.08,918,3+,3.3e-13,,0,E2,1,0,0,2.60253,1143.28,1.2454,5.77026e-06,Weisskopf E2,0.636364,0.0334902,1.592,0.0197618,1.94437e+25,388.873,0,0
50mn,25,50,225.28,0.09,105,5+,1765.4,0.5,1540.12,(3+:7+),,,1,E2,0,1,0,1,1540.12,1,7.66928e-05,Weisskopf E2,0.636364,0.158144,2.67088,0.0556225,1.79783e+25,359.567,0,0
50mn,25,50,225.28,0.09,105,5+,1797.91,0.12,1572.63,(3+),,,1,E2,0.990099,0.00990099,0,2.59382,1795.68,1.14183,8.51363e-05,Weisskopf E2,0.636364,0.168372,2.72726,0.0579955,6.64762e+24,132.952,0,0
50mn,25,50,225.28,0.09,105,5+,1917.11,0.12,1691.83,5+,7e-13,GT,0,M1,0.636943,0.363057,0,3.04979,1835.32,1.08481,0.178494,Weisskopf M1,1,479.307,2.93397,153.465,2.13659e+21,0.0427318,0,0
50mn,25,50,225.28,0.09,105,5+,1931.53,0.1,1706.25,4+,9e-14,LT,0,M1,1,0,0,3.54722,1931.53,1.13203,0.183097,Weisskopf M1,0.818182,395.503,2.95898,125.562,2.2452e+21,0.044904,0,0
50mn,25,50,225.28,0.09,105,5+,2340.11,0.16,2114.83,(3-),,,0,M2,1,0,0,2.60087,2340.11,1.10652,1.32269e-05,Weisskopf M2,0.636364,0.0144649,3.66754,0.00370502,1.03775e+26,2075.49,0,0
50mn,25,50,225.28,0.09,105,5+,2556.98,0.14,2331.7,(5+),,,0,M1,0.652361,0.347639,0,3.45087,2478.66,1.06303,0.467274,Weisskopf M1,1,660.586,4.04364,153.465,1.88827e+21,0.0377653,0,0
50mn,25,50,225.28,0.09,105,5+,2716.16,0.1,2490.88,(4+),,,0,M1,1,0,0,3.14623,2716.16,1.09044,0.569655,Weisskopf M1,0.818182,577.377,4.31969,125.562,2.53134e+21,0.0506269,0,0
52mn,25,52,377.749,0.005,1266,2+,546.438,0.006,168.689,1+,1.85e-09,,1,M1,0,1,0,0.970874,168.689,1,2.46615e-07,measured,0.6,0.0399669,0.28686,0.130882,7.86966e+24,157.393,0,0
52mn,25,52,377.749,0.005,1266,2+,731.66,0.25,353.911,4+,3.6e-12,,1,E2,0.920554,0.079446,0,0.999329,701.649,1.98256,1.00684e-05,measured,1.8,1.11211,0.601834,1.73589,5.76461e+23,11.5292,0,0
52mn,25,52,377.749,0.005,1266,2+,825.2,0.4,447.451,3+,1.7e-13,,1,M1,0,1,0,0.998702,447.451,1,0.00268375,measured,1.4,144.239,0.760901,178.076,5.62289e+21,0.112458,0,0
52mn,25,52,377.749,0.005,1266,2+,884.2,0.3,506.451,3 4+,1.4e-12,,1,,0.0259437,0.974056,0,1.02816,516.251,1.01935,0.0003167,measured,1,9.49021,0.861232,10.3516,9.39575e+22,1.87915,0,0
52mn,25,52,377.749,0.005,1266,2+,886.9,0.3,509.151,1+ 2+,6e-14,,1,,0,1,0,1.09621,509.151,1,0.00685042,measured,1,203.108,0.865823,220.368,4.13959e+21,0.0827918,0,0
52mn,25,52,377.749,0.005,1266,2+,1232.3,0.3,854.551,2+ 3,1.4e-13,,1,,0.260639,0.739361,0,1.40841,953.007,1.11521,0.00196316,measured,1,20.6625,1.45318,13.3571,5.31567e+22,1.06313,0,0
52mn,25,52,377.749,0.005,1266,2+,1417.69,0.018,1039.94,,,,1,,0,1,0,1,1039.94,1,,unknown,1,,1.76844,,,,0,0
52mn,25,52,377.749,0.005,1266,2+,2473.6,0.6,2095.85,0+,3.2e-13,,0,E2,0,1,0,2.09621,2095.85,1,0.000377133,Weisskopf E2,0.2,0.13198,3.56404,0.0347868,1.37135e+25,274.271,0,0
52mn,25,52,377.749,0.005,1266,2+,2631.2,0.5,2253.45,1+,,,0,M1,0,1,0,1.97087,2253.45,1,0.421792,Weisskopf M1,0.6,383.051,3.83205,93.9022,5.40338e+21,0.108068,0,0
52mn,25,52,377.749,0.005,1266,2+,2926,0.5,2548.25,0+,,,0,E2,0,1,0,1.97087,2548.25,1,0.00100208,Weisskopf E2,0.2,0.237221,4.33336,0.0514255,9.86649e+24,197.33,0,0
52mn,25,52,377.749,0.005,1266,2+,3245,10,2867.25,(1+),,,0,M1,0,0,1,0,0,0,0.868862,Weisskopf M1,0.6,487.387,4.87583,93.9022,,,0,0
58mn,25,58,71.77,0.05,65.4,4+,125.69,0.16,53.92,(2+),,,0,E2,1,0,0,1,125.69,2.33105,4.91672e-12,Weisskopf E2,0.555556,7.22115e-06,0.0868201,7.81333e-05,1.27986e+28,255973,0,1
58mn,25,58,71.77,0.05,65.4,4+,169.92,0.15,98.15,(3+),,,1,M1,0.295775,0.704225,0,1.29577,119.378,1.21628,3.48518e-05,Weisskopf M1,0.777778,21.6273,0.158038,128.556,6.00313e+21,0.120063,0,1
58mn,25,58,71.77,0.05,65.4,4+,429.67,0.15,357.9,(3+),,,1,M1,0.310345,0.689655,0,1.31034,380.173,1.06223,0.00168981,Weisskopf M1,0.777778,78.8631,0.576278,128.556,5.93638e+21,0.118728,0,0
58mn,25,58,71.77,0.05,65.4,4+,448.03,0.1,376.26,(5+),3.5e-11,LT,1,M1,0,1,0,1,376.26,1,0.00196344,Weisskopf M1,1.22222,130.285,0.605841,202.017,4.95009e+21,0.0990017,0,0
58mn,25,58,71.77,0.05,65.4,4+,591.22,0.18,519.45,(4+),,,0,M1,0.376792,0.623208,0,2.26175,546.492,1.05206,0.00516636,Weisskopf M1,1,147.164,0.8364,165.286,2.67497e+21,0.0534994,0,0
58mn,25,58,71.77,0.05,65.4,4+,661.11,0.14,589.34,5+,,,1,M1,0.0339338,0.966066,0,1.25874,591.775,1.00413,0.00754487,Weisskopf M1,1.22222,204.067,0.948935,202.017,3.93257e+21,0.0786515,0,0
58mn,25,58,71.77,0.05,65.4,4+,735.38,0.12,663.61,(4+),,,1,M1,0.229954,0.770046,0,2.1192,680.114,1.02487,0.0107719,Weisskopf M1,1,188.005,1.06852,165.286,2.85491e+21,0.0570981,0,0
58mn,25,58,71.77,0.05,65.4,4+,1240.16,0.19,1168.39,(6+),,,0,E2,0.026103,0.973897,0,2.19903,1170.26,1.0016,2.3489e-05,Weisskopf E2,1.44444,0.191026,1.8813,0.0953862,4.76742e+24,95.3483,0,0
58mn,25,58,71.77,0.05,65.4,4+,1250,20,1178.23,(2)+,,,0,E2,0,0,1,0,0,0,2.44949e-05,Weisskopf E2,0.555556,0.0753437,1.89714,0.0373076,,,0,0
58mn,25,58,71.77,0.05,65.4,4+,1338.13,0.19,1266.36,(4),,,1,,0.0337694,0.966231,0,1.46506,1268.78,1.00191,,unknown,1,,2.03905,,,,0,0
58mn,25,58,71.77,0.05,65.4,4+,1350,15,1278.23,3+,,,0,M1,0,0,1,0,0,0,0.0769805,Weisskopf M1,0.777778,281.658,2.05816,128.556,,,0,0
58mn,25,58,71.77,0.05,65.4,4+,1385,15,1313.23,5+,,,0,M1,0,0,1,0,0,0,0.0834788,Weisskopf M1,1.22222,454.724,2.11452,202.017,,,0,0
58mn,25,58,71.77,0.05,65.4,4+,1457.59,0.13,1385.82,(5),,,1,,0.0648054,0.935195,0,2.11414,1390.47,1.00336,,unknown,1.22222,,2.2314,,,,0,0
58mn,25,58,71.77,0.05,65.4,4+,1470,15,1398.23,(4)+,,,0,M1,0,0,1,0,0,0,0.10076,Weisskopf M1,1,396.128,2.25138,165.286,,,0,0
58mn,25,58,71.77,0.05,65.4,4+,1535,20,1463.23,(4)+,,,0,M1,0,0,1,0,0,0,0.115476,Weisskopf M1,1,414.543,2.35604,165.286,,,0,0
60mn,25,60,271.8,0.1,1.77,4+,347.59,0.16,75.79,(2+),,,0,E2,1,0,0,1,347.59,4.58623,2.82239e-11,Weisskopf E2,0.555556,2.09809e-05,0.119983,0.000164268,6.08761e+27,121752,0,1
60mn,25,60,271.8,0.1,1.77,4+,407.47,0.13,135.67,(3+),,,1,M1,0.820106,0.179894,0,1.29101,358.575,2.64299,9.20461e-05,Weisskopf M1,0.777778,29.8948,0.214779,130.754,5.92404e+21,0.118481,0,0
60mn,25,60,271.8,0.1,1.77,4+,726.4,0.13,454.6,(5+),,,1,M1,0,1,0,1,454.6,1,0.00346292,Weisskopf M1,1.22222,157.411,0.719678,205.47,4.86689e+21,0.0973377,0,0
60mn,25,60,271.8,0.1,1.77,4+,733.91,0.12,462.11,(4),,,1,,0.0269667,0.973033,0,1.04245,469.44,1.01586,,unknown,1,,0.731567,,,,0,0
60mn,25,60,271.8,0.1,1.77,4+,836.48,0.13,564.68,(5),,,1,,0.00556456,0.994435,0,1.21511,566.192,1.00268,,unknown,1.22222,,0.893946,,,,0,0
60mn,25,60,271.8,0.1,1.77,4+,1090.46,0.16,818.66,(6+),,,1,E2,0,1,0,1.45355,818.66,1,4.15026e-06,Weisskopf E2,1.44444,0.0687498,1.29602,0.0498322,1.38057e+25,276.115,0,0
52fe,26,52,6958,0.4,45.9,12+,7381.9,0.4,423.9,(10+),,,0,E2,1,0,0,5,7381.9,17.4142,1.27647e-07,Weisskopf E2,0.84,0.00458633,0.720852,0.00597682,3.34626e+25,669.252,0,0
53fe,26,53,3040.4,0.3,152.4,19/2-,3462.7,0.6,422.3,15/2-,,,0,E2,1,0,0,3.60683,3462.7,8.19962,1.28478e-07,Weisskopf E2,0.8,0.00442975,0.711324,0.00585009,4.73928e+25,947.856,0,0
53fe,26,53,3040.4,0.3,152.4,19/2-,4005.4,0.5,965,17/2-,,,1,M1,0.453552,0.546448,0,2.63588,2343.98,2.42899,0.0331235,Weisskopf M1,0.9,246.052,1.62545,142.201,2.6679e+21,0.0533581,0,0
53fe,26,53,3040.4,0.3,152.4,19/2-,4555,0.5,1514.6,15/2-,,,0,E2,1,0,0,3.28989,4555,3.00739,7.62453e-05,Weisskopf E2,0.8,0.204367,2.5512,0.0752517,4.03927e+24,80.7853,0,0
53fe,26,53,3040.4,0.3,152.4,19/2-,4931.1,1,1890.7,(15/2-),,,0,E2,1,0,0,3.11175,4931.1,2.60808,0.000231119,Weisskopf E2,0.8,0.397543,3.1847,0.117264,2.7405e+24,54.8101,0,0
53fe,26,53,3040.4,0.3,152.4,19/2-,5339.5,0.6,2299.1,17/2-,,,0,M1,0.943144,0.0568559,0,4.20111,5166.64,2.24724,0.447948,Weisskopf M1,0.9,586.215,3.87261,142.201,1.67391e+21,0.0334783,0,0
53fe,26,53,3040.4,0.3,152.4,19/2-,5897.2,0.7,2856.8,15/2-,,,0,E2,0.889349,0.110651,0,4.03163,5560.78,1.9465,0.00182021,Weisskopf E2,0.8,1.37137,4.81201,0.267719,9.26487e+23,18.5297,0,0
54co,27,54,197.1,0.4,88.8,7+,1887,0.3,1689.9,5+,,,1,E2,0,1,0,1,1689.9,1,0.000135161,Weisskopf E2,0.733333,0.266768,2.82,0.0888662,1.12529e+25,225.057,0,0
54co,27,54,197.1,0.4,88.8,7+,2082.8,0.3,1885.7,(5+),,,0,E2,0.704225,0.295775,0,3.32838,2024.5,1.07361,0.000233835,Weisskopf E2,0.733333,0.370654,3.14673,0.110652,2.71524e+24,54.3047,0,0
54co,27,54,197.1,0.4,88.8,7+,2086,0.5,1888.9,(5+),,,0,E2,0,0,1,0,0,0,0.000235826,Weisskopf E2,0.733333,0.372545,3.15207,0.111028,,,0,0
54co,27,54,197.1,0.4,88.8,7+,2149.3,0.5,1952.2,5+,,,1,E2,0,1,0,1,1952.2,1,0.000278079,Weisskopf E2,0.733333,0.411267,3.25771,0.118594,8.43212e+24,168.642,0,0
54co,27,54,197.1,0.4,88.8,7+,2911.6,0.4,2714.5,(6+),,,0,M1,0.513208,0.486792,0,3.7582,2815.65,1.03726,0.737265,Weisskopf M1,0.866667,666.498,4.52978,138.22,1.92508e+21,0.0385016,0,0
54co,27,54,197.1,0.4,88.8,7+,2979,5,2781.9,,,,1,,0,1,0,1,2781.9,1,,unknown,1,,4.64225,,,,0,0
54co,27,54,197.1,0.4,88.8,7+,3170.5,1.8,2973.4,(9+),,,1,E2,0,1,0,1,2973.4,1,0.00227936,Weisskopf E2,1.26667,2.50999,4.96182,0.475206,2.10435e+24,42.087,0,0
58co,27,58,24.95,0.06,31870.8,5+,53.15,0.07,28.2,4+,1.05e-05,,1,M1,0.237641,0.762359,0,0.0487555,34.1291,1.21025,3.31254e-11,measured,0.818182,0.000261949,0.0454066,0.00541935,3.78468e+27,75693.5,1,1
58co,27,58,24.95,0.06,31870.8,5+,111.76,0.07,86.81,3+,1.4e-10,,0,E2,0.680985,0.319015,0,0.940261,103.801,1.19572,5.31832e-11,Weisskopf E2,0.636364,3.45178e-05,0.139778,0.000231982,4.58456e+27,91691.1,0,1
58co,27,58,24.95,0.06,31870.8,5+,365.66,0.07,340.71,3+,1.1e-12,,0,E2,0.989717,0.0102832,0,1.00723,365.403,1.07248,4.9528e-08,Weisskopf E2,0.636364,0.00208684,0.548599,0.00357342,2.77835e+26,5556.7,0,0
58co,27,58,24.95,0.06,31870.8,5+,373.93,0.1,348.98,5+,8e-13,,1,M1,0.223983,0.776017,0,1.04383,354.568,1.01601,3.27757e-05,measured,1,2.06849,0.561915,3.45807,2.77036e+23,5.54072,0,0
58co,27,58,24.95,0.06,31870.8,5+,457.5,0.08,432.55,4+,9e-13,,1,M1,0.122665,0.877335,0,1.16223,435.611,1.00708,0.00041628,measured,0.818182,13.9915,0.696477,18.8716,4.55931e+22,0.911862,0,0
58co,27,58,24.95,0.06,31870.8,5+,885.63,0.1,860.68,3+ 4+,1.5e-13,,1,,0.554038,0.445962,0,1.80378,874.503,1.01606,0.000390292,measured,1,4.04957,1.38584,2.74503,2.01962e+23,4.03924,0,0
58co,27,58,24.95,0.06,31870.8,5+,1040.12,0.12,1015.17,3+,1.4e-13,,0,E2,0.593163,0.406837,0,1.77216,1029.97,1.01458,1.16311e-05,Weisskopf E2,0.636364,0.0552015,1.63459,0.0317243,1.77871e+25,355.742,0,0
58co,27,58,24.95,0.06,31870.8,5+,1044.26,0.1,1019.31,(3+),1.2e-12,GT,0,E2,0.936631,0.0633686,0,1.17666,1042.68,1.02293,1.18702e-05,Weisskopf E2,0.636364,0.0558796,1.64126,0.0319836,2.65718e+25,531.436,0,0
58co,27,58,24.95,0.06,31870.8,5+,1075.5,0.3,1050.55,6+,6.9e-14,LT,1,M1,0.029722,0.970278,0,1.13851,1051.29,1.00071,0.042737,Weisskopf M1,1.18182,351.742,1.69156,195.338,4.4965e+21,0.0899299,0,0
58co,27,58,24.95,0.06,31870.8,5+,1184.63,0.12,1159.68,5+,9.7e-14,,1,M1,0.133764,0.866236,0,1.81162,1163.02,1.00288,0.000486567,measured,1,2.7808,1.86728,1.39898,3.94567e+23,7.89133,0,0
58co,27,58,24.95,0.06,31870.8,5+,1418.12,0.17,1393.17,(5)+,,,0,M1,0.223983,0.776017,0,2.04383,1398.76,1.00401,0.0996704,Weisskopf M1,1,394.694,2.24323,165.286,2.96018e+21,0.0592036,0,0
58co,27,58,24.95,0.06,31870.8,5+,1424,8,1399.05,(3+),,,0,E2,0,0,1,0,0,0,5.78219e-05,Weisskopf E2,0.636364,0.144489,2.2527,0.0602533,,,0,0
58co,27,58,24.95,0.06,31870.8,5+,1424.6,0.17,1399.65,(6+),7.6e-14,,1,M1,0.200702,0.799298,0,1.93533,1404.66,1.00358,0.000623981,measured,1.18182,2.89325,2.25367,1.206,4.28447e+23,8.56895,0,0
58co,27,58,24.95,0.06,31870.8,5+,1513.32,0.13,1488.37,(3+ 4 5+),,,1,,0.490694,0.509306,0,1.73241,1500.61,1.00823,,unknown,1,,2.39652,,,,0,0
58co,27,58,24.95,0.06,31870.8,5+,1548.81,0.21,1523.86,5+,,,0,M1,0.379266,0.620734,0,2.58202,1533.32,1.00621,0.130433,Weisskopf M1,1,431.72,2.45367,165.286,2.34317e+21,0.0468633,0,0
58co,27,58,24.95,0.06,31870.8,5+,1605.62,0.15,1580.67,3+,,,0,E2,0.758979,0.241021,0,1.69991,1599.61,1.01198,0.000106447,Weisskopf E2,0.636364,0.208381,2.54514,0.0769125,7.64849e+24,152.97,0,0
58co,27,58,24.95,0.06,31870.8,5+,1669.9,1,1644.95,3+,,,0,E2,0.884919,0.115081,0,2.36897,1667.03,1.01342,0.000129924,Weisskopf E2,0.636364,0.234851,2.64864,0.0832952,5.06781e+24,101.356,0,0
58co,27,58,24.95,0.06,31870.8,5+,1843,4,1818.05,3+,,,0,E2,0,0,1,0,0,0,0.000214267,Weisskopf E2,0.636364,0.317068,2.92736,0.101748,,,0,0
58co,27,58,24.95,0.06,31870.8,5+,1929.03,0.21,1904.08,(7+),2.77e-13,,0,E2,0.207002,0.792998,0,2.69409,1909.24,1.00271,0.000269993,Weisskopf E2,1.36364,0.780518,3.06588,0.239154,1.55207e+24,31.0413,0,0
58co,27,58,24.95,0.06,31870.8,5+,1978.8,1,1953.85,3+,,,0,E2,0.936631,0.0633686,0,2.17666,1977.22,1.01196,0.000307172,Weisskopf E2,0.636364,0.393557,3.14602,0.117516,3.90942e+24,78.1883,0,0
58co,27,58,24.95,0.06,31870.8,5+,2070,6,2045.05,4+,,,0,M1,0,0,1,0,0,0,0.315258,Weisskopf M1,0.818182,474.035,3.29287,135.234,,,0,0
58co,27,58,24.95,0.06,31870.8,5+,2080.5,0.3,2055.55,(6+),,,0,M1,0.133764,0.866236,0,2.81162,2058.89,1.00162,0.320139,Weisskopf M1,1.18182,688.233,3.30977,195.338,1.82077e+21,0.0364154,0,0
58co,27,58,24.95,0.06,31870.8,5+,2166,6,2141.05,3+,,,0,E2,0,0,1,0,0,0,0.000485356,Weisskopf E2,0.636364,0.517863,3.44744,0.141113,,,0,0
58co,27,58,24.95,0.06,31870.8,5+,2314.1,0.3,2289.15,(7+),1.6e-13,,0,E2,0.029722,0.970278,0,2.13851,2289.89,1.00032,0.000678105,Weisskopf E2,1.36364,1.35628,3.68591,0.345666,1.35279e+24,27.0559,0,0
58co,27,58,24.95,0.06,31870.8,5+,2415.2,0.3,2390.25,(7+),,,0,E2,0.200702,0.799298,0,2.93533,2395.26,1.00209,0.000841671,Weisskopf E2,1.36364,1.54404,3.8487,0.376872,9.03958e+23,18.0792,0,0
58co,27,58,24.95,0.06,31870.8,5+,2425.5,0.3,2400.55,(7+),,,0,E2,0.200702,0.799298,0,2.93533,2405.56,1.00209,0.000859963,Weisskopf E2,1.36364,1.56408,3.86528,0.380127,8.96218e+23,17.9244,0,0
58co,27,58,24.95,0.06,31870.8,5+,2631,8,2606.05,3+,,,0,E2,0,0,1,0,0,0,0.0012967,Weisskopf E2,0.636364,0.933862,4.19617,0.209064,,,0,0
58co,27,58,24.95,0.06,31870.8,5+,2692,8,2667.05,7+,,,0,E2,0,0,1,0,0,0,0.00145573,Weisskopf E2,1.36364,2.14497,4.29439,0.469213,,,0,0
58co,27,58,24.95,0.06,31870.8,5+,2695.3,0.3,2670.35,(6+),,,1,M1,0.0531269,0.946873,0,1.51229,2671.68,1.0005,0.701873,Weisskopf M1,1.18182,894.078,4.2997,195.338,3.38514e+21,0.0677027,0,0
58co,27,58,24.95,0.06,31870.8,5+,2735.55,0.25,2710.6,(6+),1.7e-13,,1,M1,0.0941131,0.905887,0,2.10823,2712.95,1.00087,0.000156988,measured,1.18182,0.194084,4.36451,0.0417739,1.13547e+25,227.094,0,0
58co,27,58,24.95,0.06,31870.8,5+,2741,15,2716.05,5+,,,0,M1,0,0,1,0,0,0,0.738528,Weisskopf M1,1,769.475,4.37329,165.286,,,0,0
58co,27,58,24.95,0.06,31870.8,5+,2931,9,2906.05,7+,,,0,E2,0,0,1,0,0,0,0.00223584,Weisskopf E2,1.36364,2.77483,4.67922,0.557075,,,0,0
60co,27,60,58.59,0.01,628.02,2+,277.2,0.02,218.61,4+,,,0,E2,1,0,0,0.993049,277.2,1.26801,5.63517e-09,Weisskopf E2,1.8,0.00163133,0.346082,0.00442807,2.27413e+26,4548.26,0,0
60co,27,60,58.59,0.01,628.02,2+,288.4,0.02,229.81,3+,,,1,M1,0,1,0,0.986193,229.81,1,0.000447364,Weisskopf M1,1.4,91.1494,0.363813,235.357,4.30835e+21,0.0861671,0,0
60co,27,60,58.59,0.01,628.02,2+,506.2,0.03,447.61,3+,,,1,M1,0,1,0,1.0036,447.61,1,0.00330562,Weisskopf M1,1.4,177.535,0.708612,235.357,4.23362e+21,0.0846724,0,0
60co,27,60,58.59,0.01,628.02,2+,542.82,0.02,484.23,2+,,,1,M1,0,1,0,1.6068,484.23,1,0.00418513,Weisskopf M1,1,137.186,0.766585,168.112,3.70202e+21,0.0740404,0,0
60co,27,60,58.59,0.01,628.02,2+,614.55,0.02,555.96,3+,,,1,M1,0.0354651,0.964535,0,1.03441,558.038,1.00374,0.00633409,Weisskopf M1,1.4,220.51,0.880141,235.357,4.10753e+21,0.0821507,0,0
60co,27,60,58.59,0.01,628.02,2+,738.8,0.02,680.21,1+,,,1,M1,0,1,0,1.6655,680.21,1,0.0116007,Weisskopf M1,0.6,115.625,1.07684,100.867,5.95258e+21,0.119052,0,0
60co,27,60,58.59,0.01,628.02,2+,785.71,0.01,727.12,4+,3.2e-12,LT,0,E2,0.548375,0.451625,0,1.48175,759.249,1.04419,2.29397e-06,Weisskopf E2,1.8,0.0600276,1.1511,0.0489876,1.37765e+25,275.53,0,0
60co,27,60,58.59,0.01,628.02,2+,1003.91,0.02,945.32,(3 4),,,1,,0.234436,0.765564,0,1.66691,959.056,1.01453,,unknown,1,,1.49654,,,,0,0
60co,27,60,58.59,0.01,628.02,2+,1341.86,0.03,1283.27,3+,,,1,M1,0.0416926,0.958307,0,1.53993,1285.71,1.0019,0.0778947,Weisskopf M1,1.4,508.983,2.03155,235.357,2.75912e+21,0.0551825,0,0
60co,27,60,58.59,0.01,628.02,2+,1380.97,0.04,1322.38,3+,,,0,M1,1,0,0,1.99305,1380.97,1.04431,0.0852359,Weisskopf M1,1.4,524.495,2.09346,235.357,2.13184e+21,0.0426369,0,0
60co,27,60,58.59,0.01,628.02,2+,1451.21,0.03,1392.62,4+,,,0,E2,0.227688,0.772312,0,2.55488,1405.96,1.00958,5.91181e-05,Weisskopf E2,1.8,0.421726,2.20466,0.179696,2.17816e+24,43.5632,0,0
60co,27,60,58.59,0.01,628.02,2+,1515.8,0.03,1457.21,4+,,,0,E2,0.872242,0.127758,0,1.22932,1508.31,1.03507,7.41597e-05,Weisskopf E2,1.8,0.483169,2.30691,0.196752,4.13444e+24,82.6889,0,0
60co,27,60,58.59,0.01,628.02,2+,1565.94,0.03,1507.35,2,,,1,,0.00434116,0.995659,0,1.35469,1507.6,1.00017,,unknown,1,,2.38629,,,,0,0
60co,27,60,58.59,0.01,628.02,2+,1686.21,0.05,1627.62,1+,,,0,M1,0,1,0,2.6655,1627.62,1,0.158933,Weisskopf M1,0.6,276.669,2.57669,100.867,3.71939e+21,0.0743877,0,0
60co,27,60,58.59,0.01,628.02,2+,1709.68,0.13,1651.09,,,,1,,0,1,0,1,1651.09,1,,unknown,1,,2.61384,,,,0,0
60co,27,60,58.59,0.01,628.02,2+,1749.29,0.03,1690.7,3+,,,1,M1,0.438419,0.561581,0,1.80896,1716.39,1.01519,0.178137,Weisskopf M1,1.4,670.581,2.67655,235.357,2.34879e+21,0.0469758,0,0
60co,27,60,58.59,0.01,628.02,2+,1808.63,0.15,1750.04,4-,,,0,M2,1,0,0,1,1808.63,1.03348,5.79573e-06,Weisskopf M2,1.8,0.0261811,2.77049,0.00887731,1.12647e+26,2252.94,0,0
60co,27,60,58.59,0.01,628.02,2+,1830.8,0.02,1772.21,4+,,,0,E2,1,0,0,1.06583,1830.8,1.03306,0.000197303,Weisskopf E2,1.8,0.869117,2.80559,0.291008,3.22408e+24,64.4817,0,0
60co,27,60,58.59,0.01,628.02,2+,1833.23,0.04,1774.64,,,,1,,0,1,0,1,1774.64,1,,unknown,1,,2.80943,,,,0,0
60co,27,60,58.59,0.01,628.02,2+,1852.71,0.04,1794.12,4+,,,0,E2,1,0,0,1,1852.71,1.03266,0.000209804,Weisskopf E2,1.8,0.901752,2.84027,0.298248,3.35292e+24,67.0583,0,0
60co,27,60,58.59,0.01,628.02,2+,1877.15,0.05,1818.56,2,,,1,,0.00520477,0.994795,0,1.15181,1818.86,1.00017,,unknown,1,,2.87896,,,,0,0
60co,27,60,58.59,0.01,628.02,2+,1888.9,0.04,1830.31,4+,,,0,E2,0.305063,0.694937,0,1.93778,1848.18,1.00977,0.000231836,Weisskopf E2,1.8,0.957429,2.89757,0.310401,1.66254e+24,33.2507,0,0
60co,27,60,58.59,0.01,628.02,2+,2080.77,0.11,2022.18,,,,1,,0,1,0,1,2022.18,1,,unknown,1,,3.20132,,,,0,0
60co,27,60,58.59,0.01,628.02,2+,2133.44,0.07,2074.85,3 4,,,1,,0,1,0,1.40608,2074.85,1,,unknown,1,,3.2847,,,,0,0
60co,27,60,58.59,0.01,628.02,2+,2221.56,0.09,2162.97,4+,,,0,E2,0.569761,0.430239,0,1.92733,2196.35,1.01543,0.00053433,Weisskopf E2,1.8,1.5801,3.4242,0.433486,1.19693e+24,23.9386,0,0
60co,27,60,58.59,0.01,628.02,2+,2230.44,0.1,2171.85,,,,1,,0,1,0,1,2171.85,1,,unknown,1,,3.43826,,,,0,0
60co,27,60,58.59,0.01,628.02,2+,2324.3,0.4,2265.71,,,,1,,0,1,0,1,2265.71,1,,unknown,1,,3.58685,,,,0,0
60co,27,60,58.59,0.01,628.02,2+,2560,0.3,2501.41,,,,1,,0,1,0,1,2501.41,1,,unknown,1,,3.95999,,,,0,0
60co,27,60,58.59,0.01,628.02,2+,2585.73,0.07,2527.14,,,,1,,0.130513,0.869487,0,1.47863,2534.79,1.00303,,unknown,1,,4.00072,,,,0,0
60co,27,60,58.59,0.01,628.02,2+,2598.07,0.11,2539.48,3+,,,0,M1,0,1,0,1.98619,2539.48,1,0.603654,Weisskopf M1,1.4,1007.23,4.02025,235.357,2.1392e+21,0.042784,0,0
60co,27,60,58.59,0.01,628.02,2+,2785.77,0.15,2727.18,3 4,,,1,,0,1,0,1,2727.18,1,,unknown,1,,4.3174,,,,0,0
60co,27,60,58.59,0.01,628.02,2+,2920.4,0.4,2861.81,,,,1,,0,1,0,1.42265,2861.81,1,,unknown,1,,4.53054,,,,0,0
62co,27,62,22,5,831.6,(5)+,609.71,0.14,587.71,(5)+,,,1,M1,0,1,0,1,587.71,1,0.00748244,Weisskopf M1,1,166.502,0.915275,170.891,5.85169e+21,0.117034,0,0
62co,27,62,22,5,831.6,(5)+,1216.3,0.15,1194.3,(6),,,1,,0,1,0,1.24812,1194.3,1,,unknown,1.18182,,1.85995,,,,0,0
62co,27,62,22,5,831.6,(5)+,2344,10,2322,(7+),,,0,E2,0,0,1,0,0,0,0.000795894,Weisskopf E2,1.36364,1.54715,3.61619,0.401913,,,0,0
62co,27,62,22,5,831.6,(5)+,2880,20,2858,(7+),,,0,E2,0,0,1,0,0,0,0.00224831,Weisskopf E2,1.36364,2.88491,4.45093,0.608881,,,0,0
69ni,28,69,321,2,3.5,(1/2-),915.3,0.05,594.3,(5/2-),1.2e-10,,1,E2,0,1,0,0.999026,594.3,1,3.80198e-06,measured,3,0.248212,0.877335,0.265771,3.7663e+24,75.3261,0,0
69ni,28,69,321,2,3.5,(1/2-),1517.4,0.05,1196.4,(5/2-),,,1,E2,0,1,0,1.44091,1196.4,1,3.33326e-05,Weisskopf E2,3,0.536959,1.76619,0.285598,2.43001e+24,48.6002,0,0
71ni,28,71,498.5,0.6,2.3,(1/2-),812.8,0.5,314.3,(5/2+),,,0,M2,1,0,0,1,812.8,2.58606,1.21151e-09,Weisskopf M2,3,0.00028279,0.457404,0.000580784,1.72181e+27,34436.2,0,0
71ni,28,71,498.5,0.6,2.3,(1/2-),1065.4,0.6,566.9,(5/2-),,,1,E2,0.0825688,0.917431,0,1.08257,608.061,1.07261,8.27114e-07,Weisskopf E2,3,0.059344,0.825015,0.0675718,1.36703e+25,273.407,0,0
71ni,28,71,498.5,0.6,2.3,(1/2-),1272.9,0.7,774.4,(5/2-),,,1,E2,0,1,0,1,774.4,1,3.93423e-06,Weisskopf E2,3,0.15127,1.12699,0.126091,7.93079e+24,158.616,0,0
68cu,29,68,721.26,0.08,225,6-,956.3,1.2,235.04,4-,,,0,E2,1,0,0,3.41885,956.3,4.06867,9.56627e-09,Weisskopf E2,0.692308,0.000921428,0.34952,0.00247651,1.18108e+26,2362.16,0,0
68cu,29,68,721.26,0.08,225,6-,1350,6,628.74,(5-),,,0,M1,0,0,1,0,0,0,0.00916151,Weisskopf M1,0.846154,150.722,0.934977,151.435,,,0,0
70cu,29,70,101.1,0.3,33,3-,228.5,0.4,127.4,4-,,,1,M1,0,1,0,0.972668,127.4,1,7.62188e-05,Weisskopf M1,1.28571,46.4056,0.186726,233.462,4.40371e+21,0.0880742,0,0
70cu,29,70,101.1,0.3,33,3-,242.6,0.5,141.5,1+,6.6,,1,M2,0,1,0,0.856091,141.5,1,6.91269e-17,measured,0.428571,1.13726e-11,0.207392,5.15133e-11,2.26757e+34,4.53514e+11,0,0
70cu,29,70,101.1,0.3,33,3-,320.7,0.5,219.6,(2+),,,0,E1,1,0,0,0.905633,78.1,0.355647,0.0118394,Weisskopf E1,0.714286,1347.84,0.32186,3933.88,2.8069e+20,0.00561379,0,0
70cu,29,70,101.1,0.3,33,3-,368.9,0.4,267.8,(2-),,,1,M1,0.373572,0.626428,0,1.23527,214.94,0.802612,0.000707922,Weisskopf M1,0.714286,54.1925,0.392506,129.701,6.24155e+21,0.124831,0,0
70cu,29,70,101.1,0.3,33,3-,511,3,409.9,5-,,,0,E2,1,0,0,1,511,1.24665,1.60402e-07,Weisskopf E2,1.57143,0.0115306,0.600777,0.0180297,5.54641e+25,1109.28,0,0
70cu,29,70,101.1,0.3,33,3-,697.7,0.5,596.6,(1+),,,0,M2,1,0,0,1.39685,455.1,0.762823,2.95744e-08,Weisskopf M2,0.428571,0.0002737,0.874417,0.00029404,2.43469e+27,48693.7,0,0
70cu,29,70,101.1,0.3,33,3-,1278.4,0.5,1177.3,(1+),,,0,M2,1,0,0,1.4101,1035.8,0.87981,8.84983e-07,Weisskopf M2,0.428571,0.00210323,1.72553,0.00114502,6.19349e+26,12387,0,0
70cu,29,70,101.1,0.3,33,3-,1520.4,0.5,1419.3,(1+),,,0,M2,0.895585,0.104415,0,1.20588,1292.57,0.910713,2.25357e-06,Weisskopf M2,0.428571,0.00368509,2.08022,0.00166414,4.98319e+26,9966.37,0,0
70cu,29,70,101.1,0.3,33,3-,1980.1,0.5,1879,(1+),,,0,M2,0.373572,0.626428,0,2.23488,1826.14,0.971868,9.16501e-06,Weisskopf M2,0.428571,0.00855078,2.75399,0.00291672,1.53409e+26,3068.19,0,0
70cu,29,70,242.6,0.5,6.6,1+,320.7,0.5,78.1,(2+),,,1,M1,0,1,0,0.905633,78.1,1,1.75593e-05,Weisskopf M1,1.66667,36.8771,0.114469,302.636,3.64861e+21,0.0729721,0,1
70cu,29,70,242.6,0.5,6.6,1+,368.9,0.4,126.3,(2-),,,1,E1,0.626428,0.373572,0,1.23527,214.94,1.70182,0.00225238,Weisskopf E1,1.66667,1808.78,0.185114,9179.06,8.81939e+19,0.00176388,0,0
70cu,29,70,242.6,0.5,6.6,1+,628.3,0.5,385.7,,,,1,,0,1,0,1,385.7,1,,unknown,1,,0.565308,,,,0,0
70cu,29,70,242.6,0.5,6.6,1+,697.7,0.5,455.1,(1+),,,1,M1,0,1,0,1.39685,455.1,1,0.00347436,Weisskopf M1,1,128.933,0.667025,181.582,3.94256e+21,0.0788512,0,0
70cu,29,70,242.6,0.5,6.6,1+,938.8,0.5,696.2,,,,1,,0,1,0,1.63033,696.2,1,,unknown,1,,1.0204,,,,0,0
70cu,29,70,242.6,0.5,6.6,1+,1278.4,0.5,1035.8,(1+),,,1,M1,1.11022e-16,1,0,1.4101,1035.8,1,0.040962,Weisskopf M1,1,293.449,1.51814,181.582,3.90551e+21,0.0781102,0,0
70cu,29,70,242.6,0.5,6.6,1+,1520.4,0.5,1277.8,(1+),,,1,M1,0.104415,0.895585,0,1.20588,1292.57,1.01156,0.0769029,Weisskopf M1,1,362.009,1.87283,181.582,4.56693e+21,0.0913385,0,0
70cu,29,70,242.6,0.5,6.6,1+,1980.1,0.5,1737.5,(1+),,,0,M1,0.626428,0.373572,0,2.23488,1826.14,1.05102,0.193343,Weisskopf M1,1,492.245,2.5466,181.582,2.46419e+21,0.0492838,0,0
69zn,30,69,438.636,0.018,49489.2,9/2+,531.3,0.13,92.664,5/2-,,,0,M2,1,0,0,1,531.3,5.73362,2.64782e-12,Weisskopf M2,0.6,1.42207e-06,0.136795,9.76563e-06,1.024e+29,2.048e+06,0,1
69zn,30,69,438.636,0.018,49489.2,9/2+,872,5,433.364,5/2+,,,1,E2,0,1,0,1,433.364,1,2.07851e-07,Weisskopf E2,0.6,0.00510388,0.639753,0.00749442,1.33433e+26,2668.65,0,0
69zn,30,69,438.636,0.018,49489.2,9/2+,1180.73,0.14,742.094,5/2-,,,0,M2,1,0,0,1.49283,1180.73,1.59108,8.72224e-08,Weisskopf M2,0.6,0.000730406,1.09552,0.00062632,1.06953e+27,21390.6,0,0
69zn,30,69,438.636,0.018,49489.2,9/2+,1458.3,0.5,1019.66,5/2-,,,0,M2,1,0,0,1,1458.3,1.43018,4.27188e-07,Weisskopf M2,0.6,0.00189478,1.50528,0.00118248,8.45683e+26,16913.7,0,0
69zn,30,69,438.636,0.018,49489.2,9/2+,1633.2,0.6,1194.56,5/2+,,,0,E2,1,0,0,1,1633.2,1.36719,3.30776e-05,Weisskopf E2,0.6,0.106898,1.76347,0.0569444,1.7561e+25,351.22,0,0
69zn,30,69,438.636,0.018,49489.2,9/2+,2032.8,0.3,1594.16,5/2-,,,0,M2,1,0,0,2.06489,2032.8,1.27515,3.99023e-06,Weisskopf M2,0.6,0.0072408,2.35338,0.00289031,1.67556e+26,3351.11,0,0
69zn,30,69,438.636,0.018,49489.2,9/2+,2085,10,1646.36,5/2-,,,0,M2,0,0,1,0,0,0,4.68773e-06,Weisskopf M2,0.6,0.00797563,2.43044,0.00308269,,,0,0
69zn,30,69,438.636,0.018,49489.2,9/2+,2410,0.5,1971.36,5/2+,,,0,E2,0,0,1,0,0,0,0.000404876,Weisskopf E2,0.6,0.480443,2.91023,0.155084,,,0,0
69zn,30,69,438.636,0.018,49489.2,9/2+,3014,10,2575.36,5/2+,,,0,E2,0,0,1,0,0,0,0.00154057,Weisskopf E2,0.6,1.07117,3.80188,0.264673,,,0,0
71zn,30,71,155.62,0.06,14932.8,9/2+,284.23,0.21,128.61,(5/2)+,4e-08,AP,1,E2,0,1,0,0.797448,128.61,1,4.97058e-10,Weisskopf E2,0.6,0.000138584,0.187167,0.000695556,1.80287e+27,36057.5,0,0
71zn,30,71,155.62,0.06,14932.8,9/2+,353,0.8,197.38,(7/2+),,,1,M1,0,1,0,1,197.38,1,0.000283441,Weisskopf M1,0.8,44.7353,0.287249,146.299,6.8353e+21,0.136706,0,0
71zn,30,71,155.62,0.06,14932.8,9/2+,468.4,0.8,312.78,5/2-,2e-11,GE,0,M2,1,0,0,0.997566,468.4,1.49754,1.1825e-09,Weisskopf M2,0.6,5.57413e-05,0.455192,0.000115036,8.71414e+27,174283,0,0
71zn,30,71,155.62,0.06,14932.8,9/2+,853,5,697.38,(5/2)+,,,0,E2,0,0,1,0,0,0,2.33013e-06,Weisskopf E2,0.6,0.0220951,1.0149,0.0204513,,,0,0
71zn,30,71,155.62,0.06,14932.8,9/2+,1135.8,0.8,980.18,(11/2+),,,1,M1,0,1,0,1.5,980.18,1,0.0347113,Weisskopf M1,1.2,333.23,1.42646,219.449,3.03791e+21,0.0607583,0,0
71zn,30,71,155.62,0.06,14932.8,9/2+,1146.8,0.9,991.18,(13/2+),,,1,E2,0,1,0,1,991.18,1,1.35144e-05,Weisskopf E2,1.4,0.14802,1.44247,0.0963972,1.03737e+25,207.475,0,0
71zn,30,71,155.62,0.06,14932.8,9/2+,1261.2,0.5,1105.58,(5/2)+,,,0,E2,1,0,0,2.17291,1261.2,1.14076,2.33337e-05,Weisskopf E2,0.6,0.0880355,1.60896,0.0514,8.95356e+24,179.071,0,0
71zn,30,71,155.62,0.06,14932.8,9/2+,1661,10,1505.38,(5/2)+,,,0,E2,0,0,1,0,0,0,0.00010921,Weisskopf E2,0.6,0.222242,2.19079,0.0952961,,,0,0
71zn,30,71,155.62,0.06,14932.8,9/2+,2179.2,0.5,2023.58,(5/2)+,,,1,E2,0.735294,0.264706,0,1.86243,2138.01,1.05655,0.00047933,Weisskopf E2,0.6,0.539819,2.94493,0.172196,3.11814e+24,62.3629,0,0
75zn,30,75,126.94,0.09,5,(1/2-),152.12,0.1,25.18,(1/2+ 3/2-),,,1,,0,1,0,1,25.18,1,,unknown,1,,0.0356541,,,,1,1
75zn,30,75,126.94,0.09,5,(1/2-),236.22,0.1,109.28,(3/2 5/2-),,,1,,0,1,0,1,109.28,1,,unknown,1,,0.154737,,,,0,0
75zn,30,75,126.94,0.09,5,(1/2-),344.95,0.08,218.01,(3/2+ 5/2-),,,1,,0.219773,0.780227,0,1.63702,245.908,1.12797,,unknown,1,,0.308695,,,,0,0
75zn,30,75,126.94,0.09,5,(1/2-),420.52,0.08,293.58,(3/2+ 5/2-),,,1,,0.682408,0.317592,0,1.29412,380.205,1.29506,,unknown,1,,0.4157,,,,0,0
75zn,30,75,126.94,0.09,5,(1/2-),725.14,0.09,598.2,(3/2 5/2-),,,1,,0.0744837,0.925516,0,1.74219,607.655,1.01581,,unknown,1,,0.847033,,,,0,0
75zn,30,75,126.94,0.09,5,(1/2-),1102.01,0.11,975.07,(3/2 5/2-),,,1,,0.0633325,0.936668,0,1.64594,983.109,1.00824,,unknown,1,,1.38067,,,,0,0
75zn,30,75,126.94,0.09,5,(1/2-),1303.9,0.11,1176.96,(5/2+),,,1,M2,0.151701,0.848299,0,1.31973,1196.22,1.01636,9.25301e-07,Weisskopf M2,3,0.0154022,1.66654,0.00868199,8.72763e+25,1745.53,0,0
77zn,30,77,772.44,0.015,1.05,1/2-,1277.69,0.015,505.25,(5/2- 3/2+),,,1,,0.271668,0.728332,0,1,715.097,1.41533,,unknown,1,,0.706066,,,,0,0
77zn,30,77,772.44,0.015,1.05,1/2-,1363.79,0.025,591.346,(1/2+ 3/2-),,,1,,0,1,0,1,591.346,1,,unknown,1,,0.826382,,,,0,0
77zn,30,77,772.44,0.015,1.05,1/2-,2235.38,0.024,1462.94,(5/2+),,,0,M2,0.311243,0.688757,0,1.9721,1703.35,1.16434,2.79398e-06,Weisskopf M2,3,0.0301021,2.0444,0.0138319,3.66598e+25,733.196,0,0
74ga,31,74,59.571,0.014,9.5,(0+),108.654,0.012,49.083,(1+),,,1,M1,0.239981,0.760019,0,0.827141,63.3789,1.29126,4.3586e-06,Weisskopf M1,3,41.7166,0.069968,560.093,2.15854e+21,0.0431708,0,1
74ga,31,74,59.571,0.014,9.5,(0+),145.032,0.018,85.461,,,,1,,0.690994,0.309006,0,1.30771,126.624,1.48166,,unknown,1,,0.121825,,,,0,1
74ga,31,74,59.571,0.014,9.5,(0+),227.803,0.012,168.232,(0 1 2 3+),,,1,,0.348736,0.651264,0,1.65699,189.007,1.12349,,unknown,1,,0.239815,,,,0,0
74ga,31,74,59.571,0.014,9.5,(0+),251.787,0.014,192.216,(1+),,,1,M1,0.252486,0.747514,0,1.49856,207.257,1.07825,0.000261772,Weisskopf M1,3,163.368,0.274005,560.093,1.19143e+21,0.0238285,0,0
74ga,31,74,59.571,0.014,9.5,(0+),455.06,0.05,395.489,(1+),,,1,M1,0.26189,0.73811,0,1.70676,411.09,1.03945,0.00228012,Weisskopf M1,3,336.134,0.563771,560.093,1.04608e+21,0.0209217,0,0
74ga,31,74,59.571,0.014,9.5,(0+),894.11,0.05,834.539,(1+),,,0,M1,0.71466,0.28534,0,2.10242,877.112,1.05101,0.0214237,Weisskopf M1,3,709.291,1.18964,560.093,8.49222e+20,0.0169844,0,0
74ga,31,74,59.571,0.014,9.5,(0+),1085.72,0.09,1026.15,(1+),,,1,M1,0.414768,0.585232,0,1.97398,1050.86,1.02408,0.0398277,Weisskopf M1,3,872.145,1.46278,560.093,9.04476e+20,0.0180895,0,0
80ga,31,80,22.4,0.05,1.3,3(-),97.2,0.08,74.8,(4),,,1,,0,1,0,0.866551,74.8,1,,unknown,1.28571,,0.102551,,,,0,1
80ga,31,80,22.4,0.05,1.3,3(-),707.9,0.11,685.5,(1+),1.83e-08,,1,M2,0,1,0,1,685.5,1,2.4931e-08,measured,0.428571,0.000174764,0.939825,0.000174685,5.7246e+27,114492,0,0
80ga,31,80,22.4,0.05,1.3,3(-),734.76,0.1,712.36,,,,1,,0,1,0,1,712.36,1,,unknown,1,,0.97665,,,,0,0
80ga,31,80,22.4,0.05,1.3,3(-),911.39,0.1,888.99,,,,1,,1.11022e-16,1,0,1.66177,888.99,1,,unknown,1,,1.21881,,,,0,0
80ga,31,80,22.4,0.05,1.3,3(-),951.34,0.12,928.94,(1- 2-),,,1,,0,1,0,1.06191,928.94,1,,unknown,1,,1.27358,,,,0,0
80ga,31,80,22.4,0.05,1.3,3(-),987.2,0.1,964.8,(1- 2-),,,1,,0,1,0,1,964.8,1,,unknown,1,,1.32275,,,,0,0
80ga,31,80,22.4,0.05,1.3,3(-),1193.9,0.1,1171.5,,,,1,,1.11022e-16,1,0,1.32866,1171.5,1,,unknown,1,,1.60613,,,,0,0
80ga,31,80,22.4,0.05,1.3,3(-),1290.32,0.12,1267.92,,,,1,,0,1,0,1,1267.92,1,,unknown,1,,1.73833,,,,0,0
80ga,31,80,22.4,0.05,1.3,3(-),1356.47,0.1,1334.07,,,,1,,0,1,0,1.24349,1334.07,1,,unknown,1,,1.82902,,,,0,0
80ga,31,80,22.4,0.05,1.3,3(-),1449.92,0.1,1427.52,1+,,,1,M2,1.11022e-16,1,0,1.97998,1427.52,1,2.53555e-06,Weisskopf M2,0.428571,0.00409858,1.95714,0.00196726,2.5673e+26,5134.6,0,0
80ga,31,80,22.4,0.05,1.3,3(-),1526.06,0.1,1503.66,,,,1,,0.081431,0.918569,0,2.37297,1505.48,1.00121,,unknown,1,,2.06153,,,,0,0
80ga,31,80,22.4,0.05,1.3,3(-),2044.42,0.11,2022.02,,,,1,,0.0164034,0.983597,0,2.16509,2022.39,1.00018,,unknown,1,,2.7722,,,,0,0
80ga,31,80,22.4,0.05,1.3,3(-),2092.21,0.1,2069.81,1+,,,0,M2,0.0201124,0.979888,0,2.85264,2070.26,1.00022,1.62485e-05,Weisskopf M2,0.428571,0.0124933,2.83772,0.00413579,8.47607e+25,1695.21,0,0
80ga,31,80,22.4,0.05,1.3,3(-),2560.4,0.12,2538,(1+),,,0,M2,0.0441669,0.955833,0,3.1865,2538.99,1.00039,4.50421e-05,Weisskopf M2,0.428571,0.0230336,3.47961,0.00621844,5.04666e+25,1009.33,0,0
80ga,31,80,22.4,0.05,1.3,3(-),2676.94,0.12,2654.54,1+,,,0,M2,0.0562135,0.943787,0,3.15581,2655.8,1.00047,5.63776e-05,Weisskopf M2,0.428571,0.0263545,3.63939,0.00680262,4.65814e+25,931.629,0,0
80ga,31,80,22.4,0.05,1.3,3(-),2822.11,0.16,2799.71,(1+),,,0,M2,0.0225523,0.977448,0,2.64115,2800.22,1.00018,7.35742e-05,Weisskopf M2,0.428571,0.030919,3.83842,0.007567,5.0036e+25,1000.72,0,0
75ge,32,75,139.69,0.03,47.7,7/2+,192.19,0.06,52.5,5/2+,2.16e-07,,1,M1,0,1,0,0.204082,52.5,1,2.11221e-09,measured,0.75,0.00441757,0.0743384,0.055824,8.77759e+25,1755.52,0,1
75ge,32,75,139.69,0.03,47.7,7/2+,199.89,0.11,60.2,9/2+,,,1,M1,0,1,0,0.724638,60.2,1,8.04161e-06,Weisskopf M1,1.25,21.3188,0.0852413,234.944,5.87375e+21,0.117475,0,1
75ge,32,75,139.69,0.03,47.7,7/2+,253.15,0.06,113.46,3/2-,,,0,M2,1,0,0,0.985222,253.15,2.23118,7.70351e-12,Weisskopf M2,0.5,2.29973e-06,0.160656,1.34471e-05,7.54807e+28,1.50961e+06,0,0
75ge,32,75,139.69,0.03,47.7,7/2+,316.81,0.07,177.12,5/2-,,,1,E1,0.317132,0.682868,0,0.977553,221.42,1.25011,0.00650443,Weisskopf E1,0.75,1195.19,0.250796,4476.8,2.28503e+20,0.00457006,0,0
75ge,32,75,139.69,0.03,47.7,7/2+,457.07,0.07,317.38,5/2-,,,0,E1,1,0,0,1.47994,457.07,1.44013,0.0374236,Weisskopf E1,0.75,2141.66,0.4494,4476.8,1.50934e+20,0.00301869,0,0
75ge,32,75,139.69,0.03,47.7,7/2+,574.7,0.05,435.01,3/2-,,,0,M2,0.993566,0.00643426,0,1.0544,573.801,1.31905,6.38221e-09,Weisskopf M2,0.5,0.000129612,0.615961,0.000197671,4.7979e+27,95957.9,0,0
75ge,32,75,139.69,0.03,47.7,7/2+,584.42,0.08,444.73,5/2+,,,1,M1,0.464748,0.535252,0,1.00679,509.651,1.14598,0.00324222,Weisskopf M1,0.75,94.4962,0.629724,140.966,7.04608e+21,0.140922,0,0
75ge,32,75,139.69,0.03,47.7,7/2+,1062.2,0.4,922.51,(5/2:13/2)+,,,0,M1,0,1,0,1.72464,922.51,1,0.0289379,Weisskopf M1,0.75,196.015,1.30625,140.966,4.11327e+21,0.0822654,0,0
75ge,32,75,139.69,0.03,47.7,7/2+,1136.93,0.1,997.24,3/2-,,,0,M2,0.701456,0.298544,0,1.95948,1095.23,1.09826,4.04085e-07,Weisskopf M2,0.5,0.00156152,1.41206,0.00103883,4.91264e+26,9825.27,0,0
75ge,32,75,139.69,0.03,47.7,7/2+,1190,5,1050.31,9/2+,,,0,M1,0,0,1,0,0,0,0.0427077,Weisskopf M1,1.25,371.95,1.48721,234.944,,,0,0
75ge,32,75,139.69,0.03,47.7,7/2+,1240.75,0.16,1101.06,(5/2)-,,,0,E1,0.922436,0.0775636,0,2.13598,1229.92,1.11703,1.56257,Weisskopf E1,0.75,7429.88,1.55907,4476.8,1.04577e+20,0.00209153,0,0
75ge,32,75,139.69,0.03,47.7,7/2+,1257,0.3,1117.31,(7/2+),,,0,M1,1,0,0,2.47994,1257,1.12502,0.0514132,Weisskopf M1,1,316.541,1.58208,187.955,2.14539e+21,0.0429077,0,0
75ge,32,75,139.69,0.03,47.7,7/2+,1394.41,0.1,1254.72,5/2+,,,1,M1,0.0669517,0.933048,0,1.22795,1264.07,1.00745,0.0728105,Weisskopf M1,0.75,266.603,1.77664,140.966,5.777e+21,0.11554,0,0
75ge,32,75,139.69,0.03,47.7,7/2+,1405.5,0.4,1265.81,9/2+,,,1,M1,0,1,0,1,1265.81,1,0.0747583,Weisskopf M1,1.25,448.266,1.79235,234.944,4.25634e+21,0.0851268,0,0
75ge,32,75,139.69,0.03,47.7,7/2+,1537.7,0.3,1398.01,5/2+,,,1,M1,0,1,0,1.07069,1398.01,1,0.100713,Weisskopf M1,0.75,297.049,1.97954,140.966,6.62551e+21,0.13251,0,0
75ge,32,75,139.69,0.03,47.7,7/2+,1682,4,1542.31,9/2+,,,0,M1,0,0,1,0,0,0,0.135229,Weisskopf M1,1.25,546.183,2.18386,234.944,,,0,0
75ge,32,75,139.69,0.03,47.7,7/2+,1718.49,0.07,1578.8,5/2+,,,1,M1,0.280027,0.719973,0,1.38068,1617.92,1.02478,0.145056,Weisskopf M1,0.75,335.463,2.23553,140.966,5.13797e+21,0.102759,0,0
75ge,32,75,139.69,0.03,47.7,7/2+,1869.43,0.13,1729.74,3/2+,,,0,E2,0.678594,0.321406,0,2.16206,1824.53,1.0548,0.000235328,Weisskopf E2,0.5,0.302264,2.44926,0.115932,3.98961e+24,79.7922,0,0
75ge,32,75,139.69,0.03,47.7,7/2+,1901,8,1761.31,9/2+,,,0,M1,0,0,1,0,0,0,0.201401,Weisskopf M1,1.25,623.739,2.49396,234.944,,,0,0
75ge,32,75,139.69,0.03,47.7,7/2+,2003.89,0.11,1864.2,3/2+,,,0,E2,0.392508,0.607492,0,1.77028,1919.03,1.02941,0.000342163,Weisskopf E2,0.5,0.378374,2.63965,0.134656,4.19501e+24,83.9002,0,0
75ge,32,75,139.69,0.03,47.7,7/2+,2110.1,0.6,1970.41,,,,1,,0,1,0,1.95471,1970.41,1,,unknown,1,,2.79004,,,,0,0
75ge,32,75,139.69,0.03,47.7,7/2+,2127,5,1987.31,(5/2:13/2)+,,,0,M1,0,0,1,0,0,0,0.289301,Weisskopf M1,0.75,422.264,2.81397,140.966,,,0,0
75ge,32,75,139.69,0.03,47.7,7/2+,2214.8,0.4,2075.11,(5/2+),,,1,M1,5.55112e-17,0.621118,0.378882,1,1288.89,0.621118,0.329365,Weisskopf M1,0.75,440.919,2.93829,140.966,7.0939e+21,0.141878,0,0
75ge,32,75,139.69,0.03,47.7,7/2+,2320,6,2180.31,9/2+,,,0,M1,0,0,1,0,0,0,0.38204,Weisskopf M1,1.25,772.12,3.08725,234.944,,,0,0
75ge,32,75,139.69,0.03,47.7,7/2+,2382.88,0.17,2243.19,5/2+,,,0,M1,0.399138,0.600862,0,2.43895,2298.95,1.02486,0.416056,Weisskopf M1,0.75,476.633,3.17629,140.966,2.90858e+21,0.0581716,0,0
75ge,32,75,139.69,0.03,47.7,7/2+,2384,3,2244.31,9/2+,,,0,M1,0,0,1,0,0,0,0.41668,Weisskopf M1,1.25,794.785,3.17787,234.944,,,0,0
75ge,32,75,139.69,0.03,47.7,7/2+,2740,6,2600.31,(3/2:15/2)-,,,0,M2,0,0,1,0,0,0,4.8708e-05,Weisskopf M2,0.5,0.0276836,3.68196,0.00706309,,,0,0
75ge,32,75,139.69,0.03,47.7,7/2+,2781,8,2641.31,9/2+,,,0,M1,0,0,1,0,0,0,0.679222,Weisskopf M1,1.25,935.376,3.74001,234.944,,,0,0
75ge,32,75,139.69,0.03,47.7,7/2+,2835,8,2695.31,(3/2:15/2)-,,,0,M2,0,0,1,0,0,0,5.82798e-05,Weisskopf M2,0.5,0.03083,3.81648,0.00758861,,,0,0
75ge,32,75,139.69,0.03,47.7,7/2+,2852.8,0.4,2713.11,(3/2)-,,,1,M2,0.335085,0.664915,0,1.6479,2759.92,1.01725,6.02298e-05,Weisskopf M2,0.5,0.0314449,3.84168,0.00768917,7.89203e+25,1578.41,0,0
75ge,32,75,139.69,0.03,47.7,7/2+,2939,7,2799.31,(3/2:15/2)-,,,0,M2,0,0,1,0,0,0,7.04255e-05,Weisskopf M2,0.5,0.0345383,3.96374,0.00818552,,,0,0
75ge,32,75,139.69,0.03,47.7,7/2+,3042,9,2902.31,(9/2+),,,0,M1,0,0,1,0,0,0,0.901125,Weisskopf M1,1.25,1027.8,4.10958,234.944,,,0,0
75ge,32,75,139.69,0.03,47.7,7/2+,3092,16,2952.31,(3/2:15/2)-,,,0,M2,0,0,1,0,0,0,9.18934e-05,Weisskopf M2,0.5,0.0405167,4.18038,0.00910476,,,0,0
75ge,32,75,139.69,0.03,47.7,7/2+,3136,11,2996.31,9/2+,,,0,M1,0,0,1,0,0,0,0.991549,Weisskopf M1,1.25,1061.09,4.24268,234.944,,,0,0
77ge,32,77,159.71,0.06,53.7,1/2-,421.39,0.06,261.68,5/2+,,,0,M2,1,0,0,1,421.39,1.61033,5.11619e-10,Weisskopf M2,3,0.000172278,0.365687,0.000442559,2.25959e+27,45191.7,0,0
77ge,32,77,159.71,0.06,53.7,1/2-,492.05,0.06,332.34,5/2-,,,1,E2,0.925926,0.0740741,0,1,480.22,1.44496,6.3815e-08,Weisskopf E2,3,0.0133224,0.464431,0.026947,3.71099e+25,742.197,0,0
77ge,32,77,159.71,0.06,53.7,1/2-,504.76,0.06,345.05,5/2+,,,0,M2,1,0,0,1.29478,504.76,1.46286,2.03941e-09,Weisskopf M2,3,0.00039497,0.482193,0.000769474,1.00371e+27,20074.3,0,0
77ge,32,77,159.71,0.06,53.7,1/2-,618.86,0.06,459.15,(3/2+),,,1,E1,0.261854,0.738146,0,1.12331,500.971,1.09108,0.115316,Weisskopf E1,2,8408.41,0.641643,12310.4,7.23151e+19,0.0014463,0,0
77ge,32,77,159.71,0.06,53.7,1/2-,629.68,0.07,469.97,3/2-,,,1,M1,0,1,0,1,469.97,1,0.00382617,Weisskopf M1,2,266.291,0.656764,380.889,2.62544e+21,0.0525087,0,0
77ge,32,77,159.71,0.06,53.7,1/2-,884.19,0.09,724.48,5/2+,,,0,M2,1,0,0,1,884.19,1.22045,8.32197e-08,Weisskopf M2,3,0.00365593,1.01243,0.00339221,2.94793e+26,5895.86,0,0
77ge,32,77,159.71,0.06,53.7,1/2-,1021.58,0.06,861.87,3/2-,,,1,M1,0.0168046,0.983195,0,1.19557,864.554,1.00311,0.0235982,Weisskopf M1,2,488.347,1.20443,380.889,2.19598e+21,0.0439196,0,0
77ge,32,77,159.71,0.06,53.7,1/2-,1048.05,0.08,888.34,(1/2 3/2),,,1,,0.0107955,0.989204,0,1.04631,890.064,1.00194,,unknown,1,,1.24142,,,,0,0
77ge,32,77,159.71,0.06,53.7,1/2-,1247,0.08,1087.29,1/2+,,,1,E1,0.264165,0.735835,0,1.26416,1129.48,1.0388,1.53131,Weisskopf E1,1,9955.77,1.51944,6155.18,1.28515e+20,0.00257031,0,0
77ge,32,77,159.71,0.06,53.7,1/2-,1385.28,0.06,1225.57,5/2+,,,0,M2,0.688757,0.311243,0,2.34425,1335.57,1.08976,1.15288e-06,Weisskopf M2,3,0.0176984,1.71268,0.00970748,4.3943e+25,878.86,0,0
77ge,32,77,159.71,0.06,53.7,1/2-,1535.28,0.1,1375.57,1/2+,,,0,E1,0.901971,0.0980293,0,2.00459,1519.62,1.10472,3.1008,Weisskopf E1,1,12595.4,1.9223,6155.18,8.10464e+19,0.00162093,0,0
77ge,32,77,159.71,0.06,53.7,1/2-,1663.76,0.08,1504.05,(1/2+ 3/2),,,1,,0.649098,0.350902,0,1.7788,1607.72,1.06893,,unknown,1,,2.10185,,,,0,0
77ge,32,77,159.71,0.06,53.7,1/2-,1775.34,0.09,1615.63,1/2+,,,0,E1,0.78125,0.21875,0,2,1740.4,1.07723,5.02403,Weisskopf E1,1,14793.5,2.25778,6155.18,8.12324e+19,0.00162465,0,0
77ge,32,77,159.71,0.06,53.7,1/2-,1804,10,1644.29,3/2+,,,0,E1,0,0,1,0,0,0,5.29616,Weisskopf E1,2,30111.9,2.29783,12310.4,,,0,0
77ge,32,77,159.71,0.06,53.7,1/2-,1836.08,0.21,1676.37,(1/2+),,,0,E1,0.688757,0.311243,0,3.34425,1786.37,1.06562,5.61224,Weisskopf E1,1,15349.7,2.34266,6155.18,4.85803e+19,0.000971606,0,0
77ge,32,77,159.71,0.06,53.7,1/2-,1879.25,0.08,1719.54,(1/2+ 3/2),,,1,,0.434013,0.565987,0,1.98691,1788.86,1.04031,,unknown,1,,2.40299,,,,0,0
77ge,32,77,159.71,0.06,53.7,1/2-,1901.09,0.12,1741.38,(1/2 3/2),,,1,,0,1,0,1,1741.38,1,,unknown,1,,2.43351,,,,0,0
77ge,32,77,159.71,0.06,53.7,1/2-,1951.79,0.11,1792.08,(3/2+),,,0,E1,1,0,0,2.14964,1951.79,1.08912,6.85644,Weisskopf E1,2,32818.3,2.50436,12310.4,3.77889e+19,0.000755778,0,0
77ge,32,77,159.71,0.06,53.7,1/2-,2063.28,0.08,1903.57,(3/2),,,1,,0.825787,0.174213,0,1.97283,2035.46,1.06928,,unknown,2,,2.66016,,,,0,0
77ge,32,77,159.71,0.06,53.7,1/2-,2118.81,0.1,1959.1,(3/2+),,,0,E1,1,0,0,2,2118.81,1.08152,8.95769,Weisskopf E1,2,35877,2.73776,12310.4,4.06162e+19,0.000812324,0,0
77ge,32,77,159.71,0.06,53.7,1/2-,2195.22,0.08,2035.51,(1/2 3/2),,,1,,0.11182,0.88818,0,2.04333,2053.37,1.00877,,unknown,1,,2.84454,,,,0,0
77ge,32,77,159.71,0.06,53.7,1/2-,2368.38,0.11,2208.67,(1/2 3/2),,,1,,0.277016,0.722984,0,2.14286,2252.91,1.02003,,unknown,1,,3.08653,,,,0,0
77ge,32,77,159.71,0.06,53.7,1/2-,2479,10,2319.29,(1/2+),,,0,E1,0,0,1,0,0,0,14.8625,Weisskopf E1,1,21236.6,3.24111,6155.18,,,0,0
77ge,32,77,159.71,0.06,53.7,1/2-,2814.31,0.13,2654.6,(1/2:7/2-),,,0,M1,0,1,0,2,2654.6,1,0.689527,Weisskopf M1,1,752.066,3.70969,190.444,2.62544e+21,0.0525087,0,0
77ge,32,77,159.71,0.06,53.7,1/2-,2873,10,2713.29,(1/2+),,,0,E1,0,0,1,0,0,0,23.7966,Weisskopf E1,1,24844.2,3.79171,6155.18,,,0,0
77ge,32,77,159.71,0.06,53.7,1/2-,2960,10,2800.29,(1/2+),,,0,E1,0,0,1,0,0,0,26.1599,Weisskopf E1,1,25640.8,3.91329,6155.18,,,0,0
79ge,32,79,185.95,0.04,39,(7/2+),390.59,0.06,204.64,(9/2+),,,1,M1,0,1,0,0.968992,204.64,1,0.000315882,Weisskopf M1,1.25,72.4698,0.282333,241.127,4.2799e+21,0.0855979,0,0
79ge,32,79,185.95,0.04,39,(7/2+),464.73,0.03,278.78,(5/2-),,,1,E1,0.987459,0.0125407,0,1,462.398,1.65865,0.0262564,Weisskopf E1,0.75,1947.5,0.38462,4756.58,2.10235e+20,0.0042047,0,0
79ge,32,79,185.95,0.04,39,(7/2+),607.16,0.03,421.21,(5/2-),,,1,E1,0.874051,0.125949,0,1.50505,583.74,1.38586,0.0905621,Weisskopf E1,0.75,2942.48,0.581125,4756.58,1.39686e+20,0.00279373,0,0
79ge,32,79,185.95,0.04,39,(7/2+),1087.78,0.04,901.83,,,,1,,0.279817,0.720183,0,1.53318,953.862,1.0577,,unknown,1,,1.24422,,,,0,0
79ge,32,79,185.95,0.04,39,(7/2+),1104.4,0.04,918.45,,,,1,,0.546448,0.453552,0,1,1020.06,1.11063,,unknown,1,,1.26715,,,,0,0
81ge,32,81,679.14,0.04,6,(1/2+),711.208,0.022,32.068,(5/2+),3.9e-09,,0,E2,1,0,0,0.999159,711.208,22.1781,5.71077e-13,Weisskopf E2,3,1.28049e-05,0.0436932,0.000275304,3.63541e+27,72708.2,0,1
81ge,32,81,679.14,0.04,6,(1/2+),895.63,0.05,216.49,(1/2-),5e-10,LT,1,E1,0,1,0,0.993128,216.49,1,0.0125027,Weisskopf E1,1,2050.36,0.294971,6529.81,1.54203e+20,0.00308407,0,0
81ge,32,81,679.14,0.04,6,(1/2+),1241.44,0.024,562.305,(1/2+ 3/2 5/2+),,,1,,0.858369,0.141631,0,1.85765,1145.26,2.03672,,unknown,1,,0.76615,,,,0,0
81ge,32,81,679.14,0.04,6,(1/2+),1816.23,0.03,1137.09,(3/2-),,,1,E1,0.559489,0.440511,0,2.02753,1517.06,1.33416,1.81165,Weisskopf E1,2,21538.6,1.5493,13059.6,3.77661e+19,0.000755322,0,0
82as,33,82,131.6,0.5,13.6,(5-),224.2,0.6,92.6,(4-),,,1,M1,0,1,0,0.90009,92.6,1,2.92676e-05,Weisskopf M1,0.818182,21.4643,0.125397,160.798,6.9093e+21,0.138186,0,1
73se,34,73,25.71,0.04,2388,3/2-,26.32,0.13,0.61,(3/2-),,,1,M1,0,1,0,1,0.61,1,8.36649e-12,Weisskopf M1,1,0.172817,0.000875493,185.432,5.39282e+21,0.107856,1,1
73se,34,73,25.71,0.04,2388,3/2-,90.61,0.07,64.9,(1/2 3/2)-,,,1,,0,1,0,0.747943,64.9,1,,unknown,1,,0.0931467,,,,0,1
73se,34,73,25.71,0.04,2388,3/2-,151.26,0.07,125.55,5/2-,2.22e-10,,1,M1,0,1,0,0.948047,125.55,1,2.05513e-06,measured,1.5,1.50314,0.180194,7.83628,1.34605e+23,2.69209,0,0
73se,34,73,25.71,0.04,2388,3/2-,192.42,0.08,166.71,5/2+,9.7e-10,,0,E1,0.188377,0.811623,0,1.78477,171.553,1.02905,0.00532679,Weisskopf E1,1.5,2209.72,0.239268,8675.67,6.45824e+19,0.00129165,0,0
73se,34,73,25.71,0.04,2388,3/2-,295.41,0.08,269.7,7/2+,,,0,M2,0.985737,0.0142626,0,1.02521,295.043,1.09397,5.74188e-10,Weisskopf M2,2,0.000121346,0.387083,0.000294491,3.31218e+27,66243.6,0,0
73se,34,73,25.71,0.04,2388,3/2-,400.27,0.08,374.56,(5/2-),,,1,M1,0,1,0,1.12366,374.56,1,0.00193695,Weisskopf M1,1.5,159.173,0.537581,278.148,3.19956e+21,0.0639912,0,0
73se,34,73,25.71,0.04,2388,3/2-,426.53,0.08,400.82,(1/2- 3/2-),,,1,,0,1,0,1.5397,400.82,1,,unknown,1,,0.575271,,,,0,0
73se,34,73,25.71,0.04,2388,3/2-,505.48,0.08,479.77,7/2-,4.7e-12,,1,E2,0,1,0,1.70339,479.77,1,2.42396e-05,measured,2,1.61879,0.688583,2.20844,2.65827e+23,5.31654,0,0
73se,34,73,25.71,0.04,2388,3/2-,565.78,0.1,540.07,(1/2 3/2),,,1,,0,1,0,1,540.07,1,,unknown,1,,0.775127,,,,0,0
73se,34,73,25.71,0.04,2388,3/2-,574.76,0.1,549.05,5/2(+),,,0,E1,0.685888,0.314112,0,2.30916,566.684,1.03212,0.19029,Weisskopf E1,1.5,7277.58,0.788016,8675.67,4.99163e+19,0.000998326,0,0
73se,34,73,25.71,0.04,2388,3/2-,641.04,0.09,615.33,(1/2- 3/2),,,1,,0,1,0,1.38578,615.33,1,,unknown,1,,0.883143,,,,0,0
73se,34,73,25.71,0.04,2388,3/2-,684.7,0.4,658.99,(5/2-),,,0,M1,0,1,0,2,658.99,1,0.0105485,Weisskopf M1,1.5,280.044,0.945805,278.148,1.79761e+21,0.0359521,0,0
73se,34,73,25.71,0.04,2388,3/2-,724.62,0.11,698.91,7/2(+),,,0,M2,0.608014,0.391986,0,1.98622,714.542,1.02237,6.71051e-08,Weisskopf M2,2,0.00211177,1.0031,0.00197766,2.54578e+26,5091.57,0,0
73se,34,73,25.71,0.04,2388,3/2-,790.38,0.08,764.67,(1/2- 3/2-),,,1,,0,1,0,1.7994,764.67,1,,unknown,1,,1.09748,,,,0,0
73se,34,73,25.71,0.04,2388,3/2-,790.73,0.17,765.02,5/2-,,,1,M1,0,1,0,1.56769,765.02,1,0.0165034,Weisskopf M1,1.5,325.103,1.09798,278.148,2.29331e+21,0.0458663,0,0
73se,34,73,25.71,0.04,2388,3/2-,940.11,0.08,914.4,(1/2- 3/2-),,,1,,0,1,0,1.55128,914.4,1,,unknown,1,,1.31238,,,,0,0
73se,34,73,25.71,0.04,2388,3/2-,1021.96,0.08,996.25,(1/2- 3/2-),,,1,,0,1,0,1.66774,996.25,1,,unknown,1,,1.42985,,,,0,0
77se,34,77,161.922,0.001,17.36,7/2+,175.306,0.0017,13.3836,9/2+,,,1,M1,0,1,0,1,13.3836,1,8.83634e-08,Weisskopf M1,1.25,4.73958,0.018703,238.056,4.2007e+21,0.084014,1,1
77se,34,77,161.922,0.001,17.36,7/2+,238.999,0.0012,77.0765,3/2-,1.8e-11,,0,M2,1,0,0,0.989315,238.999,3.1008,1.13424e-12,Weisskopf M2,0.5,7.33725e-07,0.107711,6.39916e-06,1.57958e+29,3.15917e+06,0,1
77se,34,77,161.922,0.001,17.36,7/2+,249.788,0.0012,87.8662,5/2-,9.68e-09,,1,E1,0.659765,0.340235,0,0.946279,194.697,2.21583,1.6036e-08,measured,0.75,0.0119734,0.122789,0.0916021,1.15365e+25,230.731,0,1
77se,34,77,161.922,0.001,17.36,7/2+,301.15,0.0012,139.227,5/2+,,,1,M1,0.0507189,0.949281,0,1.03972,147.44,1.05899,9.9478e-05,Weisskopf M1,0.75,29.583,0.194564,142.833,6.73373e+21,0.134675,0,0
77se,34,77,161.922,0.001,17.36,7/2+,439.452,0.0014,277.529,5/2-,2.3e-11,,1,E1,0.991849,0.00815127,0,1.4343,438.132,1.57869,1.37711e-07,measured,0.75,0.0103066,0.387836,0.0249643,2.7928e+25,558.56,0,0
77se,34,77,161.922,0.001,17.36,7/2+,520.639,0.0015,358.716,3/2-,4e-12,,0,M2,0.995574,0.00442565,0,1.1033,519.922,1.4494,2.47657e-09,Weisskopf M2,0.5,7.39642e-05,0.501291,0.000138606,6.53919e+27,130784,0,0
77se,34,77,161.922,0.001,17.36,7/2+,581.011,0.0017,419.088,7/2-,3.4e-11,,1,E1,0.557269,0.442731,0,1.83264,509.323,1.21531,1.88851e-06,measured,1,0.082644,0.585659,0.132561,4.11629e+24,82.3258,0,0
77se,34,77,161.922,0.001,17.36,7/2+,680.104,0.0017,518.181,5/2+,,,1,M1,0.0330241,0.966976,0,1.19403,523.529,1.01032,0.0051286,Weisskopf M1,0.75,110.103,0.724137,142.833,5.86347e+21,0.117269,0,0
77se,34,77,161.922,0.001,17.36,7/2+,796.151,0.005,634.229,7/2(+),6.2e-13,,1,M1,0.0256156,0.974384,0,1.80794,638.376,1.00654,0.000156093,measured,1,2.9826,0.886308,3.16126,1.74967e+23,3.49934,0,0
77se,34,77,161.922,0.001,17.36,7/2+,808.185,0.003,646.263,7/2-,3.1e-13,,0,E1,0.98121,0.0187901,0,2.20346,805.142,1.24584,0.321554,Weisskopf E1,1,5917.5,0.903125,6155.18,7.37316e+19,0.00147463,0,0
77se,34,77,161.922,0.001,17.36,7/2+,824.431,0.002,662.509,(5/2)-,4.5e-13,,1,E1,0.885386,0.114614,0,2.06782,805.872,1.2164,1.68734e-05,measured,0.75,0.221607,0.925829,0.224855,2.15072e+24,43.0144,0,0
77se,34,77,161.922,0.001,17.36,7/2+,911.532,0.0018,749.609,(3/2)+,,,1,E2,0.232316,0.767684,0,1.91595,787.227,1.05018,3.7255e-06,Weisskopf E2,0.5,0.0254793,1.04755,0.0228488,2.28429e+25,456.858,0,0
77se,34,77,161.922,0.001,17.36,7/2+,946.982,0.0021,785.06,1/2+,,,1,M3,0.518678,0.481322,0,1.65788,869.046,1.10698,6.34055e-13,Weisskopf M3,0.25,1.97681e-09,1.09709,1.69267e-09,3.56347e+32,7.12695e+09,0,0
77se,34,77,161.922,0.001,17.36,7/2+,970.04,0.18,808.118,(11/2+),6.2e-13,,1,E2,0,1,0,1.7874,808.118,1,0.000156444,measured,1.5,2.76188,1.12931,2.29743,2.43521e+23,4.87042,0,0
77se,34,77,161.922,0.001,17.36,7/2+,978.3,0.1,816.378,9/2-,6.9e-13,,1,E1,0.575336,0.424664,0,2.021,909.537,1.11411,5.05387e-05,measured,1.25,0.728542,1.14085,0.599895,8.24818e+23,16.4964,0,0
77se,34,77,161.922,0.001,17.36,7/2+,1005.18,0.002,843.262,3/2-,1.4e-13,,1,M2,0.849449,0.150551,0,1.91542,980.806,1.16311,1.09737e-05,measured,0.5,0.0593066,1.17842,0.0472772,1.10429e+25,220.859,0,0
77se,34,77,161.922,0.001,17.36,7/2+,1126.64,0.13,964.718,(11/2+),7.6e-13,,1,E2,0,1,0,1.5848,964.718,1,0.000249253,measured,1.5,3.08769,1.34815,2.15152,2.9328e+23,5.86559,0,0
77se,34,77,161.922,0.001,17.36,7/2+,1132.46,0.004,970.535,,,,1,,0.0296365,0.970364,0,1.87393,975.334,1.00494,,unknown,1,,1.35628,,,,0,0
77se,34,77,161.922,0.001,17.36,7/2+,1172.49,0.16,1010.57,9/2-,3.8e-13,,0,E1,0.989968,0.0100324,0,2.56955,1170.87,1.15862,1.22948,Weisskopf E1,1.25,11566.6,1.41223,7693.98,5.05815e+19,0.00101163,0,0
77se,34,77,161.922,0.001,17.36,7/2+,1193.1,0.4,1031.18,(9/2+),1.18e-12,,0,M1,0.0431704,0.95683,0,2.27072,1038.17,1.00678,0.0404161,Weisskopf M1,1.25,365.174,1.44103,238.056,1.84994e+21,0.0369988,0,0
77se,34,77,161.922,0.001,17.36,7/2+,1230.63,0.005,1068.71,(5/2)-,2.1e-13,GT,0,E1,0.839801,0.160199,0,2.15391,1204.69,1.12724,1.45413,Weisskopf E1,0.75,7339.21,1.49347,4616.39,1.00571e+20,0.00201141,0,0
77se,34,77,161.922,0.001,17.36,7/2+,1252.96,0.005,1091.04,5/2+,6.2e-13,,0,M1,0.175718,0.824282,0,2.12879,1119.49,1.02608,0.0478715,Weisskopf M1,0.75,231.824,1.52468,142.833,3.2888e+21,0.0657761,0,0
77se,34,77,161.922,0.001,17.36,7/2+,1282.8,0.4,1120.88,(7/2-),,,0,E1,0.988702,0.011298,0,2.6618,1280.97,1.14283,1.67765,Weisskopf E1,1,10263.3,1.56638,6155.18,6.10356e+19,0.00122071,0,0
77se,34,77,161.922,0.001,17.36,7/2+,1351.58,0.12,1189.66,(11/2-),4.9e-13,,0,M2,0.584835,0.415165,0,2.87528,1284.36,1.0796,9.93584e-07,Weisskopf M2,1.5,0.00809384,1.6625,0.00457345,7.60458e+25,1520.92,0,0
77se,34,77,161.922,0.001,17.36,7/2+,1364.27,0.004,1202.35,(3/2-),4.9e-13,GT,0,M2,0.28156,0.71844,0,2.10948,1247.94,1.03792,1.04773e-06,Weisskopf M2,0.5,0.00278523,1.68024,0.00155719,3.04427e+26,6088.54,0,0
77se,34,77,161.922,0.001,17.36,7/2+,1402.48,0.004,1240.56,(3/2-),,,0,M2,0.964693,0.0353065,0,1.99649,1396.77,1.12591,1.22515e-06,Weisskopf M2,0.5,0.00305931,1.73364,0.00165774,3.02146e+26,6042.92,0,0
77se,34,77,161.922,0.001,17.36,7/2+,1411.63,0.004,1249.7,(3/2-),,,0,M2,0.88405,0.11595,0,1.77968,1392.85,1.11455,1.27095e-06,Weisskopf M2,0.5,0.00312744,1.74641,0.00168226,3.34015e+26,6680.29,0,0
77se,34,77,161.922,0.001,17.36,7/2+,1439,5,1277.08,3/2+,,,0,E2,0,0,1,0,0,0,5.34683e-05,Weisskopf E2,0.5,0.12599,1.78466,0.0663176,,,0,0
77se,34,77,161.922,0.001,17.36,7/2+,1488.24,0.004,1326.31,(3/2)-,,,0,M2,0.890597,0.109403,0,2.14341,1470.52,1.10873,1.7113e-06,Weisskopf M2,0.5,0.00373858,1.85347,0.00189484,2.4622e+26,4924.39,0,0
77se,34,77,161.922,0.001,17.36,7/2+,1511.02,0.003,1349.1,(3/2),,,1,,0.817777,0.182223,0,2.23041,1481.52,1.09815,,unknown,0.5,,1.88531,,,,0,0
77se,34,77,161.922,0.001,17.36,7/2+,1616.61,0.21,1454.69,(11/2-),,,0,M2,0.982789,0.0172108,0,3.26948,1613.82,1.10939,2.71608e-06,Weisskopf M2,1.5,0.0147978,2.03287,0.00683817,4.47283e+25,894.565,0,0
77se,34,77,161.922,0.001,17.36,7/2+,1620.5,0.7,1458.58,(11/2+),,,0,E2,0.0256156,0.974384,0,2.80794,1462.73,1.00284,0.00010391,Weisskopf E2,1.5,0.563109,2.0383,0.259522,1.37227e+24,27.4453,0,0
77se,34,77,161.922,0.001,17.36,7/2+,1888.64,0.04,1726.72,,,,1,,0.0251695,0.97483,0,1.70327,1730.79,1.00236,,unknown,1,,2.41302,,,,0,0
77se,34,77,161.922,0.001,17.36,7/2+,2057,12,1895.08,5/2+,,,0,M1,0,0,1,0,0,0,0.250862,Weisskopf M1,0.75,402.666,2.64829,142.833,,,0,0
77se,34,77,161.922,0.001,17.36,7/2+,2157,12,1995.08,5/2+,,,0,M1,0,0,1,0,0,0,0.292707,Weisskopf M1,0.75,423.914,2.78804,142.833,,,0,0
77se,34,77,161.922,0.001,17.36,7/2+,2264.43,0.06,2102.51,(3/2-),,,0,M2,0.326317,0.673683,0,2.34182,2155.35,1.02513,1.7131e-05,Weisskopf M2,0.5,0.0148929,2.93817,0.00476161,8.96794e+25,1793.59,0,0
77se,34,77,161.922,0.001,17.36,7/2+,2375.3,0.3,2213.38,(3/2+ 5/2+),,,1,,0,1,0,1,2213.38,1,,unknown,1,,3.0931,,,,0,0
77se,34,77,161.922,0.001,17.36,7/2+,2392.95,0.023,2231.03,3/2-,1e-13,,0,M2,0.743459,0.256541,0,2.32957,2351.41,1.05396,2.30473e-05,Weisskopf M2,0.5,0.0177944,3.11777,0.00536154,8.00637e+25,1601.27,0,0
77se,34,77,161.922,0.001,17.36,7/2+,2491.94,0.04,2330.02,(3/2+),,,1,E2,0.307991,0.692009,0,2.12721,2379.89,1.0214,0.00108095,Weisskopf E2,0.5,0.765174,3.2561,0.220756,2.1295e+24,42.59,0,0
77se,34,77,161.922,0.001,17.36,7/2+,2551.94,0.08,2390.02,(3/2-),,,0,M2,0.685423,0.314577,0,2.94096,2501,1.04644,3.25162e-05,Weisskopf M2,0.5,0.0218761,3.33995,0.00615292,5.52624e+25,1105.25,0,0
77se,34,77,161.922,0.001,17.36,7/2+,2891.94,0.04,2730.02,(3/2-),4.9e-14,,0,M2,0.411042,0.588958,0,2.6242,2796.57,1.02438,6.32298e-05,Weisskopf M2,0.5,0.0326035,3.81509,0.00802805,4.74672e+25,949.343,0,0
79se,34,79,95.77,0.03,234,1/2-,128,5,32.23,(1/2-),,,0,M1,0,0,1,0,0,0,1.23406e-06,Weisskopf M1,1,9.13097,0.0444663,192.902,,,0,1
79se,34,79,95.77,0.03,234,1/2-,364.86,0.08,269.09,5/2-,9.4e-11,,0,E2,1,0,0,1,364.86,1.3559,2.29798e-08,Weisskopf E2,3,0.00731771,0.371252,0.0185164,5.40061e+25,1080.12,0,0
79se,34,79,95.77,0.03,234,1/2-,527.93,0.09,432.16,3/2-,3.1e-12,,1,M1,0,1,0,1,432.16,1,0.000147173,measured,2,12.1136,0.596232,19.0857,5.23952e+22,1.0479,0,0
79se,34,79,95.77,0.03,234,1/2-,571.97,0.1,476.2,5/2-,1.6e-11,,1,E2,0.0467112,0.953289,0,1.04671,480.674,1.00939,2.71829e-05,measured,3,2.76402,0.656992,3.95213,2.41736e+23,4.83472,0,0
79se,34,79,95.77,0.03,234,1/2-,629.81,0.12,534.04,5/2+,,,0,M2,1,0,0,1.19355,629.81,1.17933,1.84242e-08,Weisskopf M2,3,0.00148958,0.736791,0.0018992,4.41154e+26,8823.07,0,0
79se,34,79,95.77,0.03,234,1/2-,728.5,0.2,632.73,5/2+,,,0,M2,1,0,0,1,728.5,1.15136,4.30141e-08,Weisskopf M2,3,0.00247741,0.87295,0.002666,3.75094e+26,7501.89,0,0
79se,34,79,95.77,0.03,234,1/2-,974.84,0.17,879.07,3/2-,,,1,M1,0.00259506,0.997405,0,1.20894,879.319,1.00028,0.0250394,Weisskopf M1,2,498.093,1.21281,385.804,2.14401e+21,0.0428802,0,0
79se,34,79,95.77,0.03,234,1/2-,1088.65,0.12,992.88,(3/2-),,,1,M1,0.462963,0.537037,0,1.46296,1037.22,1.04466,0.0360781,Weisskopf M1,2,562.579,1.36983,385.804,1.77174e+21,0.0354348,0,0
79se,34,79,95.77,0.03,234,1/2-,1134,8,1038.23,1/2-,,,0,M1,0,0,1,0,0,0,0.041251,Weisskopf M1,1,294.137,1.4324,192.902,,,0,0
79se,34,79,95.77,0.03,234,1/2-,1156,1,1060.23,1/2+,,,0,E1,0,1,0,2,1060.23,1,1.44428,Weisskopf E1,1,9875.37,1.46275,6342.1,7.88382e+19,0.00157676,0,0
79se,34,79,95.77,0.03,234,1/2-,1253.5,0.2,1157.73,5/2+,4.8e-13,,0,M2,0.0102619,0.989738,0,2.00236,1158.71,1.00085,8.82175e-07,Weisskopf M2,3,0.0151763,1.59727,0.00892559,5.59528e+25,1119.06,0,0
79se,34,79,95.77,0.03,234,1/2-,1322.2,0.2,1226.43,(5/2-),4.2e-13,,0,E2,0.0214619,0.978538,0,2.02146,1228.49,1.00168,4.51931e-05,Weisskopf E2,3,0.692804,1.69205,0.384634,1.28614e+24,25.7227,0,0
79se,34,79,95.77,0.03,234,1/2-,1491,5,1395.23,1/2+,,,0,E1,0,0,1,0,0,0,3.29145,Weisskopf E1,1,12995.7,1.92494,6342.1,,,0,0
79se,34,79,95.77,0.03,234,1/2-,1596.6,0.2,1500.83,3/2+,,,0,E1,0,0,1,0,0,0,4.0968,Weisskopf E1,2,27958.6,2.07063,12684.2,,,0,0
79se,34,79,95.77,0.03,234,1/2-,1671,9,1575.23,5/2+,,,0,M2,0,0,1,0,0,0,4.11375e-06,Weisskopf M2,3,0.0382274,2.17328,0.0165238,,,0,0
79se,34,79,95.77,0.03,234,1/2-,1738.9,0.2,1643.13,3/2+,,,0,E1,0,0,1,0,0,0,5.37609,Weisskopf E1,2,30609.4,2.26695,12684.2,,,0,0
79se,34,79,95.77,0.03,234,1/2-,1863,8,1767.23,3/2-,,,0,M1,0,0,1,0,0,0,0.203438,Weisskopf M1,2,1001.34,2.43817,385.804,,,0,0
79se,34,79,95.77,0.03,234,1/2-,1959,5,1863.23,3/2-,,,0,M1,0,0,1,0,0,0,0.238426,Weisskopf M1,2,1055.73,2.57062,385.804,,,0,0
79se,34,79,95.77,0.03,234,1/2-,2127,7,2031.23,(3/2)-,,,0,M1,0,0,1,0,0,0,0.308909,Weisskopf M1,2,1150.92,2.8024,385.804,,,0,0
79se,34,79,95.77,0.03,234,1/2-,2172,8,2076.23,5/2+,,,0,M2,0,0,1,0,0,0,1.63642e-05,Weisskopf M2,3,0.0875325,2.86448,0.0287061,,,0,0
79se,34,79,95.77,0.03,234,1/2-,2255,8,2159.23,(3/2)-,,,0,M1,0,0,1,0,0,0,0.371065,Weisskopf M1,2,1223.45,2.97899,385.804,,,0,0
79se,34,79,95.77,0.03,234,1/2-,2340,20,2244.23,(5/2)+,,,0,M2,0,0,1,0,0,0,2.41466e-05,Weisskopf M2,3,0.110546,3.09627,0.0335396,,,0,0
79se,34,79,95.77,0.03,234,1/2-,2373,12,2277.23,5/2+,,,0,M2,0,0,1,0,0,0,2.59748e-05,Weisskopf M2,3,0.115495,3.14179,0.0345332,,,0,0
79se,34,79,95.77,0.03,234,1/2-,2475,12,2379.23,5/2+,,,0,M2,0,0,1,0,0,0,3.23371e-05,Weisskopf M2,3,0.13172,3.28252,0.037696,,,0,0
79se,34,79,95.77,0.03,234,1/2-,2581,12,2485.23,5/2+,,,0,M2,0,0,1,0,0,0,4.02116e-05,Weisskopf M2,3,0.150121,3.42876,0.0411297,,,0,0
79se,34,79,95.77,0.03,234,1/2-,2663.2,0.14,2567.43,(5/2+),,,0,M2,1,0,0,2,2663.2,1.0373,4.73164e-05,Weisskopf M2,3,0.165515,3.54217,0.0438955,1.13907e+25,227.814,0,0
79se,34,79,95.77,0.03,234,1/2-,2689.09,0.18,2593.32,(5/2+),,,0,M2,1,0,0,2,2689.09,1.03693,4.97507e-05,Weisskopf M2,3,0.170573,3.57789,0.0447852,1.11644e+25,223.288,0,0
79se,34,79,95.77,0.03,234,1/2-,2712,11,2616.23,(5/2+),,,0,M2,0,0,1,0,0,0,5.19874e-05,Weisskopf M2,3,0.175134,3.6095,0.04558,,,0,0
79se,34,79,95.77,0.03,234,1/2-,2769,12,2673.23,(5/2+),,,0,M2,0,0,1,0,0,0,5.79029e-05,Weisskopf M2,3,0.186832,3.68814,0.0475878,,,0,0
79se,34,79,95.77,0.03,234,1/2-,2834.12,0.17,2738.35,5/2+,,,1,M2,0.543478,0.456522,0,1.54348,2790.4,1.01901,6.53075e-05,Weisskopf M2,3,0.200821,3.77798,0.0499345,1.29748e+25,259.495,0,0
79se,34,79,95.77,0.03,234,1/2-,2904.24,0.23,2808.47,(1/2- 3/2),,,1,,0.769231,0.230769,0,1.76923,2882.14,1.02623,,unknown,1,,3.87472,,,,0,0
79se,34,79,95.77,0.03,234,1/2-,2941,12,2845.23,1/2+,,,0,E1,0,0,1,0,0,0,27.9128,Weisskopf E1,1,26501.5,3.92544,6342.1,,,0,0
79se,34,79,95.77,0.03,234,1/2-,2987,7,2891.23,1/2-,,,0,M1,0,0,1,0,0,0,0.890844,Weisskopf M1,1,819.105,3.9889,192.902,,,0,0
79se,34,79,95.77,0.03,234,1/2-,3031.5,0.3,2935.73,1/2-,,,1,M1,0,1,0,1,2935.73,1,0.932614,Weisskopf M1,1,831.712,4.0503,192.902,5.18398e+21,0.10368,0,0
79se,34,79,95.77,0.03,234,1/2-,3061.76,0.15,2965.99,(3/2-),,,0,M1,1,0,0,2,3061.76,1.03229,0.961751,Weisskopf M1,2,1680.57,4.09205,385.804,1.296e+21,0.0259199,0,0
81se,34,81,102.968,0.01,3436.8,7/2+,294.19,0.18,191.222,9/2+,,,1,M1,0,1,0,1,191.222,1,0.000257731,Weisskopf M1,1.25,67.7181,0.260543,244.161,4.09567e+21,0.0819133,0,0
81se,34,81,102.968,0.01,3436.8,7/2+,467.75,0.09,364.782,3/2-,,,0,M2,1,0,0,1,467.75,1.28227,2.78563e-09,Weisskopf M2,0.5,8.04508e-05,0.497022,0.000152057,6.57649e+27,131530,0,0
81se,34,81,102.968,0.01,3436.8,7/2+,491.05,0.1,388.082,(5/2-),,,1,E1,0.904411,0.0955894,0,0.997376,481.207,1.23996,0.0720211,Weisskopf E1,0.75,2756.62,0.528768,4897.36,2.04729e+20,0.00409458,0,0
81se,34,81,102.968,0.01,3436.8,7/2+,624.1,0.12,521.132,5/2-,,,1,E1,0.18118,0.81882,0,1.16622,539.788,1.0358,0.174394,Weisskopf E1,0.75,3701.7,0.710051,4897.36,1.75088e+20,0.00350177,0,0
81se,34,81,102.968,0.01,3436.8,7/2+,889.41,0.2,786.442,(3/2+ 5/2 7/2+),,,1,,0.556627,0.443373,0,1.22985,843.757,1.07288,,unknown,1,,1.07154,,,,0,0
81se,34,81,102.968,0.01,3436.8,7/2+,1052.73,0.13,949.762,5/2+,,,1,M1,0,1,0,1.25126,949.762,1,0.031579,Weisskopf M1,0.75,201.805,1.29407,146.496,5.4554e+21,0.109108,0,0
81se,34,81,102.968,0.01,3436.8,7/2+,1059,0.3,956.032,(11/2+),,,0,E2,0,1,0,2,956.032,1,1.34492e-05,Weisskopf E2,1.5,0.169647,1.30261,0.122344,4.08683e+24,81.7367,0,0
81se,34,81,102.968,0.01,3436.8,7/2+,1303.41,0.16,1200.44,5/2+,,,1,M1,0.765018,0.234982,0,1.78136,1279.21,1.06562,0.0637643,Weisskopf M1,0.75,255.07,1.63562,146.496,3.83197e+21,0.0766394,0,0
81se,34,81,102.968,0.01,3436.8,7/2+,1406.28,0.14,1303.31,3/2-,,,0,M2,0.993434,0.00656615,0,1.27675,1405.6,1.07849,1.62181e-06,Weisskopf M2,0.5,0.00366923,1.77578,0.00194105,4.03513e+26,8070.25,0,0
81se,34,81,102.968,0.01,3436.8,7/2+,1702.5,0.3,1599.53,3/2+,,,1,E2,0.666313,0.333687,0,1.94821,1668.14,1.04289,0.000176319,Weisskopf E2,0.5,0.264842,2.17939,0.114157,4.49636e+24,89.9271,0,0
81se,34,81,102.968,0.01,3436.8,7/2+,1724.99,0.15,1622.02,(3/2)+,,,0,E2,0.930084,0.0699164,0,1.38143,1717.79,1.05904,0.000189068,Weisskopf E2,0.5,0.276171,2.21003,0.11739,6.16651e+24,123.33,0,0
81se,34,81,102.968,0.01,3436.8,7/2+,1828.1,0.3,1725.13,3/2+,,,0,E2,0.974223,0.0257775,0,1.43197,1825.45,1.05815,0.000257304,Weisskopf E2,0.5,0.332258,2.35052,0.132789,5.25902e+24,105.18,0,0
81se,34,81,102.968,0.01,3436.8,7/2+,2252.96,0.23,2149.99,(5/2+),,,1,M1,0.62934,0.37066,0,2.29451,2214.79,1.03014,0.366323,Weisskopf M1,0.75,456.83,2.9294,146.496,2.97497e+21,0.0594994,0,0
81se,34,81,102.968,0.01,3436.8,7/2+,2333.07,0.2,2230.1,5/2+,,,0,M1,0.975652,0.0243482,0,1.72575,2330.56,1.04505,0.408816,Weisskopf M1,0.75,473.852,3.03855,146.496,3.95545e+21,0.0791091,0,0
81se,34,81,102.968,0.01,3436.8,7/2+,2532,0.5,2429.03,(5/2)+,,,0,M1,0,0,1,0,0,0,0.528267,Weisskopf M1,0.75,516.121,3.3096,146.496,,,0,0
81se,34,81,102.968,0.01,3436.8,7/2+,2659.65,0.2,2556.68,(5/2)-,,,0,E1,1,0,0,1,2659.65,1.04027,20.593,Weisskopf E1,0.75,18160.6,3.48352,4897.36,2.04192e+20,0.00408383,0,0
81se,34,81,102.968,0.01,3436.8,7/2+,2769.76,0.17,2666.79,(5/2-),,,0,E1,0.86353,0.13647,0,2.0277,2755.71,1.03334,23.3699,Weisskopf E1,0.75,18942.7,3.63355,4897.36,1.00701e+20,0.00201402,0,0
81se,34,81,102.968,0.01,3436.8,7/2+,2773.6,0.5,2670.63,5/2+,,,0,M1,0.551723,0.448277,0,2.22174,2727.44,1.02127,0.702095,Weisskopf M1,0.75,567.456,3.63878,146.496,3.07242e+21,0.0614483,0,0
81se,34,81,102.968,0.01,3436.8,7/2+,2935.17,0.14,2832.2,(5/2)-,,,1,E1,0.336397,0.663603,0,1.76582,2866.84,1.01223,27.9938,Weisskopf E1,0.75,20117.7,3.85892,4897.36,1.15636e+20,0.00231272,0,0
81se,34,81,102.968,0.01,3436.8,7/2+,2965.08,0.19,2862.11,(5/2-),,,0,E1,0.548374,0.451626,0,2.5531,2918.58,1.01973,28.8901,Weisskopf E1,0.75,20330.1,3.89968,4897.36,7.9978e+19,0.00159956,0,0
81se,34,81,102.968,0.01,3436.8,7/2+,3053,6,2950.03,3/2+,,,0,E2,0,0,1,0,0,0,0.00376243,Weisskopf E2,0.5,1.66145,4.01947,0.388303,,,0,0
83se,34,83,228.92,0.07,70.1,1/2-,360,20,131.08,(1/2+),,,0,E1,0,0,1,0,0,0,0.00282072,Weisskopf E1,1,1261.8,0.176434,6718.3,,,0,0
83se,34,83,228.92,0.07,70.1,1/2-,539.74,0.09,310.82,1/2+,,,1,E1,0,1,0,1,310.82,1,0.0376078,Weisskopf E1,1,2992.01,0.418364,6718.3,1.48847e+20,0.00297694,0,0
83se,34,83,228.92,0.07,70.1,1/2-,582.22,0.06,353.3,5/2+,3.6e-09,,0,M2,0.997908,0.00209197,0,0.998366,581.741,1.64659,2.41289e-09,Weisskopf M2,3,0.000445733,0.475542,0.000880513,1.13756e+27,22751.2,0,0
83se,34,83,228.92,0.07,70.1,1/2-,822,3,593.08,3/2+,,,0,E1,0,0,1,0,0,0,0.261271,Weisskopf E1,2,11418.2,0.798286,13436.6,,,0,0
83se,34,83,228.92,0.07,70.1,1/2-,963.4,0.05,734.48,3/2+,,,1,E1,0.000398764,0.999601,0,1.001,734.571,1.00012,0.496239,Weisskopf E1,2,14140.5,0.988611,13436.6,7.43494e+19,0.00148699,0,0
83se,34,83,228.92,0.07,70.1,1/2-,1062.99,0.07,834.07,(1/2+ 3/2 5/2-),,,1,,0.00199183,0.998008,0,1.00199,834.526,1.00055,,unknown,1,,1.12266,,,,0,0
83se,34,83,228.92,0.07,70.1,1/2-,1100.47,0.07,871.55,3/2+,,,1,E1,0.746939,0.253061,0,1.96884,1042.54,1.19619,0.82914,Weisskopf E1,2,16779.4,1.17311,13436.6,3.78007e+19,0.000756014,0,0
83se,34,83,228.92,0.07,70.1,1/2-,1331.63,0.05,1102.71,5/2+,,,0,M2,0.991074,0.00892605,0,1.09797,1329.59,1.20574,7.14703e-07,Weisskopf M2,3,0.0135527,1.48425,0.00857771,1.06179e+26,2123.57,0,0
83se,34,83,228.92,0.07,70.1,1/2-,1472.97,0.1,1244.05,(3/2)+,,,1,E1,0.401089,0.598911,0,2.39375,1335.87,1.07381,2.41137,Weisskopf E1,2,23950.9,1.67449,13436.6,3.10908e+19,0.000621817,0,0
83se,34,83,228.92,0.07,70.1,1/2-,1664.82,0.18,1435.9,5/2+,,,0,M2,0.666561,0.333439,0,1.99087,1588.49,1.10627,2.67572e-06,Weisskopf M2,3,0.0299238,1.93272,0.0145444,3.45351e+25,690.702,0,0
83se,34,83,228.92,0.07,70.1,1/2-,1710.48,0.07,1481.56,(1/2+ 3/2),,,1,,0.825364,0.174636,0,2.20132,1670.5,1.12753,,unknown,1,,1.99418,,,,0,0
83se,34,83,228.92,0.07,70.1,1/2-,2137.85,0.11,1908.93,(1/2+ 3/2),,,1,,0.107755,0.892245,0,1.55621,1933.6,1.01292,,unknown,1,,2.56942,,,,0,0
83se,34,83,228.92,0.07,70.1,1/2-,2189.86,0.2,1960.94,(5/2+),,,0,M2,0.999009,0.000990932,0,1.47291,2189.63,1.11662,1.27099e-05,Weisskopf M2,3,0.0762143,2.63943,0.0271255,2.50292e+25,500.583,0,0
83se,34,83,228.92,0.07,70.1,1/2-,2314,3,2085.08,5/2+,,,0,M2,0,0,1,0,0,0,1.72756e-05,Weisskopf M2,3,0.0916245,2.80652,0.0306686,,,0,0
83se,34,83,228.92,0.07,70.1,1/2-,2482.35,0.08,2253.43,5/2+,,,0,M2,0.289489,0.710511,0,2.17676,2319.7,1.02941,2.54706e-05,Weisskopf M2,3,0.115658,3.03312,0.0358209,1.28249e+25,256.498,0,0
83se,34,83,228.92,0.07,70.1,1/2-,2545.71,0.21,2316.79,3/2+,,,0,E1,0.000398764,0.999601,0,2.001,2316.88,1.00004,15.5744,Weisskopf E1,2,44603.7,3.1184,13436.6,3.71932e+19,0.000743865,0,0
83se,34,83,228.92,0.07,70.1,1/2-,2678.82,0.1,2449.9,,,,1,,0.0261926,0.973807,0,1.73245,2455.9,1.00245,,unknown,1,,3.29757,,,,0,0
83se,34,83,228.92,0.07,70.1,1/2-,2741,3,2512.08,5/2+,,,0,M2,0,0,1,0,0,0,4.38517e-05,Weisskopf M2,3,0.16023,3.38126,0.044516,,,0,0
83se,34,83,228.92,0.07,70.1,1/2-,2858.1,0.06,2629.18,5/2+,,,0,M2,0.540803,0.459197,0,1.60824,2752.98,1.04709,5.50707e-05,Weisskopf M2,3,0.183698,3.53888,0.0487629,1.27515e+25,255.029,0,0
83se,34,83,228.92,0.07,70.1,1/2-,2971.2,0.3,2742.28,(3/2-),,,0,M1,0.461141,0.538859,0,2.00299,2847.84,1.0385,0.760132,Weisskopf M1,2,1553.81,3.69111,395.45,1.26249e+21,0.0252498,0,0
83se,34,83,228.92,0.07,70.1,1/2-,3167.31,0.07,2938.39,(1/2+ 3/2),,,1,,0.0164279,0.983572,0,1.99753,2942.15,1.00128,,unknown,1,,3.95508,,,,0,0
83se,34,83,228.92,0.07,70.1,1/2-,3211,15,2982.08,5/2+,,,0,M2,0,0,1,0,0,0,0.000103375,Weisskopf M2,3,0.268041,4.01388,0.0627317,,,0,0
70br,35,70,2292.3,0.8,2.16,9+,2683,0.7,390.7,7+,,,1,E2,0.680366,0.319634,0,3.02978,1950.3,4.99181,1.26193e-07,Weisskopf E2,0.789474,0.00501638,0.572636,0.00822928,4.01077e+25,802.153,0,0
70br,35,70,2292.3,0.8,2.16,9+,3027.3,0.8,735,(8+),,,1,M1,0.387347,0.612653,0,2.72228,1622.92,2.20805,0.0146358,Weisskopf M1,0.894737,186.311,1.07727,162.468,2.261e+21,0.04522,0,0
70br,35,70,2292.3,0.8,2.16,9+,3098.5,0.9,806.2,(10+),,,1,M1,0,1,0,1,806.2,1,0.0193144,Weisskopf M1,1.10526,252.444,1.18162,200.696,4.98267e+21,0.0996534,0,0
70br,35,70,2292.3,0.8,2.16,9+,3547.2,0.8,1254.9,11+,,,1,E2,0,1,0,0.999707,1254.9,1,4.31385e-05,Weisskopf E2,1.21053,0.254873,1.83927,0.130176,7.68417e+24,153.683,0,0
70br,35,70,2292.3,0.8,2.16,9+,3681.1,0.8,1388.8,(8+),,,0,M1,0.680366,0.319634,0,4.02978,2948.4,2.12299,0.0987354,Weisskopf M1,0.894737,352.04,2.03552,162.468,1.5274e+21,0.0305479,0,0
70br,35,70,2292.3,0.8,2.16,9+,4446.2,0.9,2153.9,(10+),,,1,M1,0.402952,0.597048,0,3.65048,3077.59,1.42884,0.368324,Weisskopf M1,1.10526,674.447,3.1569,200.696,1.36494e+21,0.0272988,0,0
72br,35,72,100.76,0.15,10.6,(3-),131.09,0.15,30.33,(2-),,,1,M1,0,1,0,0.0322581,30.33,1,1.02842e-06,Weisskopf M1,0.714286,6.13764,0.0438319,131.541,2.35668e+23,4.71336,0,1
72br,35,72,100.76,0.15,10.6,(3-),218.07,0.13,117.31,(1 3),,,1,,0.0588235,0.941176,0,1.02711,123.237,1.05052,,unknown,1,,0.169533,,,,0,0
72br,35,72,100.76,0.15,10.6,(3-),229.66,0.23,128.9,(3+),,,0,E1,1,0,0,1,229.66,1.78169,0.00243975,Weisskopf E1,1,1128.61,0.186282,5691.45,1.75702e+20,0.00351404,0,0
72br,35,72,100.76,0.15,10.6,(3-),289.35,0.08,188.59,(3+),,,0,E1,1,0,0,1,289.35,1.53428,0.00764088,Weisskopf E1,1,1651.24,0.272544,5691.45,1.75702e+20,0.00351404,0,0
72br,35,72,100.76,0.15,10.6,(3-),309.84,0.06,209.08,1+,,,1,M2,0.832243,0.167757,0,1.03594,292.937,1.40108,1.59301e-10,Weisskopf M2,0.428571,1.20038e-05,0.302156,3.73198e-05,2.58658e+28,517315,0,0
72br,35,72,100.76,0.15,10.6,(3-),313.61,0.21,212.85,1(-),,,0,E2,1,0,0,1,313.61,1.47339,6.28782e-09,Weisskopf E2,0.428571,0.000457171,0.307604,0.00139617,7.16246e+26,14324.9,0,0
72br,35,72,100.76,0.15,10.6,(3-),328.44,0.12,227.68,1(-),,,0,E2,1,0,0,1.15248,328.44,1.44255,8.80555e-09,Weisskopf E2,0.428571,0.000559542,0.329036,0.0015975,5.43156e+26,10863.1,0,0
72br,35,72,100.76,0.15,10.6,(3-),332.98,0.13,232.22,(3-),5.1e-10,,0,M1,0.0201238,0.979876,0,1.3726,234.248,1.00873,0.000461586,Weisskopf M1,1,65.7895,0.335597,184.157,3.95609e+21,0.0791218,0,0
72br,35,72,100.76,0.15,10.6,(3-),370.56,0.18,269.8,(4-),2.1e-09,,0,M1,0.011701,0.988299,0,1.55368,270.979,1.00437,0.000723902,Weisskopf M1,1.28571,98.275,0.389906,236.774,2.71835e+21,0.0543669,0,0
72br,35,72,100.76,0.15,10.6,(3-),379.01,0.22,278.25,1(-),,,0,E2,1,0,0,1.19159,379.01,1.36212,2.40053e-08,Weisskopf E2,0.428571,0.00102132,0.402118,0.00238595,3.51731e+26,7034.63,0,0
72br,35,72,100.76,0.15,10.6,(3-),398.04,0.09,297.28,(2-),1.01e-10,,0,M1,0.895377,0.104623,0,1.2687,387.498,1.30348,0.000968391,Weisskopf M1,0.714286,60.1581,0.429619,131.541,5.9921e+21,0.119842,0,0
72br,35,72,100.76,0.15,10.6,(3-),402.51,0.15,301.75,(4-),,,0,M1,0.0588235,0.941176,0,2.02711,307.677,1.01964,0.00101273,Weisskopf M1,1.28571,109.913,0.436079,236.774,2.08348e+21,0.0416696,0,0
72br,35,72,100.76,0.15,10.6,(3-),415.05,0.09,314.29,1+,,,0,M2,0.932609,0.0673905,0,1.19662,408.26,1.29899,1.22267e-09,Weisskopf M2,0.428571,4.07731e-05,0.454202,8.43287e-05,9.90992e+27,198198,0,0
72br,35,72,100.76,0.15,10.6,(3-),467.3,0.12,366.54,(5-),3.7e-10,,0,E2,0.0546155,0.945384,0,2.06467,372.043,1.01501,9.52223e-08,Weisskopf E2,1.57143,0.00856039,0.529712,0.0151812,3.19039e+25,638.078,0,0
72br,35,72,100.76,0.15,10.6,(3-),509.6,0.3,408.84,1(-),,,0,E2,0.999199,0.000801057,0,2.03514,509.519,1.24626,1.64399e-07,Weisskopf E2,0.428571,0.0032398,0.590842,0.00515107,9.53911e+25,1907.82,0,0
72br,35,72,100.76,0.15,10.6,(3-),543.9,0.11,443.14,(5+),,,0,M2,1,0,0,2,543.9,1.22738,6.81334e-09,Weisskopf M2,1.57143,0.00041906,0.640411,0.000614706,8.13397e+26,16267.9,0,0
72br,35,72,100.76,0.15,10.6,(3-),575.72,0.12,474.96,1+,,,0,M2,0.952684,0.0473162,0,1.55051,570.952,1.20211,9.63697e-09,Weisskopf M2,0.428571,0.000140719,0.686397,0.000192588,3.34887e+27,66977.3,0,0
72br,35,72,100.76,0.15,10.6,(3-),576.74,0.21,475.98,1+,,,0,M2,1,0,0,1.54281,576.74,1.21169,9.7409e-09,Weisskopf M2,0.428571,0.000141628,0.687871,0.000193416,3.35116e+27,67023.2,0,0
72br,35,72,100.76,0.15,10.6,(3-),659.11,0.16,558.35,(5-),1.55e-10,,0,E2,0.0227672,0.977233,0,2.42564,560.644,1.00411,7.81024e-07,Weisskopf E2,1.57143,0.0302586,0.806909,0.035227,1.1703e+25,234.061,0,0
72br,35,72,100.76,0.15,10.6,(3-),668.05,0.09,567.29,(4-),1.06e-10,,0,M1,0.865751,0.134249,0,2.30594,654.523,1.15377,0.00672929,Weisskopf M1,1.28571,206.636,0.819829,236.774,1.83155e+21,0.0366309,0,0
72br,35,72,100.76,0.15,10.6,(3-),748.69,0.19,647.93,(5-),,,0,E2,0.0402799,0.95972,0,2.71349,651.989,1.00626,1.64351e-06,Weisskopf E2,1.57143,0.047284,0.936367,0.0474371,7.76879e+24,155.376,0,0
72br,35,72,100.76,0.15,10.6,(3-),755.51,0.23,654.75,1+,,,0,M2,1,0,0,1.26996,755.51,1.15389,4.7977e-08,Weisskopf M2,0.428571,0.000368645,0.946223,0.000365987,2.15152e+27,43030.4,0,0
72br,35,72,100.76,0.15,10.6,(3-),901.86,0.19,801.1,1+,,,0,M2,0.970056,0.0299436,0,1.62115,898.843,1.12201,1.31549e-07,Weisskopf M2,0.428571,0.000675215,1.15772,0.000547883,1.12587e+27,22517.4,0,0
72br,35,72,100.76,0.15,10.6,(3-),939.18,0.15,838.42,1+,,,0,M2,0.992237,0.00776309,0,1.48791,938.398,1.11925,1.65182e-07,Weisskopf M2,0.428571,0.000774046,1.21166,0.000600119,1.11992e+27,22398.3,0,0
72br,35,72,100.76,0.15,10.6,(3-),1027.61,0.17,926.85,1+,,,0,M2,0.971208,0.0287925,0,2.25559,1024.71,1.10558,2.72711e-07,Weisskopf M2,0.428571,0.00104571,1.33945,0.000733387,6.04516e+26,12090.3,0,0
72br,35,72,100.76,0.15,10.6,(3-),1154.2,0.19,1053.44,1(-),,,0,E2,0.897256,0.102744,0,2.11191,1143.85,1.08582,1.86716e-05,Weisskopf E2,0.428571,0.0554227,1.5224,0.0341988,1.38457e+25,276.914,0,0
72br,35,72,100.76,0.15,10.6,(3-),1385.92,0.15,1285.16,1+,,,0,M2,0.931559,0.0684413,0,2.51562,1379.02,1.07304,1.39779e-06,Weisskopf M2,0.428571,0.00278775,1.85727,0.00141003,2.81921e+26,5638.41,0,0
72br,35,72,100.76,0.15,10.6,(3-),1604.84,0.19,1504.08,1+,,,0,M2,0.980975,0.0190254,0,1.93664,1602.92,1.06572,3.06909e-06,Weisskopf M2,0.428571,0.00446884,2.17365,0.00193133,2.6736e+26,5347.19,0,0
72br,35,72,100.76,0.15,10.6,(3-),1703.7,0.4,1602.94,1+,,,0,M2,0.952943,0.0470571,0,2.77925,1698.96,1.0599,4.21931e-06,Weisskopf M2,0.428571,0.00540921,2.31652,0.00219356,1.6403e+26,3280.6,0,0
72br,35,72,100.76,0.15,10.6,(3-),1771.93,0.18,1671.17,1+,,,0,M2,0.952731,0.047269,0,2.57746,1767.17,1.05744,5.19707e-06,Weisskopf M2,0.428571,0.00612976,2.41512,0.00238427,1.62724e+26,3254.49,0,0
72br,35,72,100.76,0.15,10.6,(3-),1799.4,0.3,1698.64,1+,,,0,M2,1,0,0,2.00972,1799.4,1.05932,5.63848e-06,Weisskopf M2,0.428571,0.00643703,2.45482,0.0024633,2.01999e+26,4039.97,0,0
72br,35,72,100.76,0.15,10.6,(3-),1835.46,0.18,1734.7,1+,,,0,M2,0.974126,0.025874,0,2.4078,1832.85,1.05658,6.26293e-06,Weisskopf M2,0.428571,0.00685575,2.50693,0.00256899,1.61666e+26,3233.31,0,0
72br,35,72,100.76,0.15,10.6,(3-),1943.5,0.7,1842.74,1(-),,,0,E2,1,0,0,1,1943.5,1.05468,0.00030581,Weisskopf E2,0.428571,0.296654,2.66307,0.104645,9.55611e+24,191.122,0,0
72br,35,72,100.76,0.15,10.6,(3-),1950,0.7,1849.24,1(-),,,0,E2,1,0,0,1,1950,1.05449,0.000311242,Weisskopf E2,0.428571,0.299804,2.67246,0.105385,9.48905e+24,189.781,0,0
72br,35,72,100.76,0.15,10.6,(3-),1988.4,1,1887.64,1(-),,,0,E2,1,0,0,1,1988.4,1.05338,0.000344927,Weisskopf E2,0.428571,0.318871,2.72796,0.109807,9.10691e+24,182.138,0,0
74br,35,74,13.58,0.21,2760,4(+),72.63,0.07,59.05,(2-),5e-10,LE,0,M2,1,0,0,0.343083,72.63,1.22997,2.91533e-13,Weisskopf M2,0.555556,3.57008e-07,0.084176,3.9842e-06,7.31578e+29,1.46316e+07,0,1
74br,35,74,13.58,0.21,2760,4(+),85.71,0.21,72.13,(3-),1.33e-08,,1,E1,0,1,0,0.816327,72.13,1,3.43036e-08,measured,0.777778,0.0394154,0.102822,0.360108,3.40176e+24,68.0352,0,1
74br,35,74,13.58,0.21,2760,4(+),180.59,0.16,167.01,(2-),5e-10,LE,0,M2,1,0,0,1.35579,180.59,1.08131,5.27595e-11,Weisskopf M2,0.555556,8.07693e-06,0.238073,3.18703e-05,2.31432e+28,462863,0,0
74br,35,74,13.58,0.21,2760,4(+),200.82,0.15,187.24,(3-),,,0,E1,1,0,0,1.17171,200.82,1.07253,0.00761581,Weisskopf E1,0.777778,1298.61,0.266911,4570.47,1.86733e+20,0.00373465,0,0
74br,35,74,13.58,0.21,2760,4(+),201.95,0.21,188.37,(4-),7e-10,,1,E1,0,1,0,1.49176,188.37,1,2.59137e-07,measured,1,0.0561317,0.268522,0.196372,3.41367e+24,68.2734,0,0
74br,35,74,13.58,0.21,2760,4(+),202.12,0.23,188.54,5(+),1.14e-10,,1,M1,0,1,0,0.952381,188.54,1,4.00209e-06,measured,1.22222,1.05763,0.268765,3.69667,2.84039e+23,5.68078,0,0
74br,35,74,13.58,0.21,2760,4(+),238.5,0.3,224.92,(4-),,,1,E1,0,1,0,1,224.92,1,0.0132009,Weisskopf E1,1,2005.63,0.320624,5876.32,1.70175e+20,0.00340349,0,0
74br,35,74,13.58,0.21,2760,4(+),329.4,0.18,315.82,(4-),,,0,E1,0.547445,0.452555,0,2.01232,323.254,1.02354,0.0365459,Weisskopf E1,1,2816.2,0.450203,5876.32,8.45663e+19,0.00169133,0,0
74br,35,74,13.58,0.21,2760,4(+),339.67,0.21,326.09,(3-),,,0,E1,1,0,0,2.47525,339.67,1.04164,0.0402284,Weisskopf E1,0.777778,2261.6,0.464843,4570.47,8.83934e+19,0.00176787,0,0
74br,35,74,13.58,0.21,2760,4(+),371.18,0.21,357.6,(5-),2.77e-10,,1,E1,0,1,0,2.27876,357.6,1,4.73976e-08,measured,1.22222,0.00348189,0.50976,0.00641652,6.83915e+25,1367.83,0,0
74br,35,74,13.58,0.21,2760,4(+),380,0.16,366.42,(4-),,,0,E1,1,0,0,1.95237,380,1.03706,0.0570766,Weisskopf E1,1,3267.4,0.522333,5876.32,8.71633e+19,0.00174327,0,0
74br,35,74,13.58,0.21,2760,4(+),394.54,0.23,380.96,(4-),,,0,E1,0,1,0,1.93355,380.96,1,0.0641443,Weisskopf E1,1,3397.06,0.54306,5876.32,8.80114e+19,0.00176023,0,0
74br,35,74,13.58,0.21,2760,4(+),396.95,0.22,383.37,6+,3.54e-11,,1,E2,0,1,0,1.58976,383.37,1,4.71417e-06,measured,1.44444,0.356101,0.546496,0.612121,1.02762e+24,20.5523,0,0
74br,35,74,13.58,0.21,2760,4(+),424.36,0.23,410.78,(5-),,,0,E1,0,1,0,2.56975,410.78,1,0.080417,Weisskopf E1,1.22222,4476.95,0.585569,7182.17,5.41817e+19,0.00108363,0,0
74br,35,74,13.58,0.21,2760,4(+),443.3,0.3,429.72,(4),,,1,,1.11022e-16,1,0,1.56696,429.72,1,,unknown,1,,0.612568,,,,0,0
74br,35,74,13.58,0.21,2760,4(+),462.9,0.4,449.32,(5-),,,0,E1,0,1,0,2,449.32,1,0.105242,Weisskopf E1,1.22222,4896.99,0.640508,7182.17,6.96169e+19,0.00139234,0,0
74br,35,74,13.58,0.21,2760,4(+),485.76,0.22,472.18,(6-),7e-10,,0,M2,0,1,0,2.75641,472.18,1,9.53073e-09,Weisskopf M2,1.44444,0.000474586,0.673095,0.000662353,5.47731e+26,10954.6,0,0
74br,35,74,13.58,0.21,2760,4(+),543.29,0.19,529.71,(5-),,,0,E1,0.249955,0.750045,0,2.77352,533.104,1.00641,0.172439,Weisskopf E1,1.22222,5773.13,0.755104,7182.17,5.02011e+19,0.00100402,0,0
74br,35,74,13.58,0.21,2760,4(+),593.26,0.19,579.68,(5-),,,0,E1,0.913886,0.0861137,0,2.64772,592.091,1.02141,0.225988,Weisskopf E1,1.22222,6317.74,0.826336,7182.17,5.25863e+19,0.00105173,0,0
74br,35,74,13.58,0.21,2760,4(+),619.76,0.23,606.18,(6-),1.87e-11,,0,M2,1.11022e-16,1,0,3.23981,606.18,1,3.3235e-08,Weisskopf M2,1.44444,0.00100415,0.864112,0.00109163,2.8275e+26,5655.01,0,0
74br,35,74,13.58,0.21,2760,4(+),663.1,0.3,649.52,(5+),,,0,M1,0,1,0,2.40188,649.52,1,0.0101002,Weisskopf M1,1.22222,224.905,0.925893,228.186,1.82457e+21,0.0364913,0,0
74br,35,74,13.58,0.21,2760,4(+),736.2,0.4,722.62,(6-),,,0,M2,0,1,0,2.63291,722.62,1,8.00089e-08,Weisskopf M2,1.44444,0.00170107,1.0301,0.00155129,2.44833e+26,4896.66,0,0
74br,35,74,13.58,0.21,2760,4(+),802.7,0.3,789.12,(6+),,,0,E2,0,1,0,2.32896,789.12,1,4.56786e-06,Weisskopf E2,1.44444,0.0814387,1.12489,0.0680095,6.31348e+24,126.27,0,0
74br,35,74,13.58,0.21,2760,4(+),815.54,0.23,801.96,(5-),,,0,E1,0.549865,0.450135,0,3.4809,809.427,1.00931,0.598382,Weisskopf E1,1.22222,8740.3,1.1432,7182.17,3.99994e+19,0.000799988,0,0
74br,35,74,13.58,0.21,2760,4(+),820.48,0.19,806.9,(6-),,,0,M2,0.404411,0.595589,0,3.39177,812.392,1.00681,1.38895e-07,Weisskopf M2,1.44444,0.00236838,1.15024,0.00193425,1.52426e+26,3048.52,0,0
74br,35,74,13.58,0.21,2760,4(+),922.31,0.22,908.73,(6-),,,0,M2,0.785701,0.214299,0,3.18698,919.4,1.01174,2.5163e-07,Weisskopf M2,1.44444,0.00338296,1.2954,0.00245326,1.27902e+26,2558.04,0,0
76br,35,76,102.578,0.028,1.31,(4)+,212.39,0.21,109.812,(3-),1.11e-10,,0,E1,1,0,0,1.41494,212.39,1.93412,0.00156383,Weisskopf E1,0.777778,775.264,0.154464,4714.91,1.49896e+20,0.00299792,0,0
76br,35,76,102.578,0.028,1.31,(4)+,244.87,0.17,142.292,(5)+,7.6e-11,,1,M1,0,1,0,0.954198,142.292,1,6.00313e-06,measured,1.22222,2.78529,0.200151,13.0726,8.01676e+22,1.60335,0,0
76br,35,76,102.578,0.028,1.31,(4)+,252.25,0.09,149.672,(2)+,2.18e-09,,1,E2,0.965632,0.0343675,0,0.989063,248.725,1.6618,7.19255e-09,measured,0.555556,0.00137098,0.210532,0.00611737,1.65277e+26,3305.53,0,0
76br,35,76,102.578,0.028,1.31,(4)+,301.8,0.24,199.222,(4-),5.2e-10,,1,E1,0.0721138,0.927886,0,1.08223,206.619,1.03713,8.14109e-07,measured,1,0.157656,0.28023,0.528502,1.74838e+24,34.9675,0,0
76br,35,76,102.578,0.028,1.31,(4)+,317.13,0.1,214.552,(2+),,,1,E2,0.95347,0.0465298,0,1.44152,312.357,1.45586,7.03239e-09,Weisskopf E2,0.555556,0.000652331,0.301794,0.00203053,3.41641e+26,6832.83,0,0
76br,35,76,102.578,0.028,1.31,(4)+,356.92,0.2,254.342,(6)+,1.18e-10,,1,E2,0,1,0,1.75625,254.342,1,4.83428e-07,measured,1.44444,0.0829659,0.357763,0.217848,2.61372e+24,52.2745,0,0
76br,35,76,102.578,0.028,1.31,(4)+,363.42,0.23,260.842,(4)-,5.9e-11,,0,E1,1,0,0,2.02713,363.42,1.39326,0.0209592,Weisskopf E1,1,2367.67,0.366906,6062.02,8.1377e+19,0.00162754,0,0
76br,35,76,102.578,0.028,1.31,(4)+,466.89,0.23,364.312,(5-),2.42e-10,,1,E1,0.161977,0.838023,0,2.07267,380.927,1.04561,1.08516e-07,measured,1.22222,0.00768066,0.512449,0.0140799,3.42666e+25,685.332,0,0
76br,35,76,102.578,0.028,1.31,(4)+,583.24,0.29,480.662,(5-),,,0,E1,0.754744,0.245256,0,2.861,558.082,1.16107,0.131148,Weisskopf E1,1.22222,5332.54,0.67611,7409.14,4.71753e+19,0.000943505,0,0
76br,35,76,102.578,0.028,1.31,(4)+,592.43,0.3,489.852,(5-),,,0,E1,0.293846,0.706154,0,3.04856,519.994,1.06153,0.138815,Weisskopf E1,1.22222,5434.5,0.689037,7409.14,4.42728e+19,0.000885457,0,0
76br,35,76,102.578,0.028,1.31,(4)+,687.76,0.24,585.182,(6-),7.3e-11,,0,M2,0.245618,0.754382,0,2.98671,610.377,1.04306,2.83638e-08,Weisskopf M2,1.44444,0.000919573,0.82313,0.00104947,3.19035e+26,6380.7,0,0
76br,35,76,102.578,0.028,1.31,(4)+,790.6,0.4,688.022,(6-),,,0,M2,0.321006,0.678994,0,4.00927,720.95,1.04786,6.37267e-08,Weisskopf M2,1.44444,0.00149458,0.967787,0.00145074,1.71927e+26,3438.53,0,0
77br,35,77,105.86,0.08,256.8,9/2+,129.64,0.04,23.78,5/2+,9.3e-09,,1,E2,0.940149,0.0598507,0,0.90518,123.304,5.18521,2.93615e-09,measured,0.6,0.0239446,0.0332316,0.676874,1.63214e+24,32.6428,1,1
77br,35,77,105.86,0.08,256.8,9/2+,161.93,0.11,56.07,5/2-,4.98e-10,,0,M2,1,0,0,0.962464,161.93,2.888,2.31072e-13,Weisskopf M2,0.6,3.38954e-07,0.0783555,4.0637e-06,2.55679e+29,5.11357e+06,0,1
77br,35,77,105.86,0.08,256.8,9/2+,417.71,0.12,311.85,7/2(+),,,1,M1,0.0445189,0.955481,0,1.03728,316.563,1.01511,0.00111787,Weisskopf M1,0.8,70.6793,0.435797,152.356,6.32773e+21,0.126555,0,0
77br,35,77,105.86,0.08,256.8,9/2+,424.7,0.3,318.84,5/2-,,,0,M2,1,0,0,1.14124,424.7,1.33202,1.37391e-09,Weisskopf M2,0.6,6.23257e-05,0.445566,0.000131403,6.66832e+27,133366,0,0
77br,35,77,105.86,0.08,256.8,9/2+,575.86,0.09,470,7/2-,9.8e-12,,0,E1,1,0,0,1.20442,575.86,1.22523,0.123686,Weisskopf E1,0.8,3442.84,0.656806,4924.14,1.68613e+20,0.00337227,0,0
77br,35,77,105.86,0.08,256.8,9/2+,640.13,0.11,534.27,(13/2)+,9.8e-12,,1,E2,0,1,0,1,534.27,1,4.65549e-05,measured,1.4,1.75499,0.74662,2.20813,4.52871e+23,9.05742,0,0
77br,35,77,105.86,0.08,256.8,9/2+,649.2,0.5,543.34,(5/2)-,,,0,M2,0.942225,0.057775,0,2.35106,643.084,1.18358,1.97448e-08,Weisskopf M2,0.6,0.000308435,0.759295,0.000381596,1.11464e+27,22292.7,0,0
77br,35,77,105.86,0.08,256.8,9/2+,715.7,0.4,609.84,5/2(-),,,0,M2,1,0,0,1.21331,715.7,1.17359,3.51701e-08,Weisskopf M2,0.6,0.00043611,0.852226,0.00048072,1.7145e+27,34289.9,0,0
77br,35,77,105.86,0.08,256.8,9/2+,781.1,0.4,675.24,(7/2-),,,0,E1,1,0,0,2.04314,781.1,1.15677,0.366776,Weisskopf E1,0.8,4946.27,0.94362,4924.14,9.93963e+19,0.00198793,0,0
77br,35,77,105.86,0.08,256.8,9/2+,782.49,0.16,676.63,(9/2)+,3e-12,,1,M1,0.223796,0.776204,0,1.26518,700.321,1.03501,0.000108606,measured,1,1.82328,0.945562,1.8114,4.36349e+23,8.72697,0,0
77br,35,77,105.86,0.08,256.8,9/2+,790.68,0.12,684.82,(9/2)-,4.3e-12,,1,E1,0.942217,0.0577834,0,1.91894,784.563,1.14565,6.13092e-06,measured,1,0.100479,0.957008,0.0986304,5.28357e+24,105.671,0,0
77br,35,77,105.86,0.08,256.8,9/2+,947.62,0.14,841.76,(11/2+),,,1,M1,0.0129847,0.987015,0,1.71921,843.135,1.00163,0.0219846,Weisskopf M1,1.2,286.171,1.17632,228.533,2.5452e+21,0.0509041,0,0
77br,35,77,105.86,0.08,256.8,9/2+,967.21,0.17,861.35,(7/2+),,,1,M1,0.405974,0.594026,0,1.39087,904.326,1.04989,0.0235555,Weisskopf M1,0.8,195.221,1.2037,152.356,4.71905e+21,0.0943809,0,0
77br,35,77,105.86,0.08,256.8,9/2+,969.5,0.5,863.64,(5/2)+,,,0,E2,0.732242,0.267758,0,1.93485,941.155,1.08975,7.56264e-06,Weisskopf E2,0.6,0.0467587,1.2069,0.0363949,1.42008e+25,284.016,0,0
77br,35,77,105.86,0.08,256.8,9/2+,1024.46,0.2,918.6,(5/2)+,,,0,E2,0.289008,0.710992,0,2.04989,949.194,1.03331,1.02954e-05,Weisskopf E2,0.6,0.0562656,1.28371,0.0411745,1.18479e+25,236.958,0,0
77br,35,77,105.86,0.08,256.8,9/2+,1093.8,0.3,987.94,(11/2+),,,1,M1,0.0670787,0.932921,0,1.82561,995.041,1.00719,0.0355423,Weisskopf M1,1.2,335.868,1.38061,228.533,2.39685e+21,0.0479371,0,0
77br,35,77,105.86,0.08,256.8,9/2+,1097.71,0.23,991.85,(5/2+ 7/2),,,1,,0.248863,0.751137,0,1.23961,1018.19,1.02656,,unknown,1,,1.38607,,,,0,0
77br,35,77,105.86,0.08,256.8,9/2+,1274.44,0.12,1168.58,(11/2)-,2.8e-12,,1,E1,0.886898,0.113102,0,2.18523,1262.47,1.08034,1.70238e-05,measured,1.2,0.11498,1.63304,0.0661419,6.91873e+24,138.375,0,0
77br,35,77,105.86,0.08,256.8,9/2+,1286.8,0.5,1180.94,(9/2-),,,0,E1,1,0,0,2.59219,1286.8,1.08964,1.96205,Weisskopf E1,1,10813.3,1.65031,6155.18,6.26746e+19,0.00125349,0,0
77br,35,77,105.86,0.08,256.8,9/2+,1304.9,0.21,1199.04,(13/2)+,2.8e-12,,1,E2,0.0782685,0.921732,0,1.8623,1207.33,1.00691,4.33415e-05,measured,1.4,0.32439,1.67561,0.181863,2.95261e+24,59.0522,0,0
77br,35,77,105.86,0.08,256.8,9/2+,1539.03,0.14,1433.17,(13/2-),,,0,M2,0.899372,0.100628,0,2.89063,1528.38,1.06643,2.52106e-06,Weisskopf M2,1.4,0.0132074,2.0028,0.00619487,5.58438e+25,1116.88,0,0
77br,35,77,105.86,0.08,256.8,9/2+,1576.15,0.14,1470.29,(5/2-),,,0,M2,0.874018,0.125982,0,2.46571,1562.81,1.06293,2.8649e-06,Weisskopf M2,0.6,0.00611164,2.05467,0.00279426,1.45141e+26,2902.83,0,0
77br,35,77,105.86,0.08,256.8,9/2+,1645,0.4,1539.14,(13/2+),,,0,E2,0.0335393,0.966461,0,2.41281,1542.69,1.00231,0.000135957,Weisskopf E2,1.4,0.617554,2.15088,0.269717,1.53663e+24,30.7326,0,0
79br,35,79,207.61,0.09,4.85,9/2+,217.1,0.06,9.49,5/2-,4.7e-11,,0,M2,1,0,0,0.985241,217.1,22.8767,3.26475e-17,Weisskopf M2,0.6,1.67175e-09,0.0130929,1.19946e-07,8.46199e+30,1.6924e+08,1,1
79br,35,79,207.61,0.09,4.85,9/2+,381.5,0.22,173.89,5/2+,5e-10,AP,1,E2,0.909046,0.0909536,0,0.98909,362.617,2.08532,2.58959e-09,Weisskopf E2,0.6,0.000394945,0.239908,0.00154647,6.53767e+26,13075.3,0,0
79br,35,79,207.61,0.09,4.85,9/2+,523.11,0.08,315.5,5/2-,1.91e-12,,0,M2,1,0,0,1.09587,523.11,1.65803,1.32591e-09,Weisskopf M2,0.6,6.14286e-05,0.435281,0.000132572,6.88319e+27,137664,0,0
79br,35,79,207.61,0.09,4.85,9/2+,761.31,0.07,553.7,7/2-,1.5e-12,,1,E1,0.961466,0.0385344,0,1.64201,753.31,1.3605,1.17206e-05,measured,0.8,0.235067,0.763915,0.289066,2.10681e+24,42.1362,0,0
79br,35,79,207.61,0.09,4.85,9/2+,796.83,0.11,589.22,13/2+,9e-12,,1,E2,0,1,0,0.998183,589.22,1,5.06931e-05,measured,1.4,1.57118,0.812921,1.81563,5.51776e+23,11.0355,0,0
79br,35,79,207.61,0.09,4.85,9/2+,906.45,0.24,698.84,(7/2)-,,,1,E1,0.132084,0.867916,0,1.14371,726.262,1.03924,0.413603,Weisskopf E1,0.8,5207.4,0.964159,5073.68,1.72329e+20,0.00344659,0,0
79br,35,79,207.61,0.09,4.85,9/2+,954.04,0.13,746.43,(7/2-),1.11e-12,,0,E1,1,0,0,1.77581,954.04,1.27814,0.503985,Weisskopf E1,0.8,5562.02,1.02982,5073.68,1.10989e+20,0.00221978,0,0
79br,35,79,207.61,0.09,4.85,9/2+,1068.29,0.09,860.68,9/2-,,,0,E1,0.996281,0.00371879,0,2.05654,1067.52,1.24032,0.772637,Weisskopf E1,1,8016.69,1.18744,6342.1,7.66708e+19,0.00153342,0,0
79br,35,79,207.61,0.09,4.85,9/2+,1176.7,0.3,969.09,(5/2+),,,0,E2,0.614451,0.385549,0,2.10785,1096.66,1.13164,1.39213e-05,Weisskopf E2,0.6,0.0683604,1.33701,0.0480309,9.87733e+24,197.547,0,0
79br,35,79,207.61,0.09,4.85,9/2+,1180.68,0.13,973.07,11/2+,5.5e-13,,1,M1,0,1,0,1.11401,973.07,1,0.000734439,measured,1.2,7.15405,1.3425,5.00596,1.79318e+23,3.58637,0,0
79br,35,79,207.61,0.09,4.85,9/2+,1332.92,0.17,1125.31,(9/2-),,,0,E1,0.972077,0.0279234,0,2.48441,1327.12,1.17934,1.7269,Weisskopf E1,1,10481.6,1.55254,6342.1,6.34663e+19,0.00126933,0,0
79br,35,79,207.61,0.09,4.85,9/2+,1390.4,0.4,1182.79,(9/2)+,,,0,M1,0.720692,0.279308,0,2.02657,1332.41,1.1265,0.0609925,Weisskopf M1,1,335.092,1.63184,192.902,2.558e+21,0.05116,0,0
79br,35,79,207.61,0.09,4.85,9/2+,1491.7,0.6,1284.09,(9/2+),,,0,M1,0,1,0,1.99818,1284.09,1,0.0780441,Weisskopf M1,1,363.791,1.7716,192.902,2.59435e+21,0.0518869,0,0
79br,35,79,207.61,0.09,4.85,9/2+,1573.5,0.5,1365.89,(5/2)+,,,0,E2,0.993001,0.00699933,0,1.80377,1572.05,1.15093,7.74349e-05,Weisskopf E2,0.6,0.191408,1.88446,0.0954165,5.81025e+24,116.205,0,0
79br,35,79,207.61,0.09,4.85,9/2+,1682.77,0.15,1475.16,13/2+,,,1,E2,0,1,0,1.76682,1475.16,1,0.000113777,Weisskopf E2,1.4,0.562609,2.03521,0.259685,2.17952e+24,43.5904,0,0
79br,35,79,207.61,0.09,4.85,9/2+,1713.53,0.1,1505.92,11/2-,5.5e-13,,0,E1,0.976901,0.0230987,0,2.85008,1708.73,1.13468,4.13863,Weisskopf E1,1.2,16832,2.07765,7610.52,4.61029e+19,0.000922058,0,0
79br,35,79,207.61,0.09,4.85,9/2+,1780.79,0.16,1573.18,(11/2-),,,0,E1,0.98058,0.0194196,0,2.89145,1776.76,1.12941,4.7183,Weisskopf E1,1.2,17583.8,2.17045,7610.52,4.54434e+19,0.000908867,0,0
79br,35,79,207.61,0.09,4.85,9/2+,1800,100,1592.39,(7/2-),,,0,E1,0,0,1,0,0,0,4.89327,Weisskopf E1,0.8,11865.7,2.19695,5073.68,,,0,0
79br,35,79,207.61,0.09,4.85,9/2+,1948.21,0.11,1740.6,13/2-,,,0,M2,0.938218,0.0617821,0,3.01502,1935.38,1.11191,6.77662e-06,Weisskopf M2,1.4,0.0240684,2.40143,0.00941515,3.52275e+25,704.55,0,0
79br,35,79,207.61,0.09,4.85,9/2+,2279.5,0.3,2071.89,(13/2-),,,0,M2,0.974427,0.0255729,0,3.66256,2274.19,1.09764,1.61939e-05,Weisskopf M2,1.4,0.0405929,2.8585,0.0133402,2.04669e+25,409.339,0,0
79br,35,79,207.61,0.09,4.85,9/2+,2392.89,0.13,2185.28,13/2-,3.5e-12,,0,M2,0.753939,0.246061,0,3.33357,2341.81,1.07163,2.11375e-05,Weisskopf M2,1.4,0.0476289,3.01493,0.0148403,2.02138e+25,404.275,0,0
79br,35,79,207.61,0.09,4.85,9/2+,2478.71,0.14,2271.1,(13/2-),,,0,M2,0.950562,0.0494379,0,3.81125,2468.45,1.08689,2.56271e-05,Weisskopf M2,1.4,0.0534636,3.13334,0.0160288,1.63693e+25,327.386,0,0
80br,35,80,85.843,0.004,15913.8,5-,281.292,0.003,195.449,(3)-,,,0,E2,1,0,0,1.39062,281.292,1.43921,4.72399e-09,Weisskopf E2,0.636364,0.000604854,0.267962,0.00212045,3.39126e+26,6782.53,0,0
80br,35,80,85.843,0.004,15913.8,5-,309.471,0.004,223.628,(4)-,,,1,M1,0,1,0,0.986291,223.628,1,0.000412223,Weisskopf M1,0.818182,51.8362,0.306595,158.825,6.38377e+21,0.127675,0,0
80br,35,80,85.843,0.004,15913.8,5-,331.048,0.005,245.205,5+,7e-10,,1,E1,0,1,0,1,245.205,1,6.51768e-07,measured,1,0.0833178,0.336178,0.23282,4.29517e+24,85.9034,0,0
80br,35,80,85.843,0.004,15913.8,5-,331.404,0.004,245.561,(3)-,,,0,E2,1,0,0,1.74787,331.404,1.34958,1.4789e-08,Weisskopf E2,0.636364,0.00119958,0.336666,0.00334719,1.70927e+26,3418.53,0,0
80br,35,80,85.843,0.004,15913.8,5-,357.23,0.03,271.387,(6+),4e-10,,1,E1,0,1,0,1.12821,271.387,1,2.04722e-07,measured,1.18182,0.0252488,0.372073,0.0637474,1.39043e+25,278.086,0,0
80br,35,80,85.843,0.004,15913.8,5-,379.91,0.03,294.067,(6-),,,1,M1,0,1,0,1,294.067,1,0.00093733,Weisskopf M1,1.18182,98.4586,0.403168,229.413,4.35894e+21,0.0871789,0,0
80br,35,80,85.843,0.004,15913.8,5-,380.459,0.003,294.616,(3)-,,,0,E2,1,0,0,1.66862,380.459,1.29137,3.67641e-08,Weisskopf E2,0.636364,0.00207166,0.40392,0.00481808,1.24385e+26,2487.7,0,0
80br,35,80,85.843,0.004,15913.8,5-,385.731,0.005,299.888,(4-),,,1,M1,0.0375361,0.962464,0,1.0522,303.11,1.01074,0.000994102,Weisskopf M1,0.818182,69.5129,0.411148,158.825,5.9839e+21,0.119678,0,0
80br,35,80,85.843,0.004,15913.8,5-,390.519,0.004,304.676,(4)-,,,0,M1,0,1,0,1.71633,304.676,1,0.00104248,Weisskopf M1,0.818182,70.6228,0.417713,158.825,3.66843e+21,0.0733687,0,0
80br,35,80,85.843,0.004,15913.8,5-,447.87,0.04,362.027,(7+),,,0,M2,2.22045e-16,1,0,2.12769,362.027,1,2.6599e-09,Weisskopf M2,1.36364,0.000212709,0.496341,0.000402583,1.16744e+27,23348.9,0,0
80br,35,80,85.843,0.004,15913.8,5-,456.375,0.004,370.532,(4)-,,,1,M1,0.413559,0.586441,0,1.89878,406.033,1.09581,0.00187513,Weisskopf M1,0.818182,85.888,0.508002,158.825,3.31594e+21,0.0663189,0,0
80br,35,80,85.843,0.004,15913.8,5-,469.274,0.004,383.431,(3)-,,,0,E2,0.778425,0.221575,0,1.56132,450.253,1.17427,1.37271e-07,Weisskopf E2,0.636364,0.0045668,0.525686,0.00816086,7.84822e+25,1569.64,0,0
80br,35,80,85.843,0.004,15913.8,5-,500.2,0.04,414.357,(4)-,,,1,M1,0.339181,0.660819,0,1.54666,443.473,1.07027,0.00262227,Weisskopf M1,0.818182,96.0464,0.568086,158.825,4.07088e+21,0.0814177,0,0
80br,35,80,85.843,0.004,15913.8,5-,523.289,0.019,437.446,(5-),,,1,M1,0.00673725,0.993263,0,1.91725,438.024,1.00132,0.00308551,Weisskopf M1,1,123.931,0.599741,194.119,2.68691e+21,0.0537383,0,0
80br,35,80,85.843,0.004,15913.8,5-,549.563,0.003,463.72,(3)+,,,0,M2,0.825784,0.174216,0,1.52199,534.608,1.15287,9.17148e-09,Weisskopf M2,0.636364,0.000208611,0.635763,0.000308242,2.13156e+27,42631.1,0,0
80br,35,80,85.843,0.004,15913.8,5-,586.122,0.005,500.279,(3+),,,0,M2,0,1,0,2.70467,500.279,1,1.34036e-08,Weisskopf M2,0.636364,0.000261942,0.685886,0.00035876,1.03058e+27,20611.6,0,0
80br,35,80,85.843,0.004,15913.8,5-,615.51,0.18,529.667,(4-),,,0,M1,0,0,1,0,0,0,0.00547725,Weisskopf M1,0.818182,122.775,0.726177,158.825,,,0,0
80br,35,80,85.843,0.004,15913.8,5-,646.45,0.07,560.607,(3 TO 7),,,1,,0,1,0,1.93458,560.607,1,,unknown,1,,0.768596,,,,0,0
80br,35,80,85.843,0.004,15913.8,5-,685.27,0.1,599.427,(3-),,,0,E2,0.015456,0.984544,0,2.01343,600.754,1.00221,1.28181e-06,Weisskopf E2,0.636364,0.0174485,0.821818,0.019945,2.49017e+25,498.035,0,0
80br,35,80,85.843,0.004,15913.8,5-,754.8,0.7,668.957,(4-),,,0,M1,0,0,1,0,0,0,0.0110344,Weisskopf M1,0.818182,155.062,0.917144,158.825,,,0,0
80br,35,80,85.843,0.004,15913.8,5-,774.16,0.04,688.317,(7-),,,1,E2,0,1,0,1.57143,688.317,1,2.55908e-06,Weisskopf E2,1.36364,0.0566121,0.943687,0.0563549,1.12921e+25,225.841,0,0
80br,35,80,85.843,0.004,15913.8,5-,852.35,0.01,766.507,(3)+,,,0,M2,1,0,0,1.77752,852.35,1.11199,1.13173e-07,Weisskopf M2,0.636364,0.000942144,1.05089,0.000842194,6.67996e+26,13359.9,0,0
80br,35,80,85.843,0.004,15913.8,5-,1358.85,0.03,1273.01,(3-),,,1,E2,0.465377,0.534623,0,3.29437,1312.96,1.03138,5.53727e-05,Weisskopf E2,0.636364,0.167125,1.7453,0.0899545,3.37446e+24,67.4893,0,0
82br,35,82,45.9492,0.001,367.8,2-,75.0621,0.0014,29.1129,(1)+,7.2e-09,,1,E1,0,1,0,0.245098,29.1129,1,6.33664e-08,measured,0.6,0.34478,0.0394242,8.21542,4.96627e+23,9.93254,1,1
82br,35,82,45.9492,0.001,367.8,2-,290.781,0.0014,244.832,(3)-,,,1,M1,1.11022e-16,1,0,0.990846,244.832,1,0.000540948,Weisskopf M1,1.4,97.1074,0.331547,275.143,3.66806e+21,0.0733611,0,0
82br,35,82,45.9492,0.001,367.8,2-,362.801,0.0021,316.852,(2)+,,,0,E1,0,1,0,1.24104,316.852,1,0.0395194,Weisskopf E1,1,3025.53,0.429076,6623.96,1.21646e+20,0.00243292,0,0
82br,35,82,45.9492,0.001,367.8,2-,420.068,0.0016,374.119,(2),,,1,,0,1,0,1.24461,374.119,1,,unknown,1,,0.506626,,,,0,0
82br,35,82,45.9492,0.001,367.8,2-,475.425,0.0017,429.476,(4)-,,,0,E2,1.11022e-16,1,0,1.96903,429.476,1,2.50111e-07,Weisskopf E2,1.8,0.0187599,0.581589,0.0303016,1.67603e+25,335.206,0,0
82br,35,82,45.9492,0.001,367.8,2-,540.989,0.0023,495.04,(2+ 3+),,,1,,0,1,0,1.3891,495.04,1,,unknown,1,,0.670375,,,,0,0
82br,35,82,45.9492,0.001,367.8,2-,627.236,0.0023,581.287,(2 3+),,,1,,0,1,0,1.93831,581.287,1,,unknown,1,,0.787169,,,,0,0
82br,35,82,45.9492,0.001,367.8,2-,641.164,0.0025,595.215,(3+),,,1,E1,0,1,0,1.55246,595.215,1,0.261977,Weisskopf E1,1.4,7956.95,0.80603,9273.55,6.946e+19,0.0013892,0,0
82br,35,82,45.9492,0.001,367.8,2-,689.249,0.006,643.3,(1- 2- 3-),,,1,,0,1,0,1.14993,643.3,1,,unknown,1,,0.871146,,,,0,0
82br,35,82,45.9492,0.001,367.8,2-,762.13,0.07,716.181,,,,1,,0,1,0,1.01561,716.181,1,,unknown,1,,0.96984,,,,0,0
82br,35,82,45.9492,0.001,367.8,2-,763.714,0.017,717.765,(1)+,,,1,E1,0,1,0,1.46503,717.765,1,0.459397,Weisskopf E1,0.6,4112.24,0.971985,3974.38,1.71745e+20,0.00343489,0,0
82br,35,82,45.9492,0.001,367.8,2-,846.689,0.004,800.74,(1+),,,0,E1,0,1,0,2.00983,800.74,1,0.637846,Weisskopf E1,0.6,4587.62,1.08435,3974.38,1.25191e+20,0.00250381,0,0
82br,35,82,45.9492,0.001,367.8,2-,1007.9,0.013,961.948,,,,1,,0,1,0,1.19766,961.948,1,,unknown,1,,1.30265,,,,0,0
82br,35,82,45.9492,0.001,367.8,2-,1022.47,0.024,976.521,,,,1,,0,1,0,1.19864,976.521,1,,unknown,1,,1.32239,,,,0,0
82br,35,82,45.9492,0.001,367.8,2-,1058.98,0.021,1013.03,(1 2 3),,,1,,1.11022e-16,1,0,1.3965,1013.03,1,,unknown,1,,1.37183,,,,0,0
82br,35,82,45.9492,0.001,367.8,2-,1082.85,0.009,1036.9,,,,1,,0,1,0,2.01998,1036.9,1,,unknown,1,,1.40416,,,,0,0
82br,35,82,45.9492,0.001,367.8,2-,1109.79,0.02,1063.84,(1- 2 3),,,1,,0,1,0,1.5006,1063.84,1,,unknown,1,,1.44064,,,,0,0
82br,35,82,45.9492,0.001,367.8,2-,1179.4,0.019,1133.45,(2 3),,,1,,2.22045e-16,1,0,1.89962,1133.45,1,,unknown,1,,1.53489,,,,0,0
82br,35,82,45.9492,0.001,367.8,2-,1232.57,0.025,1186.62,,,,1,,-2.22045e-16,1,0,1.33912,1186.62,1,,unknown,1,,1.6069,,,,0,0
82br,35,82,45.9492,0.001,367.8,2-,1276.2,0.025,1230.25,(1 2 3+),,,1,,1.11022e-16,1,0,1.93868,1230.25,1,,unknown,1,,1.66599,,,,0,0
82br,35,82,45.9492,0.001,367.8,2-,1484,2,1438.05,1+,,,0,E1,0,0,1,0,0,0,3.69457,Weisskopf E1,0.6,8238.92,1.94738,3974.38,,,0,0
82br,35,82,45.9492,0.001,367.8,2-,1680,2,1634.05,(2-),,,0,M1,0,0,1,0,0,0,0.160824,Weisskopf M1,1,462.937,2.2128,196.53,,,0,0
82br,35,82,45.9492,0.001,367.8,2-,1766,2,1720.05,(2-),,,0,M1,0,0,1,0,0,0,0.187576,Weisskopf M1,1,487.302,2.32926,196.53,,,0,0
82br,35,82,45.9492,0.001,367.8,2-,2087,2,2041.05,1+,,,0,E1,0,0,1,0,0,0,10.5634,Weisskopf E1,0.6,11693.6,2.76396,3974.38,,,0,0
82br,35,82,45.9492,0.001,367.8,2-,2136,2,2090.05,1+,,,0,E1,0,0,1,0,0,0,11.3426,Weisskopf E1,0.6,11974.4,2.83031,3974.38,,,0,0
82br,35,82,45.9492,0.001,367.8,2-,2272,2,2226.05,1+,,,0,E1,0,0,1,0,0,0,13.704,Weisskopf E1,0.6,12753.5,3.01448,3974.38,,,0,0
82br,35,82,45.9492,0.001,367.8,2-,2317,2,2271.05,1+,,,0,E1,0,0,1,0,0,0,14.552,Weisskopf E1,0.6,13011.4,3.07542,3974.38,,,0,0
82br,35,82,45.9492,0.001,367.8,2-,2351,2,2305.05,1+,,,0,E1,0,0,1,0,0,0,15.2154,Weisskopf E1,0.6,13206.2,3.12146,3974.38,,,0,0
82br,35,82,45.9492,0.001,367.8,2-,2498,2,2452.05,1+,,,0,E1,0,0,1,0,0,0,18.316,Weisskopf E1,0.6,14048.4,3.32053,3974.38,,,0,0
82br,35,82,45.9492,0.001,367.8,2-,2543,2,2497.05,3+,,,0,E1,0,0,1,0,0,0,19.343,Weisskopf E1,1.4,33381.1,3.38146,9273.55,,,0,0
82br,35,82,45.9492,0.001,367.8,2-,2712,2,2666.05,1+,,,0,E1,0,0,1,0,0,0,23.5422,Weisskopf E1,0.6,15274.4,3.61032,3974.38,,,0,0
82br,35,82,45.9492,0.001,367.8,2-,2801,2,2755.05,1+,,,0,E1,0,0,1,0,0,0,25.9795,Weisskopf E1,0.6,15784.3,3.73084,3974.38,,,0,0
82br,35,82,45.9492,0.001,367.8,2-,2876,2,2830.05,1+,,,0,E1,0,0,1,0,0,0,28.1595,Weisskopf E1,0.6,16214,3.83241,3974.38,,,0,0
82br,35,82,45.9492,0.001,367.8,2-,2940,2,2894.05,1+,,,0,E1,0,0,1,0,0,0,30.1134,Weisskopf E1,0.6,16580.7,3.91907,3974.38,,,0,0
82br,35,82,45.9492,0.001,367.8,2-,3028,2,2982.05,1+,,,0,E1,0,0,1,0,0,0,32.9448,Weisskopf E1,0.6,17084.8,4.03824,3974.38,,,0,0
79kr,36,79,129.77,0.05,50,7/2+,147.06,0.06,17.29,5/2-,7.87e-08,,1,E1,0.801627,0.198373,0,0.669772,121.317,7.01661,1.15e-09,measured,0.75,0.0221755,0.0238543,0.87329,1.70968e+24,34.1936,1,1
79kr,36,79,129.77,0.05,50,7/2+,148.88,0.06,19.11,9/2+,,,1,M1,0,1,0,0.0617284,19.11,1,2.57238e-07,Weisskopf M1,1.25,6.76749,0.0263652,241.127,6.71844e+22,1.34369,1,1
79kr,36,79,129.77,0.05,50,7/2+,182.78,0.05,53.01,3/2-,2.1e-10,,0,M2,1,0,0,0.975039,182.78,3.44803,1.77545e-13,Weisskopf M2,0.5,2.42809e-07,0.0731356,3.1188e-06,3.28845e+29,6.5769e+06,0,1
79kr,36,79,129.77,0.05,50,7/2+,290.52,0.05,160.75,5/2+,6.2e-10,,1,M1,0.491413,0.508587,0,1.34995,224.521,1.39671,2.65682e-07,measured,0.75,0.0592687,0.22178,0.251046,2.95073e+24,59.0146,0,0
79kr,36,79,129.77,0.05,50,7/2+,384.11,0.06,254.34,3/2-,2.1e-11,,0,M2,0.99656,0.00343985,0,1.13243,383.664,1.50847,4.51432e-10,Weisskopf M2,0.5,2.68186e-05,0.350902,7.17961e-05,1.22995e+28,245991,0,0
79kr,36,79,129.77,0.05,50,7/2+,401.92,0.06,272.15,5/2-,3.3e-11,,0,E1,0.985979,0.0140206,0,1.4657,400.101,1.47015,0.0244273,Weisskopf E1,0.75,1901.18,0.375473,4756.58,1.43437e+20,0.00286873,0,0
79kr,36,79,129.77,0.05,50,7/2+,449.95,0.06,320.18,7/2-,5.1e-11,,1,E1,0.537221,0.462779,0,1.46287,389.895,1.21774,2.39294e-06,measured,1,0.17941,0.441738,0.381533,1.79169e+24,35.8339,0,0
79kr,36,79,129.77,0.05,50,7/2+,635.79,0.08,506.02,5/2+,1e-11,,1,M1,0.0617652,0.938235,0,1.17268,514.035,1.01584,3.59333e-05,measured,0.75,0.808957,0.698134,1.08852,7.83396e+23,15.6679,0,0
79kr,36,79,129.77,0.05,50,7/2+,659.28,0.09,529.51,(5/2)-,,,0,E1,0.933525,0.0664748,0,1.95769,650.654,1.22878,0.179917,Weisskopf E1,0.75,3699.04,0.730542,4756.58,1.0739e+20,0.00214779,0,0
79kr,36,79,129.77,0.05,50,7/2+,673.14,0.1,543.37,7/2(+),,,1,M1,0.19347,0.80653,0,1.55432,568.477,1.04621,0.00591345,Weisskopf M1,1,153.94,0.749664,192.902,3.33521e+21,0.0667042,0,0
79kr,36,79,129.77,0.05,50,7/2+,688.17,0.05,558.4,3/2+,,,1,E2,0.92112,0.0788804,0,1.70708,677.934,1.21406,8.8427e-07,Weisskopf E2,0.5,0.0108985,0.7704,0.0132893,4.40803e+25,881.606,0,0
79kr,36,79,129.77,0.05,50,7/2+,694.9,0.09,565.13,(7/2)-,5.5e-12,,0,E1,0.995731,0.00426917,0,2.11332,694.346,1.22865,0.218724,Weisskopf E1,1,5263.83,0.779685,6342.1,7.46107e+19,0.00149221,0,0
79kr,36,79,129.77,0.05,50,7/2+,752.04,0.06,622.27,5/2+,2.1e-11,,1,M1,0.183176,0.816824,0,1.3329,646.041,1.0382,1.49438e-05,measured,0.75,0.222468,0.858519,0.243426,3.08201e+24,61.6401,0,0
79kr,36,79,129.77,0.05,50,7/2+,814.27,0.08,684.5,9/2-,4.2e-12,,1,E1,0.671149,0.328851,0,1.65601,771.595,1.12724,1.42596e-05,measured,1.25,0.292397,0.944374,0.290856,2.07615e+24,41.5231,0,0
79kr,36,79,129.77,0.05,50,7/2+,835.5,0.3,705.73,(3/2),,,1,,0.978335,0.021665,0,2.11985,832.689,1.1799,,unknown,0.5,,0.973665,,,,0,0
79kr,36,79,129.77,0.05,50,7/2+,896.69,0.09,766.92,11/2+,1.5e-12,,1,E2,0,1,0,1.05144,766.92,1,5.06931e-05,measured,1.5,0.993672,1.05809,0.882211,1.07806e+24,21.5612,0,0
79kr,36,79,129.77,0.05,50,7/2+,958.31,0.12,828.54,(9/2+),7e-12,,0,M1,0.0402038,0.959796,0,1.37006,833.757,1.0063,0.020965,Weisskopf M1,1.25,293.414,1.1431,241.127,3.02701e+21,0.0605401,0,0
79kr,36,79,129.77,0.05,50,7/2+,983.71,0.11,853.94,(7/2)-,6e-12,,0,E1,0.976904,0.0230959,0,2.42238,980.713,1.14846,0.754627,Weisskopf E1,1,7953.91,1.17814,6342.1,6.50915e+19,0.00130183,0,0
79kr,36,79,129.77,0.05,50,7/2+,1038.84,0.24,909.07,(11/2)+,,,1,E2,0,1,0,1.03118,909.07,1,1.01122e-05,Weisskopf E2,1.5,0.141073,1.2542,0.105664,9.17784e+24,183.557,0,0
79kr,36,79,129.77,0.05,50,7/2+,1063.48,0.09,933.71,9/2-,2.1e-12,,0,E1,0.929049,0.0709505,0,2.56076,1054.27,1.12912,0.986476,Weisskopf E1,1.25,10871.2,1.2882,7927.63,4.92592e+19,0.000985184,0,0
79kr,36,79,129.77,0.05,50,7/2+,1064.68,0.07,934.91,(5/2+ 7/2),,,1,,0.213982,0.786018,0,1.66575,962.678,1.0297,,unknown,1,,1.28985,,,,0,0
79kr,36,79,129.77,0.05,50,7/2+,1079.13,0.12,949.36,(5/2+ 7/2),,,1,,0.30148,0.69852,0,1.83766,988.483,1.04121,,unknown,1,,1.30979,,,,0,0
79kr,36,79,129.77,0.05,50,7/2+,1171.48,0.09,1041.71,11/2-,2.8e-12,,0,M2,0.486949,0.513051,0,2.32489,1104.9,1.06066,5.20299e-07,Weisskopf M2,1.5,0.00552781,1.4372,0.00361315,1.19045e+26,2380.9,0,0
79kr,36,79,129.77,0.05,50,7/2+,1299.91,0.17,1170.14,(5/2+),4.9e-13,,1,M1,0.454272,0.545728,0,1.68448,1229.09,1.05038,0.000284419,measured,0.75,1.19742,1.61439,0.696769,8.52009e+23,17.0402,0,0
79kr,36,79,129.77,0.05,50,7/2+,1363.15,0.17,1233.38,(9/2-),,,0,E1,0.966812,0.0331878,0,3.16012,1358.84,1.10172,2.27374,Weisskopf E1,1.25,14360.2,1.70164,7927.63,3.99165e+19,0.000798331,0,0
79kr,36,79,129.77,0.05,50,7/2+,1428.17,0.08,1298.4,(5/2+),4.2e-13,,1,M1,0.299657,0.700343,0,1.69459,1337.29,1.02995,0.00042936,measured,0.75,1.46814,1.79135,0.76991,7.66469e+23,15.3294,0,0
79kr,36,79,129.77,0.05,50,7/2+,1450.59,0.12,1320.82,(11/2-),1.2e-12,,0,M2,0.988561,0.0114387,0,3.16101,1449.11,1.09713,1.70505e-06,Weisskopf M2,1.5,0.0112679,1.82228,0.00580871,5.44621e+25,1089.24,0,0
79kr,36,79,129.77,0.05,50,7/2+,1609.93,0.06,1480.16,(3/2+ 5/2+),,,1,,0.721157,0.278843,0,2.26928,1573.74,1.06323,,unknown,1,,2.04211,,,,0,0
79kr,36,79,129.77,0.05,50,7/2+,1707.35,0.1,1577.58,(5/2+ 7/2),2.8e-13,,1,,0.236955,0.763045,0,2.02543,1608.33,1.01949,0.000160473,measured,1,0.49559,2.17652,0.2139,2.30819e+24,46.1638,0,0
79kr,36,79,129.77,0.05,50,7/2+,1812.42,0.11,1682.65,(5/2+),,,1,M1,0.483186,0.516814,0,1.887,1745.35,1.03726,0.175604,Weisskopf M1,0.75,357.529,2.32148,144.676,3.66295e+21,0.0732589,0,0
79kr,36,79,129.77,0.05,50,7/2+,2060,0.5,1930.23,5/2+,,,0,M1,0,0,1,0,0,0,0.265082,Weisskopf M1,0.75,410.135,2.66305,144.676,,,0,0
79kr,36,79,129.77,0.05,50,7/2+,2105.19,0.19,1975.42,(5/2+ 7/2-),,,1,,0.599864,0.400136,0,1.99223,2053.26,1.03941,,unknown,1,,2.7254,,,,0,0
79kr,36,79,129.77,0.05,50,7/2+,2583.83,0.14,2454.06,(5/2+),,,1,M1,0.423141,0.576859,0,2.47067,2508.97,1.02238,0.544765,Weisskopf M1,0.75,521.439,3.38576,144.676,2.79761e+21,0.0559522,0,0
79kr,36,79,129.77,0.05,50,7/2+,2586.29,0.11,2456.52,(3/2+),,,1,E2,0.71551,0.28449,0,2.27476,2549.37,1.0378,0.001457,Weisskopf E2,0.5,0.92788,3.38915,0.257188,1.70928e+24,34.1856,0,0
81kr,36,81,190.53,0.04,13.1,1/2-,456.7,0.03,266.17,5/2-,,,1,E2,0.986757,0.0132426,0,0.998466,454.177,1.70634,2.24973e-08,Weisskopf E2,3,0.00732212,0.362661,0.0189665,5.28056e+25,1056.11,0,0
81kr,36,81,190.53,0.04,13.1,1/2-,548.99,0.03,358.46,5/2+,,,0,M2,1,0,0,1.09624,548.99,1.53152,2.55247e-09,Weisskopf M2,3,0.00045804,0.488408,0.000880991,1.03544e+27,20708.7,0,0
81kr,36,81,190.53,0.04,13.1,1/2-,608.51,0.06,417.98,3/2+,,,0,E1,1,0,0,1.0383,608.51,1.45584,0.089982,Weisskopf E1,2,7917.31,0.569505,13059.6,7.37474e+19,0.00147495,0,0
81kr,36,81,190.53,0.04,13.1,1/2-,636.76,0.04,446.23,3/2-,,,1,M1,0.0076558,0.992344,0,1.00422,447.689,1.00327,0.00327514,Weisskopf M1,2,252.84,0.607996,390.657,2.54904e+21,0.0509808,0,0
81kr,36,81,190.53,0.04,13.1,1/2-,700.84,0.05,510.31,5/2-,,,1,E2,0.0643699,0.93563,0,1.07005,522.574,1.02403,5.82781e-07,Weisskopf E2,3,0.0516014,0.695306,0.0697166,1.34047e+25,268.094,0,0
81kr,36,81,190.53,0.04,13.1,1/2-,732.06,0.07,541.53,(5/2)+,,,0,M2,1,0,0,1.43214,732.06,1.35184,2.00849e-08,Weisskopf M2,3,0.00157924,0.737844,0.00201064,3.4728e+26,6945.6,0,0
81kr,36,81,190.53,0.04,13.1,1/2-,919.95,0.08,729.42,3/2-,,,1,M1,0.00442477,0.995575,0,1.1775,730.263,1.00116,0.014305,Weisskopf M1,2,413.299,0.993847,390.657,2.17392e+21,0.0434785,0,0
81kr,36,81,190.53,0.04,13.1,1/2-,976.65,0.1,786.12,1/2+,,,0,E1,0.227898,0.772102,0,2.00974,829.541,1.05524,0.598626,Weisskopf E1,1,7445.28,1.0711,6529.81,7.62007e+19,0.00152401,0,0
81kr,36,81,190.53,0.04,13.1,1/2-,994.25,0.05,803.72,1/2- 3/2- 5/2-,,,1,,0.58786,0.41214,0,1.78478,915.725,1.13936,,unknown,1,,1.09508,,,,0,0
81kr,36,81,190.53,0.04,13.1,1/2-,1025.66,0.04,835.13,3/2- 5/2-,,,1,,0.442351,0.557649,0,1.64273,919.411,1.10092,,unknown,1,,1.13788,,,,0,0
81kr,36,81,190.53,0.04,13.1,1/2-,1100.01,0.07,909.48,5/2+,,,0,M2,0.817704,0.182296,0,1.39041,1065.28,1.1713,2.68363e-07,Weisskopf M2,3,0.00748102,1.23918,0.00567122,1.26818e+26,2536.36,0,0
81kr,36,81,190.53,0.04,13.1,1/2-,1239.08,0.1,1048.55,(3/2)+,,,1,E1,0.147714,0.852286,0,1.94573,1076.69,1.02684,1.42055,Weisskopf E1,2,19861.5,1.42867,13059.6,3.93539e+19,0.000787078,0,0
81kr,36,81,190.53,0.04,13.1,1/2-,1278.25,0.14,1087.72,(1/2 3/2),,,1,,0.210985,0.789015,0,1.73301,1127.92,1.03696,,unknown,1,,1.48204,,,,0,0
81kr,36,81,190.53,0.04,13.1,1/2-,1280.49,0.08,1089.96,(3/2 5/2-),,,1,,0.45809,0.54191,0,1.69824,1177.24,1.08008,,unknown,1,,1.48509,,,,0,0
81kr,36,81,190.53,0.04,13.1,1/2-,1491.64,0.18,1301.11,1/2+,,,0,E1,1,0,0,2.0543,1491.64,1.14644,2.71413,Weisskopf E1,1,12322.7,1.77278,6529.81,7.45477e+19,0.00149095,0,0
81kr,36,81,190.53,0.04,13.1,1/2-,1558.3,0.4,1367.77,,,,1,,0.0962235,0.903776,0,1.35734,1386.1,1.0134,,unknown,1,,1.86361,,,,0,0
81kr,36,81,190.53,0.04,13.1,1/2-,1677.99,0.05,1487.46,1/2- 3/2- 5/2-,,,1,,0.0888035,0.911197,0,2.07665,1504.38,1.01137,,unknown,1,,2.02669,,,,0,0
81kr,36,81,190.53,0.04,13.1,1/2-,1744.77,0.1,1554.24,(1/2)-,,,1,M1,0.11593,0.88407,0,1.60635,1576.33,1.01421,0.138391,Weisskopf M1,1,440.327,2.11768,195.328,3.18708e+21,0.0637416,0,0
81kr,36,81,190.53,0.04,13.1,1/2-,1888,0.5,1697.47,5/2+,,,0,M2,0,0,1,0,0,0,6.0781e-06,Weisskopf M2,3,0.0486393,2.31283,0.0197558,,,0,0
81kr,36,81,190.53,0.04,13.1,1/2-,2065.08,0.17,1874.55,(1/2 3/2)-,,,1,,0.0371058,0.962894,0,1.87761,1881.62,1.00377,,unknown,1,,2.55411,,,,0,0
81kr,36,81,190.53,0.04,13.1,1/2-,2097.02,0.21,1906.49,(1/2 3/2 5/2-),,,1,,0.00291103,0.997089,0,1.77467,1907.04,1.00029,,unknown,1,,2.59762,,,,0,0
81kr,36,81,190.53,0.04,13.1,1/2-,2144.04,0.21,1953.51,(1/2 3/2 5/2-),,,1,,0.00196657,0.998033,0,1.52333,1953.88,1.00019,,unknown,1,,2.66169,,,,0,0
81kr,36,81,190.53,0.04,13.1,1/2-,2218,0.5,2027.47,5/2+,,,0,M2,0,0,1,0,0,0,1.47751e-05,Weisskopf M2,3,0.082879,2.76246,0.0281838,,,0,0
81kr,36,81,190.53,0.04,13.1,1/2-,2365,0.5,2174.47,1/2+,,,0,E1,0,0,1,0,0,0,12.6692,Weisskopf E1,1,20594.2,2.96275,6529.81,,,0,0
81kr,36,81,190.53,0.04,13.1,1/2-,2421,0.5,2230.47,1/2+,,,0,E1,0,0,1,0,0,0,13.6735,Weisskopf E1,1,21124.6,3.03905,6529.81,,,0,0
83kr,36,83,41.5575,0.0007,6588,1/2-,561.958,0.0008,520.401,5/2-,6.2e-12,,1,E2,0.261542,0.738458,0,1.01234,531.27,1.02089,5.43407e-05,measured,3,4.62672,0.70046,6.20498,1.59197e+23,3.18394,0,0
83kr,36,83,41.5575,0.0007,6588,1/2-,571.154,0.001,529.596,(3/2-),1.04e-12,,1,M1,0,1,0,0.998064,529.596,1,0.00043869,measured,2,24.0437,0.712837,31.6856,3.16213e+22,0.632427,0,0
83kr,36,83,41.5575,0.0007,6588,1/2-,690.146,0.008,648.588,5/2-,1.04e-11,,1,E2,0.198504,0.801496,0,1.12852,656.838,1.01272,2.85418e-05,measured,3,1.56447,0.873001,1.68346,5.26367e+23,10.5273,0,0
83kr,36,83,41.5575,0.0007,6588,1/2-,799.48,0.03,757.923,5/2+,1.7e-12,,0,M2,1,0,0,1.04062,799.48,1.05483,1.09633e-07,Weisskopf M2,3,0.00440066,1.02016,0.00405227,2.37143e+26,4742.87,0,0
83kr,36,83,41.5575,0.0007,6588,1/2-,1277.9,0.3,1236.34,1/2+,,,0,E1,0,1,0,1.99806,1236.34,1,2.36683,Weisskopf E1,1,11901.3,1.66412,6718.3,7.44957e+19,0.00148991,0,0
83kr,36,83,41.5575,0.0007,6588,1/2-,2379,0.5,2337.44,1/2+,,,0,E1,0,0,1,0,0,0,15.9946,Weisskopf E1,1,22500.7,3.1462,6718.3,,,0,0
85kr,36,85,304.871,0.02,16128,1/2-,1107.32,0.07,802.449,1/2- 3/2-,,,1,,0,1,0,1,802.449,1,,unknown,1,,1.06731,,,,0,0
85kr,36,85,304.871,0.02,16128,1/2-,1140.73,0.07,835.859,5/2+,3.5e-12,,0,M2,1,0,0,1,1140.73,1.36474,1.8171e-07,Weisskopf M2,3,0.00599703,1.11175,0.00506733,1.97343e+26,3946.85,0,0
85kr,36,85,304.871,0.02,16128,1/2-,1166.69,0.06,861.819,(1/2 3/2 5/2-),,,1,,0,1,0,1,861.819,1,,unknown,1,,1.14628,,,,0,0
85kr,36,85,304.871,0.02,16128,1/2-,1223.98,0.07,919.109,(5/2-),2.4e-12,,1,E2,0,1,0,1,919.109,1,0.000190099,measured,3,5.18884,1.22248,3.9873,2.50796e+23,5.01593,0,0
85kr,36,85,304.871,0.02,16128,1/2-,1342.61,0.05,1037.74,(3/2+),,,1,E1,0.123266,0.876734,0,1.46638,1075.32,1.03621,1.42203,Weisskopf E1,2,20298.6,1.38027,13815.1,4.93627e+19,0.000987255,0,0
85kr,36,85,304.871,0.02,16128,1/2-,1416.57,0.09,1111.7,(5/2+),4.2e-13,,0,M2,0.763942,0.236058,0,1.23606,1344.6,1.2095,7.56222e-07,Weisskopf M2,3,0.0141091,1.47864,0.0089637,9.02555e+25,1805.11,0,0
85kr,36,85,304.871,0.02,16128,1/2-,1430.6,1,1125.73,1/2+,,,1,E1,0,1,0,1,1125.73,1,1.81529,Weisskopf E1,1,11009.9,1.4973,6907.55,1.44769e+20,0.00289538,0,0
85kr,36,85,304.871,0.02,16128,1/2-,1873.52,0.18,1568.65,(5/2)+,2.1e-13,,0,M2,0.123266,0.876734,0,2.46638,1606.23,1.02396,4.23002e-06,Weisskopf M2,3,0.0396383,2.08641,0.017847,2.27183e+25,454.365,0,0
85kr,36,85,304.871,0.02,16128,1/2-,2031.96,0.08,1727.09,1/2- 3/2- 5/2-,,,1,,0.00225266,0.997747,0,1.83747,1727.78,1.0004,,unknown,1,,2.29715,,,,0,0
85kr,36,85,304.871,0.02,16128,1/2-,2055.1,0.9,1750.23,3/2+,,,0,E1,0,0,1,0,0,0,6.82228,Weisskopf E1,2,34235.2,2.32793,13815.1,,,0,0
85kr,36,85,304.871,0.02,16128,1/2-,2137.34,0.07,1832.47,(3/2 5/2)-,4.8e-13,,1,,0.0333708,0.966629,0,1.79577,1842.64,1.00555,0.000338134,measured,1,0.773961,2.43731,0.298303,1.86677e+24,37.3354,0,0
85kr,36,85,304.871,0.02,16128,1/2-,2742.1,1.2,2437.23,1/2+,,,0,E1,0,0,1,0,0,0,18.4219,Weisskopf E1,1,23836.6,3.24169,6907.55,,,0,0
85kr,36,85,304.871,0.02,16128,1/2-,2845.1,1.2,2540.23,(5/2)+,,,0,M2,0,0,1,0,0,0,4.71061e-05,Weisskopf M2,3,0.168328,3.37869,0.0468014,,,0,0
85kr,36,85,304.871,0.02,16128,1/2-,2866.4,1.4,2561.53,1/2+,,,0,E1,0,0,1,0,0,0,21.3867,Weisskopf E1,1,25052.3,3.40702,6907.55,,,0,0
85kr,36,85,304.871,0.02,16128,1/2-,3060.9,1.3,2756.03,3/2+,,,0,E1,0,0,1,0,0,0,26.6377,Weisskopf E1,2,53909.1,3.66571,13815.1,,,0,0
85kr,36,85,304.871,0.02,16128,1/2-,3113.9,1.5,2809.03,1/2+,,,0,E1,0,0,1,0,0,0,28.2042,Weisskopf E1,1,27472.9,3.73621,6907.55,,,0,0
85kr,36,85,304.871,0.02,16128,1/2-,3153.5,2.2,2848.63,1/2+,,,0,E1,0,0,1,0,0,0,29.4139,Weisskopf E1,1,27860.2,3.78888,6907.55,,,0,0
85kr,36,85,304.871,0.02,16128,1/2-,3285.1,1.9,2980.23,(1/2+),,,0,E1,0,0,1,0,0,0,33.6817,Weisskopf E1,1,29147.3,3.96392,6907.55,,,0,0
78rb,37,78,111.19,0.22,344.4,4(-),114.9,0.3,3.71,(4+),,,1,E1,0,1,0,1,3.71,1,6.13598e-08,Weisskopf E1,1,34.2641,0.00515123,6248.54,1.60037e+20,0.00320075,1,1
78rb,37,78,111.19,0.22,344.4,4(-),119.7,0.22,8.51,(3+),,,0,E1,0,1,0,2,8.51,1,7.40544e-07,Weisskopf E1,0.777778,61.1294,0.0118159,4859.98,1.02881e+20,0.00205762,1,1
78rb,37,78,111.19,0.22,344.4,4(-),134.07,0.16,22.88,(2-),,,0,E2,1,0,0,1.53135,134.07,5.8597,1.00406e-13,Weisskopf E2,0.555556,8.18993e-07,0.0317682,2.4218e-05,2.69642e+28,539285,1,1
78rb,37,78,111.19,0.22,344.4,4(-),160.73,0.17,49.54,2(+),,,0,M2,1,0,0,1.51342,160.73,3.24445,1.2549e-13,Weisskopf M2,0.555556,2.18338e-07,0.0687849,2.98185e-06,2.21592e+29,4.43185e+06,0,1
78rb,37,78,111.19,0.22,344.4,4(-),232.4,0.19,121.21,(2+),,,0,M2,0.930435,0.0695652,0,2.00024,224.665,1.85352,1.10033e-11,Weisskopf M2,0.555556,3.19798e-06,0.168297,1.78505e-05,2.8007e+28,560141,0,0
78rb,37,78,111.19,0.22,344.4,4(-),263.79,0.23,152.6,(5-),1.22e-10,,1,M1,0,1,0,1.02913,152.6,1,3.63073e-06,measured,1.22222,1.46466,0.211881,6.49378,1.49635e+23,2.99271,0,0
78rb,37,78,111.19,0.22,344.4,4(-),270.1,0.3,158.91,(5+),7.7e-11,,0,E1,0,1,0,2,158.91,1,0.00482187,Weisskopf E1,1.22222,1793.77,0.220642,7637.11,6.54698e+19,0.0013094,0,0
78rb,37,78,111.19,0.22,344.4,4(-),274.39,0.19,163.2,(3-),,,0,M1,1,0,0,2.40091,274.39,1.68131,0.000160219,Weisskopf M1,0.777778,35.9611,0.226599,149.082,2.79381e+21,0.0558763,0,0
78rb,37,78,111.19,0.22,344.4,4(-),327.49,0.2,216.3,(3+),,,1,E1,0.565963,0.434037,0,2.62978,279.229,1.29094,0.0121599,Weisskopf E1,0.777778,1553.74,0.300326,4859.98,7.82431e+19,0.00156486,0,0
78rb,37,78,111.19,0.22,344.4,4(-),334.22,0.2,223.03,(3+),,,1,E1,0.411215,0.588785,0,2.55692,268.753,1.20501,0.0133307,Weisskopf E1,0.777778,1602.08,0.309671,4859.98,8.04727e+19,0.00160945,0,0
78rb,37,78,111.19,0.22,344.4,4(-),351.03,0.23,239.84,(3+),,,0,E1,1,0,0,2.44519,351.03,1.4636,0.0165778,Weisskopf E1,0.777778,1722.83,0.333011,4859.98,8.41499e+19,0.001683,0,0
78rb,37,78,111.19,0.22,344.4,4(-),395.59,0.23,284.4,(4-),,,1,M1,0.0230831,0.976917,0,1.31712,286.967,1.00902,0.000847896,Weisskopf M1,1,80.5724,0.394881,191.677,3.96098e+21,0.0792197,0,0
78rb,37,78,111.19,0.22,344.4,4(-),398.9,0.4,287.71,(4+),,,0,E1,0,1,0,2.36709,287.71,1,0.0286172,Weisskopf E1,1,2657.17,0.399477,6248.54,6.76094e+19,0.00135219,0,0
78rb,37,78,111.19,0.22,344.4,4(-),422.8,0.3,311.61,(6+),6.7e-11,,0,M2,0,1,0,2.76007,311.61,1,1.23563e-09,Weisskopf M2,1.44444,0.000141276,0.432662,0.00030674,1.18116e+27,23623.2,0,0
78rb,37,78,111.19,0.22,344.4,4(-),440.09,0.21,328.9,(4-),,,0,M1,0.806853,0.193147,0,3.45493,418.614,1.27277,0.00131143,Weisskopf M1,1,93.1796,0.456668,191.677,1.51004e+21,0.0302009,0,0
78rb,37,78,111.19,0.22,344.4,4(-),475.89,0.24,364.7,(4-),,,0,M1,0.916453,0.0835471,0,3.15103,466.6,1.27941,0.00178797,Weisskopf M1,1,103.322,0.506376,191.677,1.65568e+21,0.0331136,0,0
78rb,37,78,111.19,0.22,344.4,4(-),488.79,0.23,377.6,6(-),2.63e-11,,1,E2,1.11022e-16,1,0,1.62846,377.6,1,6.87077e-06,measured,1.44444,0.534989,0.524287,0.958576,6.40615e+23,12.8123,0,0
78rb,37,78,111.19,0.22,344.4,4(-),528.83,0.24,417.64,(4+),,,0,E1,0.917481,0.0825191,0,3.01261,519.655,1.24426,0.0875323,Weisskopf E1,1,3857.16,0.579881,6248.54,5.31225e+19,0.00106245,0,0
78rb,37,78,111.19,0.22,344.4,4(-),538.3,0.3,427.11,(4+),,,0,E1,0.68764,0.31236,0,3.50446,503.569,1.17901,0.0936227,Weisskopf E1,1,3944.62,0.59303,6248.54,4.56667e+19,0.000913334,0,0
78rb,37,78,111.19,0.22,344.4,4(-),595.29,0.23,484.1,(5-),,,1,M1,0.225666,0.774334,0,2.69485,509.192,1.05183,0.00418176,Weisskopf M1,1.22222,167.626,0.672159,234.272,1.58396e+21,0.0316793,0,0
78rb,37,78,111.19,0.22,344.4,4(-),663.5,0.3,552.31,(5-),,,0,M1,0.402805,0.597195,0,3.12158,597.098,1.08109,0.00621016,Weisskopf M1,1.22222,191.245,0.766867,234.272,1.36743e+21,0.0273486,0,0
78rb,37,78,111.19,0.22,344.4,4(-),688.9,0.4,577.71,(5+),,,0,E1,0,1,0,3.45543,577.71,1,0.231682,Weisskopf E1,1.22222,6521.17,0.802134,7637.11,3.78938e+19,0.000757877,0,0
78rb,37,78,111.19,0.22,344.4,4(-),699.5,0.3,588.31,(5-),,,0,M1,0.958863,0.0411374,0,3.77026,694.926,1.18122,0.00750538,Weisskopf M1,1.22222,203.71,0.816852,234.272,1.13216e+21,0.0226432,0,0
78rb,37,78,111.19,0.22,344.4,4(-),736.8,0.4,625.61,(6+),,,0,M2,0,1,0,3.24594,625.61,1,4.0304e-08,Weisskopf M2,1.44444,0.00114326,0.868642,0.00123639,2.49175e+26,4983.5,0,0
78rb,37,78,111.19,0.22,344.4,4(-),785.9,0.4,674.71,(5+),,,0,E1,0.780671,0.219329,0,4.30538,761.513,1.12865,0.369074,Weisskopf E1,1.22222,7616.1,0.936816,7637.11,3.0413e+19,0.000608261,0,0
78rb,37,78,111.19,0.22,344.4,4(-),824.9,0.5,713.71,(5+),,,0,E1,0.842554,0.157446,0,4.06128,807.394,1.13126,0.436845,Weisskopf E1,1.22222,8056.33,0.990966,7637.11,3.2241e+19,0.000644819,0,0
78rb,37,78,111.19,0.22,344.4,4(-),872.19,0.24,761,(6-),,,0,E2,0.129652,0.870348,0,3.20054,775.416,1.01894,4.087e-06,Weisskopf E2,1.44444,0.07835,1.05663,0.0696575,4.48548e+24,89.7096,0,0
78rb,37,78,111.19,0.22,344.4,4(-),949.3,0.4,838.11,(6-),,,0,E2,0.509759,0.490241,0,4.20982,894.79,1.06763,6.62196e-06,Weisskopf E2,1.44444,0.104662,1.16369,0.0844891,2.81148e+24,56.2297,0,0
78rb,37,78,111.19,0.22,344.4,4(-),1017.4,0.4,906.21,(6-),,,0,E2,0.472937,0.527063,0,3.51691,958.796,1.05803,9.78646e-06,Weisskopf E2,1.44444,0.132304,1.25825,0.0987771,2.87861e+24,57.5721,0,0
78rb,37,78,111.19,0.22,344.4,4(-),1080.9,0.5,969.71,(6+),,,0,M2,0.816885,0.183115,0,4.96318,1060.54,1.09367,3.60612e-07,Weisskopf M2,1.44444,0.00425755,1.34641,0.00297051,6.7828e+25,1356.56,0,0
81rb,37,81,86.31,0.06,1830,9/2+,153.484,0.019,67.174,5/2-,2.1e-10,,0,M2,1,0,0,0.942507,153.484,2.28487,5.89879e-13,Weisskopf M2,0.6,6.02858e-07,0.0915257,6.1876e-06,1.71472e+29,3.42944e+06,0,1
81rb,37,81,86.31,0.06,1830,9/2+,245.273,0.025,158.963,5/2+,,,1,E2,0.834304,0.165696,0,0.969379,230.972,1.45299,1.70929e-09,Weisskopf E2,0.6,0.000311945,0.21659,0.00135298,7.62458e+26,15249.2,0,0
81rb,37,81,86.31,0.06,1830,9/2+,433.7,0.4,347.39,(7/2+),,,1,M1,0,1,0,0.994382,347.39,1,0.00154527,Weisskopf M1,0.8,78.7343,0.473325,156.263,6.43563e+21,0.128713,0,0
81rb,37,81,86.31,0.06,1830,9/2+,457,0.5,370.69,(5/2)-,,,0,M2,0,0,1,0,0,0,3.01864e-09,Weisskopf M2,0.6,0.000101308,0.505071,0.000188426,,,0,0
81rb,37,81,86.31,0.06,1830,9/2+,486.69,0.05,400.38,(5/2-),,,0,M2,1,0,0,1.19449,486.69,1.21557,4.4373e-09,Weisskopf M2,0.6,0.000127652,0.545524,0.000219819,3.8085e+27,76170,0,0
81rb,37,81,86.31,0.06,1830,9/2+,612.27,0.23,525.96,7/2-,3.7e-12,,0,E1,1,0,0,1.7041,612.27,1.1641,0.179286,Weisskopf E1,0.8,3985.06,0.716629,5223.85,1.12335e+20,0.00224669,0,0
81rb,37,81,86.31,0.06,1830,9/2+,630.59,0.06,544.28,(5/2+),,,1,E2,0.993511,0.0064893,0,1.71172,630.03,1.15755,8.04354e-07,Weisskopf E2,0.6,0.0125215,0.741591,0.0158615,3.6832e+25,736.64,0,0
81rb,37,81,86.31,0.06,1830,9/2+,709.18,0.27,622.87,(13/2)+,6e-12,,1,E2,0,1,0,0.998203,622.87,1,7.60396e-05,measured,1.4,2.109,0.848671,2.33447,4.29135e+23,8.58269,0,0
81rb,37,81,86.31,0.06,1830,9/2+,827.5,0.7,741.19,(5/2)+,,,0,E2,0.211689,0.788311,0,1.98804,759.461,1.02465,3.76689e-06,Weisskopf E2,0.6,0.0316212,1.00988,0.0294142,1.71009e+25,342.017,0,0
81rb,37,81,86.31,0.06,1830,9/2+,896.25,0.27,809.94,(7/2-),,,0,E1,0.999784,0.000216335,0,1.90918,896.231,1.10654,0.654708,Weisskopf E1,0.8,6136.7,1.10356,5223.85,1.00268e+20,0.00200536,0,0
81rb,37,81,86.31,0.06,1830,9/2+,913,0.5,826.69,(5/2+),,,0,E2,0,0,1,0,0,0,6.50203e-06,Weisskopf E2,0.6,0.043875,1.12638,0.0365918,,,0,0
81rb,37,81,86.31,0.06,1830,9/2+,913.15,0.28,826.84,9/2-,1.46e-12,,0,E1,1,0,0,2.19418,913.15,1.10439,0.696552,Weisskopf E1,1,7830.93,1.12658,6529.81,6.97954e+19,0.00139591,0,0
81rb,37,81,86.31,0.06,1830,9/2+,987.09,0.3,900.78,(11/2+),,,1,M1,0,1,0,1.95472,900.78,1,0.0269408,Weisskopf M1,1.2,306.236,1.22733,234.394,2.18257e+21,0.0436514,0,0
81rb,37,81,86.31,0.06,1830,9/2+,1035.3,0.4,948.99,(11/2+),,,1,M1,0,1,0,1.25328,948.99,1,0.031502,Weisskopf M1,1.2,322.626,1.29301,234.394,3.40413e+21,0.0680827,0,0
81rb,37,81,86.31,0.06,1830,9/2+,1174.28,0.33,1087.97,(9/2-),,,0,E1,1,0,0,2.44929,1174.28,1.07933,1.58686,Weisskopf E1,1,10304.1,1.48238,6529.81,6.25256e+19,0.00125051,0,0
81rb,37,81,86.31,0.06,1830,9/2+,1390,0.5,1303.69,(5/2)+,,,0,E2,0,0,1,0,0,0,6.34172e-05,Weisskopf E2,0.6,0.172073,1.7763,0.0910012,,,0,0
81rb,37,81,86.31,0.06,1830,9/2+,1416.42,0.31,1330.11,11/2-,1.04e-12,,0,E1,1,0,0,2.74779,1416.42,1.06489,2.89969,Weisskopf E1,1.2,15116.8,1.8123,7835.78,4.64445e+19,0.00092889,0,0
81rb,37,81,86.31,0.06,1830,9/2+,1596.26,0.35,1509.95,(11/2-),,,0,E1,0.999892,0.000108167,0,3.05168,1596.25,1.05715,4.24206,Weisskopf E1,1.2,17160.7,2.05733,7835.78,4.18195e+19,0.000836389,0,0
81rb,37,81,86.31,0.06,1830,9/2+,1721,0.5,1634.69,(5/2)+,,,0,E2,0,0,1,0,0,0,0.000196568,Weisskopf E2,0.6,0.339231,2.22729,0.143077,,,0,0
81rb,37,81,86.31,0.06,1830,9/2+,1738.71,0.29,1652.4,13/2-,3.33e-12,,0,M2,1,0,0,3.2388,1738.71,1.05223,5.31292e-06,Weisskopf M2,1.4,0.0209379,2.25142,0.00873629,3.53418e+25,706.836,0,0
81rb,37,81,86.31,0.06,1830,9/2+,1967.69,0.35,1881.38,(13/2-),,,0,M2,1,0,0,3.59854,1967.69,1.04588,1.01658e-05,Weisskopf M2,1.4,0.0309042,2.56341,0.0113253,2.45371e+25,490.742,0,0
81rb,37,81,86.31,0.06,1830,9/2+,2072,0.5,1985.69,(5/2)+,,,0,E2,0,0,1,0,0,0,0.000519867,Weisskopf E2,0.6,0.608028,2.70554,0.211116,,,0,0
81rb,37,81,86.31,0.06,1830,9/2+,2205,0.5,2118.69,(5/2)+,,,0,E2,0,0,1,0,0,0,0.000718906,Weisskopf E2,0.6,0.73857,2.88675,0.240344,,,0,0
81rb,37,81,86.31,0.06,1830,9/2+,2393,0.5,2306.69,(5/2)+,,,0,E2,0,0,1,0,0,0,0.00109972,Weisskopf E2,0.6,0.953141,3.1429,0.28489,,,0,0
81rb,37,81,86.31,0.06,1830,9/2+,2425.68,0.29,2339.37,(13/2-),,,0,M2,0.999892,0.000108167,0,4.05168,2425.67,1.03689,3.0217e-05,Weisskopf M2,1.4,0.0594135,3.18743,0.0175103,1.40952e+25,281.903,0,0
82rb,37,82,69,1.5,23299.2,5-,189.6,1.2,120.6,3(-),2.1e-10,,0,E2,1,0,0,1.88059,189.6,1.57214,4.36694e-10,Weisskopf E2,0.636364,0.000146856,0.163314,0.000844727,6.2949e+26,12589.8,0,0
82rb,37,82,69,1.5,23299.2,5-,192.2,1.6,123.2,6+,1.23e-08,,1,E1,0,1,0,0.950841,123.2,1,3.70925e-08,measured,1.18182,0.0221982,0.166835,0.124992,8.41417e+24,168.283,0,0
82rb,37,82,69,1.5,23299.2,5-,244.6,1.2,175.6,(3-),3.5e-10,,0,E2,1,0,0,1.88059,244.6,1.39294,2.85801e-09,Weisskopf E2,0.636364,0.000453338,0.237795,0.0017909,2.96917e+26,5938.33,0,0
82rb,37,82,69,1.5,23299.2,5-,256.2,1.6,187.2,7(+),5e-09,LT,0,M2,0,1,0,1.95084,187.2,1,9.99629e-11,Weisskopf M2,1.36364,2.98971e-05,0.253503,0.000110789,4.62681e+27,92536.2,0,0
82rb,37,82,69,1.5,23299.2,5-,310.2,1.3,241.2,(4-),,,1,M1,0.666667,0.333333,0,2.25373,287.2,1.19071,0.000517232,Weisskopf M1,0.818182,55.9093,0.326629,160.798,2.75943e+21,0.0551885,0,0
82rb,37,82,69,1.5,23299.2,5-,394.2,1.5,325.2,(6-),,,1,M1,0,1,0,1,325.2,1,0.00126767,Weisskopf M1,1.18182,108.882,0.44038,232.263,4.30546e+21,0.0861092,0,0
82rb,37,82,69,1.5,23299.2,5-,439.9,1.5,370.9,(5-),,,1,M1,0.333333,0.666667,0,2.12686,393.9,1.06201,0.00188072,Weisskopf M1,1,105.078,0.502267,196.53,2.39238e+21,0.0478476,0,0
82rb,37,82,69,1.5,23299.2,5-,484.9,1.5,415.9,6-,,,1,M1,0,1,0,1,415.9,1,0.00265168,Weisskopf M1,1.18182,139.25,0.563205,232.263,4.30546e+21,0.0861092,0,0
82rb,37,82,69,1.5,23299.2,5-,534,1.7,465,(4),,,1,,0,1,0,1.5,465,1,,unknown,0.818182,,0.629695,,,,0,0
82rb,37,82,69,1.5,23299.2,5-,691.5,1.5,622.5,(7-),,,1,E2,1.11022e-16,1,0,1.9958,622.5,1,1.60006e-06,Weisskopf E2,1.36364,0.0432773,0.842979,0.0482274,1.03894e+25,207.787,0,0
84rb,37,84,463.59,0.08,1215.6,6-,466.64,0.16,3.05,5-,9e-09,,1,M1,0.559051,0.440949,0,1.07133,262.22,85.9739,2.23531e-08,measured,0.846154,15.6275,0.00408079,3597.46,2.59465e+20,0.0051893,1,1
84rb,37,84,463.59,0.08,1215.6,6-,472.4,0.12,8.81,(4-),,,0,E2,1,0,0,1.96684,472.4,53.6209,9.38153e-16,Weisskopf E2,0.692308,6.43168e-08,0.0117875,5.12571e-06,9.91922e+28,1.98384e+06,1,1
84rb,37,84,463.59,0.08,1215.6,6-,543.28,0.12,79.69,(5+),1.1e-08,,1,E1,0.869856,0.130144,0,2.50306,482.947,6.06032,2.77165e-10,measured,0.846154,0.000283846,0.106622,0.00250084,1.59751e+26,3195.02,0,1
84rb,37,84,463.59,0.08,1215.6,6-,572.9,0.6,109.31,(6+),,,1,E1,0.868384,0.131616,0,2.66972,511.884,4.68287,0.00164892,Weisskopf E1,1,1060.67,0.146253,6812.83,5.49802e+19,0.0010996,0,0
84rb,37,84,463.59,0.08,1215.6,6-,602.1,0.6,138.51,4- 5 6,,,1,,0.553516,0.446484,0,2.06073,395.114,2.85261,,unknown,1,,0.185322,,,,0,0
84rb,37,84,463.59,0.08,1215.6,6-,613.6,0.4,150.01,(4 5)-,,,1,,0.519684,0.480316,0,2.01272,390.93,2.60603,,unknown,1,,0.200708,,,,0,0
84rb,37,84,463.59,0.08,1215.6,6-,619.7,0.4,156.11,(7+),,,0,E1,0.868384,0.131616,0,3.1122,558.684,3.57879,0.00480298,Weisskopf E1,1.15385,1747.83,0.20887,7860.96,4.08749e+19,0.000817499,0,0
84rb,37,84,463.59,0.08,1215.6,6-,677.99,0.13,214.4,(7-),,,1,M1,0,1,0,0.981451,214.4,1,0.000363269,Weisskopf M1,1.15385,70.0857,0.28686,229.515,4.43937e+21,0.0887873,0,0
84rb,37,84,463.59,0.08,1215.6,6-,702.8,0.4,239.21,(8+),,,0,M2,0.868384,0.131616,0,3.91735,641.784,2.68293,3.46085e-10,Weisskopf M2,1.30769,6.07902e-05,0.320055,0.000178427,1.4307e+27,28613.9,0,0
84rb,37,84,463.59,0.08,1215.6,6-,1397.8,0.3,934.21,(8-),,,0,E2,0,1,0,1.98041,934.21,1,1.25782e-05,Weisskopf E2,1.30769,0.144856,1.24994,0.108867,4.63816e+24,92.7633,0,0
84rb,37,84,463.59,0.08,1215.6,6-,1662.3,0.4,1198.71,(8-),,,0,E2,0.54961,0.45039,0,3.83962,1453.5,1.21256,4.37487e-05,Weisskopf E2,1.30769,0.306017,1.60383,0.179241,1.45303e+24,29.0606,0,0
84rb,37,84,463.59,0.08,1215.6,6-,1745.1,1,1281.51,(7-),,,0,M1,0.559051,0.440949,0,2.07133,1540.68,1.20224,0.0775746,Weisskopf M1,1.15385,418.916,1.71462,229.515,2.10348e+21,0.0420697,0,0
86rb,37,86,556.05,0.18,61.02,6-,780.3,0.3,224.25,(7)-,,,1,M1,0,1,0,1,224.25,1,0.000415672,Weisskopf M1,1.15385,73.3056,0.296529,232.231,4.30606e+21,0.0861212,0,0
86rb,37,86,556.05,0.18,61.02,6-,1092.8,0.4,536.75,(5)-,,,1,M1,0.295775,0.704225,0,1.59155,701.215,1.30641,0.00569994,Weisskopf M1,0.846154,128.67,0.709753,170.303,3.68942e+21,0.0737884,0,0
86rb,37,86,556.05,0.18,61.02,6-,1248,1.1,691.95,4-,,,1,E2,0,1,0,1,691.95,1,2.8933e-06,Weisskopf E2,0.692308,0.0321548,0.914976,0.0330131,3.0291e+25,605.819,0,0
86rb,37,86,556.05,0.18,61.02,6-,1558.5,0.3,1002.45,(7+),,,1,E1,0,1,0,1.84034,1002.45,1,1.29187,Weisskopf E1,1.15385,11401.1,1.32556,8079.75,6.7252e+19,0.00134504,0,0
86rb,37,86,556.05,0.18,61.02,6-,1683.7,0.3,1127.65,(8+),,,0,M2,0,1,0,2.70257,1127.65,1,8.1841e-07,Weisskopf M2,1.30769,0.00646891,1.49111,0.00407542,9.07928e+25,1815.86,0,0
90rb,37,90,106.9,0.03,258,3-,121.79,0.03,14.89,(1-),,,0,E2,1,0,0,0.922169,121.79,8.17931,1.41847e-14,Weisskopf E2,0.428571,2.10744e-07,0.0192468,1.0286e-05,1.05424e+29,2.10849e+06,1,1
90rb,37,90,106.9,0.03,258,3-,162.72,0.18,55.82,4-,7e-09,LT,1,M1,0,1,0,0.425532,55.82,1,6.41096e-06,Weisskopf M1,1.28571,20.3325,0.0721528,264.721,8.87726e+21,0.177545,0,1
90rb,37,90,106.9,0.03,258,3-,227.83,0.03,120.93,(2-),,,1,M1,0.145494,0.854506,0,0.962428,136.483,1.12861,6.51862e-05,Weisskopf M1,0.714286,24.4716,0.156314,147.067,7.06505e+21,0.141301,0,0
90rb,37,90,106.9,0.03,258,3-,356.23,0.03,249.33,,,,1,,0.666667,0.333333,0,1.59113,320.597,1.28583,,unknown,1,,0.322283,,,,0,0
90rb,37,90,106.9,0.03,258,3-,536.91,0.06,430.01,,,,1,,0.140912,0.859088,0,1.59593,445.073,1.03503,,unknown,1,,0.55583,,,,0,0
90rb,37,90,106.9,0.03,258,3-,614.42,0.04,507.52,,,,1,,0.892399,0.107601,0,1.76905,602.917,1.18797,,unknown,1,,0.656019,,,,0,0
90rb,37,90,106.9,0.03,258,3-,661.28,0.03,554.38,,,,1,,0.835963,0.164037,0,1.79343,643.744,1.1612,,unknown,1,,0.71659,,,,0,0
90rb,37,90,106.9,0.03,258,3-,676.1,0.05,569.2,,,,1,,0.145299,0.854701,0,1.1453,584.732,1.02729,,unknown,1,,0.735746,,,,0,0
90rb,37,90,106.9,0.03,258,3-,838.2,0.04,731.3,,,,1,,0,1,0,1,731.3,1,,unknown,1,,0.945276,,,,0,0
90rb,37,90,106.9,0.03,258,3-,1127.9,0.2,1021,(5+),7e-09,LT,0,M2,0,1,0,1.42553,1021,1,5.13323e-07,Weisskopf M2,1.57143,0.00594754,1.31974,0.00423349,1.65701e+26,3314.01,0,0
90rb,37,90,106.9,0.03,258,3-,1400.6,0.4,1293.7,,,,1,,0.238847,0.761153,0,1.51241,1319.23,1.01974,,unknown,1,,1.67223,,,,0,0
90rb,37,90,106.9,0.03,258,3-,1780.01,0.03,1673.11,1+,,,0,M2,0.826861,0.173139,0,2.42237,1761.5,1.05283,6.06575e-06,Weisskopf M2,0.428571,0.00713776,2.16266,0.00310045,1.33148e+26,2662.96,0,0
90rb,37,90,106.9,0.03,258,3-,2127.58,0.05,2020.68,1+,,,0,M2,0.913318,0.0866817,0,1.56846,2118.31,1.04832,1.55865e-05,Weisskopf M2,0.428571,0.0125742,2.61192,0.00452242,1.4098e+26,2819.59,0,0
90rb,37,90,106.9,0.03,258,3-,3083.07,0.07,2976.17,1+,,,0,M2,0.664334,0.335666,0,2.65828,3047.19,1.02386,0.000108032,Weisskopf M2,0.428571,0.0401755,3.84699,0.0098105,3.8345e+25,766.899,0,0
90rb,37,90,106.9,0.03,258,3-,3093.74,0.12,2986.84,1+,,,0,M2,0.478537,0.521463,0,2.42268,3038,1.01713,0.000109982,Weisskopf M2,0.428571,0.0406092,3.86078,0.00988097,4.17738e+25,835.476,0,0
83sr,38,83,259.15,0.09,4.95,1/2-,650.81,0.14,391.66,(3/2+ 5/2-),,,1,,0,1,0,1,391.66,1,,unknown,1,,0.527175,,,,0,0
83sr,38,83,259.15,0.09,4.95,1/2-,681.11,0.22,421.96,(3/2-),,,1,M1,0,1,0,1,421.96,1,0.00276928,Weisskopf M1,2,239.088,0.567958,395.45,2.52876e+21,0.0505752,0,0
83sr,38,83,259.15,0.09,4.95,1/2-,753.72,0.15,494.57,(5/2-),,,1,E2,0,1,0,1,494.57,1,5.14752e-07,Weisskopf E2,3,0.0485252,0.665692,0.068477,1.46035e+25,292.069,0,0
85sr,38,85,238.79,0.05,4057.8,1/2-,743.25,0.1,504.46,3/2-,1.2e-13,,1,M1,0,1,0,1,504.46,1,0.00380198,measured,2,229.662,0.670968,321.543,3.11001e+21,0.0622002,0,0
85sr,38,85,238.79,0.05,4057.8,1/2-,767.34,0.08,528.55,5/2+,7e-12,GT,0,M2,1,0,0,1.47651,767.34,1.45178,1.83715e-08,Weisskopf M2,3,0.00151634,0.703009,0.00202621,3.34256e+26,6685.13,0,0
85sr,38,85,238.79,0.05,4057.8,1/2-,785.52,0.12,546.73,(5/2-),,,1,E2,0,1,0,1,546.73,1,8.77226e-07,Weisskopf E2,3,0.0676691,0.72719,0.0874164,1.14395e+25,228.79,0,0
85sr,38,85,238.79,0.05,4057.8,1/2-,936.83,0.1,698.04,5/2-,,,1,E2,0,1,0,1.21997,698.04,1,2.97611e-06,Weisskopf E2,3,0.140836,0.928443,0.142498,5.75233e+24,115.047,0,0
85sr,38,85,238.79,0.05,4057.8,1/2-,1152.73,0.11,913.94,3/2-,1.3e-13,,1,M1,0,1,0,1.10683,913.94,1,0.00314828,measured,2,57.9391,1.21561,44.7744,2.01786e+22,0.403572,0,0
85sr,38,85,238.79,0.05,4057.8,1/2-,1355.15,0.09,1116.36,5/2+,1.3e-13,GE,0,M2,0.636255,0.363745,0,2.00597,1268.29,1.1361,7.72208e-07,Weisskopf M2,3,0.0142873,1.48484,0.00903902,5.5151e+25,1103.02,0,0
85sr,38,85,238.79,0.05,4057.8,1/2-,1403,5,1164.21,1/2+,,,0,E1,0,0,1,0,0,0,2.00789,Weisskopf E1,1,11386.2,1.54848,6907.55,,,0,0
85sr,38,85,238.79,0.05,4057.8,1/2-,1485.7,0.3,1246.91,(3/2+),,,1,E1,0.857143,0.142857,0,1.94193,1451.59,1.16415,2.46689,Weisskopf E1,2,24390.1,1.65848,13815.1,3.72746e+19,0.000745491,0,0
85sr,38,85,238.79,0.05,4057.8,1/2-,1516.9,0.4,1278.11,(1/2 3/2),,,1,,0,1,0,1,1278.11,1,,unknown,1,,1.69998,,,,0,0
85sr,38,85,238.79,0.05,4057.8,1/2-,1559.4,0.4,1320.61,(1/2 3/2),,,1,,0,1,0,1,1320.61,1,,unknown,1,,1.75651,,,,0,0
85sr,38,85,238.79,0.05,4057.8,1/2-,1648.8,1,1410.01,1/2- 3/2-,2e-13,,1,,0,1,0,1,1410.01,1,0.00228119,measured,1,8.81901,1.87541,4.41747,2.26374e+23,4.52748,0,0
85sr,38,85,238.79,0.05,4057.8,1/2-,1842,5,1603.21,1/2+,,,0,E1,0,0,1,0,0,0,5.24344,Weisskopf E1,1,15679.7,2.13238,6907.55,,,0,0
85sr,38,85,238.79,0.05,4057.8,1/2-,2238,5,1999.21,(5/2+),,,0,M2,0,0,1,0,0,0,1.42235e-05,Weisskopf M2,3,0.0820564,2.65909,0.0289888,,,0,0
85sr,38,85,238.79,0.05,4057.8,1/2-,2325.1,0.7,2086.31,(5/2)+,,,0,M2,1,0,0,2.60751,2325.1,1.11446,1.76038e-05,Weisskopf M2,3,0.0932554,2.77494,0.0315697,1.2148e+25,242.959,0,0
85sr,38,85,238.79,0.05,4057.8,1/2-,2496,5,2257.21,1/2+,,,0,E1,0,0,1,0,0,0,14.6339,Weisskopf E1,1,22076,3.00225,6907.55,,,0,0
85sr,38,85,238.79,0.05,4057.8,1/2-,2602,5,2363.21,1/2+,,,0,E1,0,0,1,0,0,0,16.7939,Weisskopf E1,1,23112.7,3.14324,6907.55,,,0,0
85sr,38,85,238.79,0.05,4057.8,1/2-,2748,5,2509.21,1/2+,,,0,E1,0,0,1,0,0,0,20.1028,Weisskopf E1,1,24540.6,3.33743,6907.55,,,0,0
85sr,38,85,238.79,0.05,4057.8,1/2-,2882,5,2643.21,1/2+,,,0,E1,0,0,1,0,0,0,23.4985,Weisskopf E1,1,25851.1,3.51566,6907.55,,,0,0
85sr,38,85,238.79,0.05,4057.8,1/2-,3136,5,2897.21,(1/2+),,,0,E1,0,0,1,0,0,0,30.9446,Weisskopf E1,1,28335.3,3.8535,6907.55,,,0,0
87sr,38,87,388.529,0.0023,10098,1/2-,873.339,0.006,484.81,3/2-,1.7e-12,,1,M1,0,1,0,0.997148,484.81,1,0.000268375,measured,2,17.5522,0.637377,25.8694,3.87663e+22,0.775327,0,0
87sr,38,87,388.529,0.0023,10098,1/2-,1228.43,0.016,839.898,5/2+,1e-12,,0,M2,0.847878,0.152122,0,1.15096,1169.32,1.39222,1.89052e-07,Weisskopf M2,3,0.00617947,1.10421,0.00525715,1.65269e+26,3305.37,0,0
87sr,38,87,388.529,0.0023,10098,1/2-,1253.94,0.013,865.412,5/2-,2.8e-12,,1,E2,0,1,0,1.15629,865.412,1,0.00013729,measured,3,4.22685,1.13775,3.48995,2.47806e+23,4.95612,0,0
87sr,38,87,388.529,0.0023,10098,1/2-,1770.48,0.02,1381.95,5/2+,5.5e-12,,0,M2,0.784906,0.215094,0,1.49737,1686.91,1.22067,2.27987e-06,Weisskopf M2,3,0.0275264,1.81684,0.0142325,4.69233e+25,938.466,0,0
87sr,38,87,388.529,0.0023,10098,1/2-,2110.07,0.02,1721.54,3/2-,9.2e-14,,1,M1,0.00373994,0.99626,0,1.85762,1722.99,1.00084,0.000741928,measured,2,3.84822,2.2633,1.59723,3.37034e+23,6.74069,0,0
87sr,38,87,388.529,0.0023,10098,1/2-,2169.43,0.02,1780.9,1/2+,1.5e-13,GE,0,E1,0,1,0,1.99842,1780.9,1,7.29958,Weisskopf E1,1,17689.7,2.34134,7097.53,7.05027e+19,0.00141005,0,0
87sr,38,87,388.529,0.0023,10098,1/2-,2414.52,0.02,2025.99,3/2- 5/2-,1.3e-13,,1,,0.00547873,0.994521,0,1.1823,2028.12,1.00105,0.00288019,measured,1,5.39322,2.66356,1.90211,4.44669e+23,8.89337,0,0
87sr,38,87,388.529,0.0023,10098,1/2-,2420.4,0.8,2031.87,(5/2-),8e-14,,0,E2,0,1,0,2.08757,2031.87,1,0.000641498,Weisskopf E2,3,3.58284,2.67129,1.25996,3.80191e+23,7.60382,0,0
87sr,38,87,388.529,0.0023,10098,1/2-,2676.88,0.02,2288.35,3/2+,,,1,E1,3.88643e-05,0.999961,0,1.21766,2288.37,1.00001,15.4863,Weisskopf E1,2,45460.5,3.00848,14195.1,5.78544e+19,0.00115709,0,0
87sr,38,87,388.529,0.0023,10098,1/2-,2682,0.5,2293.47,(3/2)+,2.5e-13,,0,E1,0.784906,0.215094,0,2.49668,2598.43,1.13297,15.5904,Weisskopf E1,2,45562.2,3.01521,14195.1,2.82163e+19,0.000564325,0,0
87sr,38,87,388.529,0.0023,10098,1/2-,2921.12,0.05,2532.59,3/2-,,,0,M1,0.00054341,0.999457,0,2.2582,2532.8,1.00008,0.598755,Weisskopf M1,2,1435,3.32958,404.867,1.09377e+21,0.0218754,0,0
87sr,38,87,388.529,0.0023,10098,1/2-,2940.73,0.03,2552.2,1/2+,,,1,E1,0.0365938,0.963406,0,1.04967,2566.42,1.00557,21.4844,Weisskopf E1,1,25351.1,3.35536,7097.53,1.34226e+20,0.00268453,0,0
87sr,38,87,388.529,0.0023,10098,1/2-,3007.21,0.04,2618.68,3/2-,,,1,M1,1.11022e-16,1,0,1.22677,2618.68,1,0.661914,Weisskopf M1,2,1483.78,3.44276,404.867,2.01337e+21,0.0402675,0,0
87sr,38,87,388.529,0.0023,10098,1/2-,3019.21,0.02,2630.68,1/2- 3/2-,,,1,,0.0108512,0.989149,0,1.37904,2634.9,1.0016,,unknown,1,,3.45854,,,,0,0
87sr,38,87,388.529,0.0023,10098,1/2-,3066.36,0.022,2677.83,(1/2- 3/2),,,1,,1.11022e-16,1,0,1.69508,2677.83,1,,unknown,1,,3.52053,,,,0,0
87sr,38,87,388.529,0.0023,10098,1/2-,3125.28,0.04,2736.75,1/2+,,,0,E1,0.224438,0.775562,0,2.03786,2823.95,1.03186,26.4902,Weisskopf E1,1,27184.2,3.59799,7097.53,6.91381e+19,0.00138276,0,0
87sr,38,87,388.529,0.0023,10098,1/2-,3151.57,0.03,2763.04,(3/2)+,,,1,E1,0.306661,0.693339,0,1.63711,2882.19,1.04312,27.2609,Weisskopf E1,2,54890.7,3.63255,14195.1,4.30314e+19,0.000860629,0,0
87sr,38,87,388.529,0.0023,10098,1/2-,3166.38,0.09,2777.85,(5/2)+,,,0,M2,0,0,1,0,0,0,7.48155e-05,Weisskopf M2,3,0.223562,3.65202,0.0575062,,,0,0
87sr,38,87,388.529,0.0023,10098,1/2-,3232.27,0.06,2843.74,(1/2 3/2),,,1,,0,1,0,1,2843.74,1,,unknown,1,,3.73865,,,,0,0
87sr,38,87,388.529,0.0023,10098,1/2-,3258.85,0.03,2870.32,5/2+,,,0,M2,0.398015,0.601985,0,1.91129,3024.96,1.05388,8.8125e-05,Weisskopf M2,3,0.246639,3.77359,0.0613985,8.52148e+24,170.43,0,0
87sr,38,87,388.529,0.0023,10098,1/2-,3277.5,0.05,2888.97,5/2+,,,1,M2,0.121125,0.878875,0,1.87667,2936.03,1.01629,9.10254e-05,Weisskopf M2,3,0.251478,3.79811,0.062199,8.567e+24,171.34,0,0
87sr,38,87,388.529,0.0023,10098,1/2-,3385.32,0.11,2996.79,5/2+,,,0,M2,0,0,1,0,0,0,0.000109327,Weisskopf M2,3,0.280699,3.93986,0.0669283,,,0,0
80y,39,80,228.5,0.1,4.8,(1-),312.6,0.9,84.1,(2+),4.7e-06,,1,E1,0,1,0,0.847458,84.1,1,9.70719e-11,measured,1.66667,0.000175814,0.115302,0.00143241,8.23785e+26,16475.7,0,1
80y,39,80,228.5,0.1,4.8,(1-),324.2,0.8,95.7,(2-),,,1,M1,0,1,0,1,95.7,1,3.23065e-05,Weisskopf M1,1.66667,45.1874,0.131205,323.532,3.09089e+21,0.0618178,0,1
80y,39,80,228.5,0.1,4.8,(1-),455.6,1,227.1,(3+),,,0,M2,0,1,0,1.84746,227.1,1,2.58372e-10,Weisskopf M2,2.33333,8.98445e-05,0.311355,0.000271073,1.99682e+27,39936.5,0,0
80y,39,80,228.5,0.1,4.8,(1-),460.7,0.8,232.2,(3-),,,1,E2,0,1,0,1.90909,232.2,1,1.11803e-08,Weisskopf E2,2.33333,0.00371885,0.318348,0.0109738,4.77327e+25,954.654,0,0
80y,39,80,228.5,0.1,4.8,(1-),623,0.5,394.5,(1+),,,0,E1,0,1,0,1.84746,394.5,1,0.0750297,Weisskopf E1,1,3705.46,0.540862,6435.86,8.41044e+19,0.00168209,0,0
83y,39,83,62.04,0.1,171,3/2-,97.11,0.15,35.07,5/2+,9.8e-09,,0,E1,1,0,0,0.457666,97.11,2.76903,5.40205e-05,Weisskopf E1,1.5,506.385,0.0472042,10077.5,2.16821e+20,0.00433641,0,1
83y,39,83,62.04,0.1,171,3/2-,117.6,0.1,55.56,(1/2-),,,1,M1,0,1,0,0.510986,55.56,1,6.3218e-06,Weisskopf M1,0.5,7.87026,0.0747838,98.8626,1.97951e+22,0.395903,0,1
83y,39,83,62.04,0.1,171,3/2-,144.99,0.04,82.95,7/2+,1.19e-10,,0,M2,1,0,0,0.935454,144.99,1.74792,1.72148e-12,Weisskopf M2,2,3.84593e-06,0.111651,3.23586e-05,3.3036e+28,660720,0,1
83y,39,83,62.04,0.1,171,3/2-,167.01,0.09,104.97,5/2-,7.6e-10,LT,1,M1,0.0142113,0.985789,0,0.868165,105.852,1.0084,4.26333e-05,Weisskopf M1,1.5,44.6081,0.14129,296.588,3.88369e+21,0.0776738,0,0
83y,39,83,62.04,0.1,171,3/2-,331.66,0.14,269.62,(5/2+),,,0,E1,0.933087,0.0669125,0,1.50218,327.509,1.2147,0.0245475,Weisskopf E1,1.5,3893.12,0.362909,10077.5,6.60583e+19,0.00132117,0,0
83y,39,83,62.04,0.1,171,3/2-,421.81,0.1,359.77,(3/2-),,,1,M1,0.0607345,0.939266,0,1.48479,363.538,1.01047,0.00171644,Weisskopf M1,1,101.925,0.484251,197.725,3.40621e+21,0.0681243,0,0
83y,39,83,62.04,0.1,171,3/2-,436.57,0.12,374.53,(5/2),,,1,,0.00391325,0.996087,0,1.23906,374.773,1.00065,,unknown,1.5,,0.504118,,,,0,0
83y,39,83,62.04,0.1,171,3/2-,537.12,0.09,475.08,7/2-,8e-12,,1,E2,0.0687254,0.931275,0,1.59418,479.344,1.00897,1.85779e-05,measured,2,1.26531,0.639458,1.8588,3.37464e+23,6.74929,0,0
83y,39,83,62.04,0.1,171,3/2-,564.59,0.16,502.55,(1/2- 3/2 5/2-),,,1,,0.00402516,0.995975,0,1.31678,502.8,1.0005,,unknown,1,,0.676433,,,,0,0
83y,39,83,62.04,0.1,171,3/2-,565.56,0.18,503.52,(3/2-),,,1,M1,0.00222922,0.997771,0,1.31653,503.658,1.00027,0.00470548,Weisskopf M1,1,142.651,0.677738,197.725,3.84155e+21,0.0768311,0,0
83y,39,83,62.04,0.1,171,3/2-,642.42,0.15,580.38,(3/2 5/2-),,,1,,0.0841054,0.915895,0,1.80473,585.598,1.00899,,unknown,1,,0.781192,,,,0,0
83y,39,83,62.04,0.1,171,3/2-,722.28,0.15,660.24,(3/2- 5/2),,,1,,0.0137972,0.986203,0,1.44669,661.096,1.0013,,unknown,1,,0.888684,,,,0,0
83y,39,83,62.04,0.1,171,3/2-,855.59,0.13,793.55,(3/2),,,1,,0.0735496,0.92645,0,1.56138,798.113,1.00575,,unknown,1,,1.06812,,,,0,0
83y,39,83,62.04,0.1,171,3/2-,1249.82,0.16,1187.78,(3/2-),,,0,M1,0.026438,0.973562,0,1.93054,1189.42,1.00138,0.0617678,Weisskopf M1,1,336.506,1.59875,197.725,2.61975e+21,0.0523949,0,0
83y,39,83,62.04,0.1,171,3/2-,2083.13,0.16,2021.09,(3/2-),,,1,M1,0.0885505,0.911449,0,1.91555,2026.58,1.00272,0.304306,Weisskopf M1,1,572.588,2.72039,197.725,2.64024e+21,0.0528048,0,0
83y,39,83,62.04,0.1,171,3/2-,2136.91,0.17,2074.87,(3/2),,,1,,0.0374106,0.962589,0,1.96848,2077.19,1.00112,,unknown,1,,2.79278,,,,0,0
84y,39,84,67,0.2,4.6,1+,130.4,0.3,63.4,(2-),,,1,E1,0,1,0,0.710732,63.4,1,0.000321726,Weisskopf E1,1.66667,1025.32,0.084827,11354.7,1.23913e+20,0.00247827,0,1
84y,39,84,67,0.2,4.6,1+,198.53,0.17,131.53,,,,1,,0.568182,0.431818,0,1.90359,169.598,1.28943,,unknown,1,,0.175983,,,,0,0
85y,39,85,19.68,0.17,17496,(9/2)+,266.18,0.1,246.5,(5/2)-,1.78e-07,,0,M2,1,0,0,0.970026,266.18,1.07984,4.0532e-10,Weisskopf M2,0.6,3.07623e-05,0.327863,8.81408e-05,1.16961e+28,233921,0,0
85y,39,85,19.68,0.17,17496,(9/2)+,435.95,0.18,416.27,(5/2)+,,,1,E2,0,1,0,0.993128,416.27,1,2.24452e-07,Weisskopf E2,0.6,0.00597347,0.553669,0.0101351,9.93499e+25,1987,0,0
85y,39,85,19.68,0.17,17496,(9/2)+,473.89,0.18,454.21,(7/2)+,,,1,M1,0,1,0,0.996383,454.21,1,0.00345401,Weisskopf M1,0.8,102.945,0.604132,160.075,6.26976e+21,0.125395,0,0
85y,39,85,19.68,0.17,17496,(9/2)+,793.88,0.2,774.2,(LE 9/2),,,1,,0,1,0,1.94471,774.2,1,,unknown,1,,1.02974,,,,0,0
85y,39,85,19.68,0.17,17496,(9/2)+,814.66,0.17,794.98,(13/2)+,2.36e-12,,1,E2,0,1,0,1,794.98,1,0.000193321,measured,1.4,3.29153,1.05738,2.92427,3.41966e+23,6.83932,0,0
85y,39,85,19.68,0.17,17496,(9/2)+,888.68,0.14,869,(7/2-),,,0,E1,0.990099,0.00990099,0,1.97029,888.485,1.02242,0.835034,Weisskopf E1,0.8,6799.2,1.15583,5526.04,9.18453e+19,0.00183691,0,0
85y,39,85,19.68,0.17,17496,(9/2)+,930.2,0.2,910.52,(9/2+),,,1,M1,0,1,0,1.19285,910.52,1,0.0278242,Weisskopf M1,1,257.956,1.21106,200.093,4.18969e+21,0.0837939,0,0
85y,39,85,19.68,0.17,17496,(9/2)+,1010.42,0.19,990.74,(11/2-),,,1,E1,0,1,0,1.12996,990.74,1,1.23744,Weisskopf E1,1.2,11627.6,1.31775,8289.05,1.06765e+20,0.00213531,0,0
85y,39,85,19.68,0.17,17496,(9/2)+,1030.4,0.5,1010.72,(5/2+:13/2+),,,1,E2,0,1,0,1,1010.72,1,1.89409e-05,Weisskopf E2,0.6,0.0855055,1.34433,0.0597501,1.67364e+25,334.727,0,0
85y,39,85,19.68,0.17,17496,(9/2)+,1140.17,0.14,1120.49,(9/2-),,,0,E1,1,0,0,1.97003,1140.17,1.01756,1.79007,Weisskopf E1,1,10958.6,1.49033,6907.55,7.34859e+19,0.00146972,0,0
85y,39,85,19.68,0.17,17496,(9/2)+,1179.59,0.18,1159.91,(11/2+),,,1,M1,0,1,0,1.59773,1159.91,1,0.057521,Weisskopf M1,1.2,394.332,1.54276,240.112,2.60665e+21,0.052133,0,0
85y,39,85,19.68,0.17,17496,(9/2)+,1218.12,0.19,1198.44,(5/2+ 7/2 9/2+),,,1,,1.11022e-16,1,0,1.35868,1198.44,1,,unknown,1,,1.59401,,,,0,0
85y,39,85,19.68,0.17,17496,(9/2)+,1310.8,0.3,1291.12,(5/2+ 7/2 9/2+),,,1,,1.11022e-16,1,0,1.67063,1291.12,1,,unknown,1,,1.71728,,,,0,0
85y,39,85,19.68,0.17,17496,(9/2)+,1461.8,0.3,1442.12,(5/2+:13/2+),,,0,E2,0,1,0,2.19285,1442.12,1,0.000112009,Weisskopf E2,0.6,0.248374,1.91812,0.121641,3.74897e+24,74.9793,0,0
85y,39,85,19.68,0.17,17496,(9/2)+,1514.1,0.3,1494.42,(5/2+ 7/2 9/2),,,1,,0,1,0,1.43621,1494.42,1,,unknown,1,,1.98768,,,,0,0
85y,39,85,19.68,0.17,17496,(9/2)+,1627.39,0.24,1607.71,(5/2+ 7/2 9/2+),,,1,,0,1,0,2.01541,1607.71,1,,unknown,1,,2.13837,,,,0,0
85y,39,85,19.68,0.17,17496,(9/2)+,1648.51,0.17,1628.83,(13/2+),,,1,E2,1.11022e-16,1,0,2.18727,1628.83,1,0.000205886,Weisskopf E2,1.4,0.835037,2.16646,0.362081,1.26268e+24,25.2535,0,0
85y,39,85,19.68,0.17,17496,(9/2)+,1724.2,0.3,1704.52,5/2+,,,0,E2,0.00729927,0.992701,0,2.14711,1704.66,1.00008,0.000258379,Weisskopf E2,0.6,0.410117,2.26713,0.169934,2.74071e+24,54.8143,0,0
85y,39,85,19.68,0.17,17496,(9/2)+,1737.65,0.17,1717.97,(11/2-),,,0,E1,0.992442,0.00755801,0,2.97023,1737.5,1.01137,6.45196,Weisskopf E1,1.2,20162.5,2.28502,8289.05,4.06168e+19,0.000812336,0,0
85y,39,85,19.68,0.17,17496,(9/2)+,1954.2,0.4,1934.52,(5/2+ 7/2 9/2+),,,1,,0,1,0,1.40953,1934.52,1,,unknown,1,,2.57305,,,,0,0
85y,39,85,19.68,0.17,17496,(9/2)+,2044.26,0.15,2024.58,(13/2-),,,0,M2,1,0,0,2.97003,2044.26,1.00972,1.51491e-05,Weisskopf M2,1.4,0.0397694,2.69284,0.0138736,2.42689e+25,485.378,0,0
85y,39,85,19.68,0.17,17496,(9/2)+,2204.12,0.19,2184.44,(5/2+),,,0,E2,0.253639,0.746361,0,2.34519,2189.43,1.00229,0.000893198,Weisskopf E2,0.6,0.863221,2.90546,0.279098,1.5278e+24,30.5559,0,0
86y,39,86,218.21,0.09,2844,(8+),302.18,0.09,83.97,(6+),1.27e-07,,1,E2,0.688026,0.311974,0,1.36302,234.104,2.78795,1.12074e-09,measured,0.764706,0.000934233,0.111035,0.00790399,9.2822e+25,1856.44,0,1
86y,39,86,218.21,0.09,2844,(8+),303.13,0.11,84.92,(7+),,,1,M1,0,1,0,1,84.92,1,2.25727e-05,Weisskopf M1,0.882353,21.228,0.112291,177.588,5.631e+21,0.11262,0,1
86y,39,86,218.21,0.09,2844,(8+),886.2,0.12,667.99,(9+),,,1,M1,0,1,0,1,667.99,1,0.0109866,Weisskopf M1,1.11765,211.51,0.883294,224.945,4.44553e+21,0.0889105,0,0
86y,39,86,218.21,0.09,2844,(8+),1202.65,0.12,984.44,(7-),,,0,E1,1,0,0,1.94429,1202.65,1.22166,1.22349,Weisskopf E1,0.882353,8561.82,1.30174,6178.63,8.32429e+19,0.00166486,0,0
86y,39,86,218.21,0.09,2844,(8+),1325.33,0.11,1107.12,(10+),5e-10,LT,1,E2,0,1,0,1.01622,1107.12,1,3.03384e-05,Weisskopf E2,1.23529,0.235005,1.46396,0.150799,6.5255e+24,130.51,0,0
86y,39,86,218.21,0.09,2844,(8+),1408.47,0.14,1190.26,(9+),,,1,M1,0,1,0,1.72993,1190.26,1,0.0621555,Weisskopf M1,1.11765,376.88,1.5739,224.945,2.56978e+21,0.0513955,0,0
86y,39,86,218.21,0.09,2844,(8+),1493.95,0.14,1275.74,(8-),,,1,E1,0,1,0,1.64103,1275.74,1,2.66267,Weisskopf E1,1,12574.7,1.68693,7002.45,8.70231e+19,0.00174046,0,0
86y,39,86,218.21,0.09,2844,(8+),2042.31,0.11,1824.1,9(-),,,1,E1,0.208371,0.791629,0,2.01747,1869.57,1.02493,7.78354,Weisskopf E1,1.11765,20095,2.41204,7826.26,6.33341e+19,0.00126668,0,0
86y,39,86,218.21,0.09,2844,(8+),2258.72,0.11,2040.51,10(-),,,0,M2,0.122046,0.877954,0,2.67195,2067.14,1.01305,1.58779e-05,Weisskopf M2,1.23529,0.0362067,2.6982,0.0126057,2.96897e+25,593.794,0,0
87y,39,87,380.82,0.07,48132,9/2+,793.73,0.08,412.91,5/2-,1e-08,LE,0,M2,1,0,0,0.998911,793.73,1.92228,5.42905e-09,Weisskopf M2,0.6,0.000146848,0.54285,0.000254119,3.93945e+27,78789,0,0
87y,39,87,380.82,0.07,48132,9/2+,1152.71,0.11,771.89,5/2+,,,1,E2,0,1,0,1,771.89,1,5.07565e-06,Weisskopf E2,0.6,0.0392857,1.0148,0.0363668,2.74976e+25,549.952,0,0
87y,39,87,380.82,0.07,48132,9/2+,1203.01,0.09,822.19,5/2-,,,0,M2,1,0,0,1.08916,1203.01,1.46318,1.69945e-07,Weisskopf M2,0.6,0.00115936,1.08093,0.00100756,9.11253e+26,18225.1,0,0
87y,39,87,380.82,0.07,48132,9/2+,1404.47,0.12,1023.65,13/2+,1e-08,LE,1,E2,0,1,0,0.999409,1023.65,1,2.08196e-05,Weisskopf E2,1.4,0.213796,1.34579,0.149236,6.70475e+24,134.095,0,0
87y,39,87,380.82,0.07,48132,9/2+,1405.3,0.4,1024.48,(7/2+ 9/2+),1e-08,LE,1,,0,1,0,1,1024.48,1,,unknown,1,,1.34688,,,,0,0
87y,39,87,380.82,0.07,48132,9/2+,1590.92,0.14,1210.1,11/2+,1e-08,LE,1,M1,0,1,0,1,1210.1,1,0.0653157,Weisskopf M1,1.2,411.395,1.59091,242.92,4.11658e+21,0.0823315,0,0
87y,39,87,380.82,0.07,48132,9/2+,1608.31,0.12,1227.49,7/2+ 9/2+,,,1,,0,1,0,1,1227.49,1,,unknown,1,,1.61377,,,,0,0
87y,39,87,380.82,0.07,48132,9/2+,1768.2,0.5,1387.38,(9/2-),,,0,E1,1,0,0,1.99891,1768.2,1.27449,3.45116,Weisskopf E1,1,13780.9,1.82398,7097.53,7.04854e+19,0.00140971,0,0
87y,39,87,380.82,0.07,48132,9/2+,1801.64,0.15,1420.82,5/2-,,,0,M2,1,0,0,1.31546,1801.64,1.26803,2.61904e-06,Weisskopf M2,0.6,0.00598299,1.86794,0.00300888,2.52649e+26,5052.97,0,0
87y,39,87,380.82,0.07,48132,9/2+,1979.95,0.12,1599.13,7/2-,,,0,E1,0.476364,0.523636,0,2.0323,1780.54,1.11344,5.28482,Weisskopf E1,0.8,12707.4,2.10237,5678.03,8.66593e+19,0.00173319,0,0
87y,39,87,380.82,0.07,48132,9/2+,2038.05,0.11,1657.23,(11/2+),1e-08,LE,1,M1,0,1,0,1.50077,1657.23,1,0.167765,Weisskopf M1,1.2,563.405,2.17875,242.92,2.74298e+21,0.0548595,0,0
87y,39,87,380.82,0.07,48132,9/2+,2073.31,0.23,1692.49,(7/2+ 9/2+),,,1,,0,1,0,1.0099,1692.49,1,,unknown,1,,2.22511,,,,0,0
87y,39,87,380.82,0.07,48132,9/2+,2112.3,0.4,1731.48,5/2+,,,0,E2,0.148352,0.851648,0,2,1787.98,1.03263,0.000288271,Weisskopf E2,0.6,0.443426,2.27637,0.182991,2.73238e+24,54.6475,0,0
87y,39,87,380.82,0.07,48132,9/2+,2154.6,0.18,1773.78,(9/2-),,,1,E1,0.279539,0.720461,0,1.30446,1880.23,1.06002,7.21237,Weisskopf E1,1,17619,2.33198,7097.53,1.08009e+20,0.00216019,0,0
87y,39,87,380.82,0.07,48132,9/2+,2186,0.3,1805.18,7/2-,,,0,E1,1,0,0,1.99891,2186,1.21096,7.60221,Weisskopf E1,0.8,14344.7,2.37326,5678.03,8.81067e+19,0.00176213,0,0
87y,39,87,380.82,0.07,48132,9/2+,2202.17,0.17,1821.35,7/2+ 9/2+,,,1,,0.0810296,0.91897,0,1.85787,1852.21,1.01694,,unknown,1,,2.39452,,,,0,0
87y,39,87,380.82,0.07,48132,9/2+,2241.6,0.7,1860.78,(7/2 9/2-),,,1,,0,1,0,1.8,1860.78,1,,unknown,1,,2.44636,,,,0,0
87y,39,87,380.82,0.07,48132,9/2+,2249,3,1868.18,9/2-,,,0,E1,0,0,1,0,0,0,8.42626,Weisskopf E1,1,18556.7,2.45609,7097.53,,,0,0
87y,39,87,380.82,0.07,48132,9/2+,2276,3,1895.18,(9/2-&7/2+),,,0,M1,0,0,1,0,0,0,0.250903,Weisskopf M1,1,536.917,2.49158,202.434,,,0,0
87y,39,87,380.82,0.07,48132,9/2+,2277.53,0.17,1896.71,7/2-,,,1,E1,0.782609,0.217391,0,1.81315,2194.74,1.15713,8.81823,Weisskopf E1,0.8,15072.1,2.49359,5678.03,9.71337e+19,0.00194267,0,0
87y,39,87,380.82,0.07,48132,9/2+,2279.4,0.05,1898.58,(7/2-),,,0,E1,0,1,0,2,1898.58,1,8.84434,Weisskopf E1,0.8,15086.9,2.49605,5678.03,8.80588e+19,0.00176118,0,0
87y,39,87,380.82,0.07,48132,9/2+,2302.61,0.15,1921.79,13/2+,,,1,E2,1.11022e-16,1,0,1.0196,1921.79,1,0.000485561,Weisskopf E2,1.4,1.4147,2.52657,0.525997,1.8646e+24,37.2921,0,0
87y,39,87,380.82,0.07,48132,9/2+,2344.61,0.17,1963.79,,,,1,,0,1,0,1.4997,1963.79,1,,unknown,1,,2.58178,,,,0,0
87y,39,87,380.82,0.07,48132,9/2+,2365,3,1984.18,7/2+,,,0,M1,0,0,1,0,0,0,0.287937,Weisskopf M1,0.8,449.705,2.60859,161.947,,,0,0
87y,39,87,380.82,0.07,48132,9/2+,2400,0.3,2019.18,,,,1,,0,1,0,1,2019.18,1,,unknown,1,,2.6546,,,,0,0
87y,39,87,380.82,0.07,48132,9/2+,2446,2,2065.18,(5/2)+,,,0,E2,0,0,1,0,0,0,0.000695831,Weisskopf E2,0.6,0.752389,2.71508,0.260322,,,0,0
87y,39,87,380.82,0.07,48132,9/2+,2449,3,2068.18,9/2-,,,0,E1,0,0,1,0,0,0,11.4326,Weisskopf E1,1,20543.3,2.71902,7097.53,,,0,0
87y,39,87,380.82,0.07,48132,9/2+,2479.07,0.15,2098.25,13/2-,,,0,M2,1.11022e-16,1,0,2.10333,2098.25,1,1.83964e-05,Weisskopf M2,1.4,0.0449624,2.75856,0.0153115,3.10509e+25,621.018,0,0
87y,39,87,380.82,0.07,48132,9/2+,2502,2,2121.18,(5/2+),,,0,E2,0,0,1,0,0,0,0.00079543,Weisskopf E2,0.6,0.815269,2.7887,0.274631,,,0,0
87y,39,87,380.82,0.07,48132,9/2+,2532,2,2151.18,11/2-,,,0,E1,0,0,1,0,0,0,12.865,Weisskopf E1,1.2,25641.3,2.82814,8517.04,,,0,0
87y,39,87,380.82,0.07,48132,9/2+,2552,2,2171.18,9/2+,,,1,M1,0,1,0,1.66667,2171.18,1,0.37726,Weisskopf M1,1,615.11,2.85444,202.434,2.96393e+21,0.0592787,0,0
87y,39,87,380.82,0.07,48132,9/2+,2563.7,0.7,2182.88,9/2 11/2+,,,1,,0,1,0,1.79756,2182.88,1,,unknown,1,,2.86982,,,,0,0
87y,39,87,380.82,0.07,48132,9/2+,2599,3,2218.18,9/2-,,,0,E1,0,0,1,0,0,0,14.1049,Weisskopf E1,1,22033.2,2.91623,7097.53,,,0,0
87y,39,87,380.82,0.07,48132,9/2+,2602.3,1.1,2221.48,(7/2)+,,,1,M1,0.24812,0.75188,0,1.24785,2315.97,1.04253,0.404093,Weisskopf M1,0.8,503.488,2.92057,161.947,4.9484e+21,0.098968,0,0
87y,39,87,380.82,0.07,48132,9/2+,2661,3,2280.18,7/2+,,,0,M1,0,0,1,0,0,0,0.43698,Weisskopf M1,0.8,516.792,2.99774,161.947,,,0,0
87y,39,87,380.82,0.07,48132,9/2+,2682,3,2301.18,11/2+,,,0,M1,0,0,1,0,0,0,0.449165,Weisskopf M1,1.2,782.328,3.02535,242.92,,,0,0
87y,39,87,380.82,0.07,48132,9/2+,2808.4,0.8,2427.58,(13/2-),,,0,M2,1,0,0,2.99891,2808.4,1.15687,3.81342e-05,Weisskopf M2,1.4,0.0696303,3.19153,0.0204951,1.62699e+25,325.399,0,0
87y,39,87,380.82,0.07,48132,9/2+,2831,3,2450.18,9/2-,,,0,E1,0,0,1,0,0,0,19.0096,Weisskopf E1,1,24337.7,3.22124,7097.53,,,0,0
87y,39,87,380.82,0.07,48132,9/2+,2960,3,2579.18,(5/2+),,,0,E2,0,0,1,0,0,0,0.00211409,Weisskopf E2,0.6,1.46559,3.39083,0.40603,,,0,0
87y,39,87,380.82,0.07,48132,9/2+,2996,2,2615.18,5/2+,,,0,E2,0,0,1,0,0,0,0.0022658,Weisskopf E2,0.6,1.52782,3.43816,0.417443,,,0,0
87y,39,87,380.82,0.07,48132,9/2+,2996.1,1.1,2615.28,(7/2 9/2 11/2),,,1,,0,1,0,1.5,2615.28,1,,unknown,1,,3.43829,,,,0,0
87y,39,87,380.82,0.07,48132,9/2+,3120,10,2739.18,(13/2-),,,0,M2,0,0,1,0,0,0,6.97509e-05,Weisskopf M2,1.4,0.100032,3.60118,0.0260942,,,0,0
87y,39,87,380.82,0.07,48132,9/2+,3262.9,1.3,2882.08,9/2+ 11/2+,,,1,,0,1,0,1.5,2882.08,1,,unknown,1,,3.78905,,,,0,0
89y,39,89,908.97,0.03,15.663,9/2+,1744.74,0.18,835.77,5/2-,6.4e-13,,0,M2,1,0,0,1,1744.74,2.08758,1.87267e-07,Weisskopf M2,0.6,0.00123635,1.08637,0.00106909,9.35371e+26,18707.4,0,0
89y,39,89,908.97,0.03,15.663,9/2+,2222.43,0.18,1313.46,5/2+,9.7e-13,,1,E2,0.315068,0.684932,0,1.31507,1599.85,1.21804,0.000322156,measured,0.6,0.861167,1.70729,0.47384,1.6048e+24,32.0959,0,0
89y,39,89,908.97,0.03,15.663,9/2+,2529.8,0.2,1620.83,7/2+,8e-14,,1,M1,0,1,0,1,1620.83,1,0.00570297,measured,0.8,13.3481,2.10682,5.95173,1.68018e+23,3.36037,0,0
89y,39,89,908.97,0.03,15.663,9/2+,2566.55,0.15,1657.58,11/2+,3.5e-13,,1,M1,0,1,0,1,1657.58,1,0.00130354,measured,1.2,4.37581,2.15459,1.90785,5.24149e+23,10.483,0,0
89y,39,89,908.97,0.03,15.663,9/2+,2622.1,0.3,1713.13,9/2+,2.1e-13,,1,M1,0,1,0,1,1713.13,1,0.00217256,measured,1,5.68976,2.22679,2.4003,4.16615e+23,8.3323,0,0
89y,39,89,908.97,0.03,15.663,9/2+,2871.7,0.4,1962.73,(7/2)+,2e-13,LT,1,M1,0,1,0,1,1962.73,1,0.278699,Weisskopf M1,0.8,444.844,2.55123,163.798,6.10509e+21,0.122102,0,0
89y,39,89,908.97,0.03,15.663,9/2+,2892.98,0.15,1984.01,13/2+,1.8e-13,,1,E2,1.11022e-16,1,0,1.01381,1984.01,1,0.00249966,measured,1.4,6.8332,2.57889,2.48909,3.96281e+23,7.92562,0,0
89y,39,89,908.97,0.03,15.663,9/2+,3107.26,0.24,2198.29,(5/2)-,3.4e-14,,0,M2,1,0,0,1.17492,3107.26,1.41349,2.3575e-05,Weisskopf M2,0.6,0.0224976,2.85742,0.00739627,1.15075e+26,2301.5,0,0
89y,39,89,908.97,0.03,15.663,9/2+,3138.9,0.3,2229.93,(5/2)-,1.1e-13,,0,M2,0.935454,0.0645457,0,1.25087,3080.23,1.38131,2.53211e-05,Weisskopf M2,0.6,0.0234831,2.89855,0.00761071,1.05042e+26,2100.83,0,0
89y,39,89,908.97,0.03,15.663,9/2+,3343.44,0.15,2434.47,13/2-,4.2e-13,,0,M2,1.11022e-16,1,0,2.00081,2434.47,1,3.92689e-05,Weisskopf M2,1.4,0.071297,3.16442,0.0211655,2.36138e+25,472.277,0,0
89y,39,89,908.97,0.03,15.663,9/2+,3410.7,0.4,2501.73,(5/2+),,,1,E2,0,1,0,1,2501.73,1,0.00187102,Weisskopf E2,0.6,1.37864,3.25184,0.398265,2.51089e+24,50.2179,0,0
89y,39,89,908.97,0.03,15.663,9/2+,3451.3,0.6,2542.33,(7/2+),,,1,M1,0,1,0,1,2542.33,1,0.605689,Weisskopf M1,0.8,576.207,3.30462,163.798,6.10509e+21,0.122102,0,0
89y,39,89,908.97,0.03,15.663,9/2+,3503.6,0.4,2594.63,(7/2-),,,0,E1,0.996175,0.00382538,0,2.01487,3500.12,1.34899,22.9185,Weisskopf E1,0.8,20932.8,3.3726,5830.6,8.51216e+19,0.00170243,0,0
89y,39,89,908.97,0.03,15.663,9/2+,3557.4,0.5,2648.43,(7/2-),,,1,E1,0.621891,0.378109,0,1.62189,3213.71,1.21344,24.3739,Weisskopf E1,0.8,21366.9,3.44253,5830.6,1.05746e+20,0.00211493,0,0
89y,39,89,908.97,0.03,15.663,9/2+,3621.1,0.6,2712.13,(11/2),,,1,,0,1,0,1,2712.13,1,,unknown,1.2,,3.52533,,,,0,0
89y,39,89,908.97,0.03,15.663,9/2+,3630.3,0.6,2721.33,(11/2)+,,,1,M1,0,1,0,1,2721.33,1,0.742844,Weisskopf M1,1.2,925.165,3.53729,245.697,4.07006e+21,0.0814012,0,0
89y,39,89,908.97,0.03,15.663,9/2+,3715.3,0.4,2806.33,5/2+,,,1,E2,0.119401,0.880599,0,1.64569,2914.86,1.03867,0.0033233,Weisskopf E2,0.6,1.94601,3.64778,0.501151,1.2125e+24,24.2501,0,0
89y,39,89,908.97,0.03,15.663,9/2+,3747.7,0.8,2838.73,(9/2)+,,,1,M1,0,1,0,1,2838.73,1,0.843191,Weisskopf M1,1,804.231,3.68989,204.747,4.88407e+21,0.0976814,0,0
89y,39,89,908.97,0.03,15.663,9/2+,3752.9,0.4,2843.93,(5/2+),,,1,E2,0.680272,0.319728,0,1.7619,3462.28,1.21743,0.00355197,Weisskopf E2,0.6,2.02529,3.69665,0.51467,1.10278e+24,22.0556,0,0
90y,39,90,682.01,0.05,11613.6,7+,1047.22,0.12,365.21,(5+),,,1,E2,0,1,0,1,365.21,1,1.2591e-07,Weisskopf E2,0.733333,0.00532081,0.472069,0.0105882,9.44447e+25,1888.89,0,0
90y,39,90,682.01,0.05,11613.6,7+,1298,0.4,615.99,(5 6 7)+,,,1,,0,1,0,1.04762,615.99,1,,unknown,1,,0.796227,,,,0,0
90y,39,90,682.01,0.05,11613.6,7+,2216.66,0.07,1534.65,8+,,,1,M1,0,1,0,0.999661,1534.65,1,0.133224,Weisskopf M1,1.13333,492.747,1.98368,233.347,4.28692e+21,0.0857384,0,0
90y,39,90,682.01,0.05,11613.6,7+,2454.84,0.06,1772.83,9+,,,0,E2,0,1,0,1.98217,1772.83,1,0.000339376,Weisskopf E2,1.26667,1.05126,2.29155,0.430955,1.17065e+24,23.413,0,0
90y,39,90,682.01,0.05,11613.6,7+,2858.86,0.18,2176.85,(9+),,,0,E2,0,1,0,1.99789,2176.85,1,0.000947301,Weisskopf E2,1.26667,1.94624,2.81379,0.649763,7.70322e+23,15.4064,0,0
91y,39,91,555.58,0.05,2982.6,9/2+,925.74,0.07,370.16,5/2-,,,0,M2,1,0,0,1.06359,925.74,2.50092,3.23898e-09,Weisskopf M2,0.6,0.000109014,0.475831,0.000215219,4.36864e+27,87372.8,0,0
91y,39,91,555.58,0.05,2982.6,9/2+,1186.88,0.06,631.3,(7/2)-,,,1,E1,0.486125,0.513875,0,1.51249,901.382,1.42782,0.335043,Weisskopf E1,0.8,5169.19,0.81152,5983.75,1.10493e+20,0.00220985,0,0
91y,39,91,555.58,0.05,2982.6,9/2+,1305.39,0.06,749.81,(5/2)+,,,1,E2,0.118408,0.881592,0,1.12095,815.595,1.08774,4.66122e-06,Weisskopf E2,0.6,0.0382342,0.963862,0.0372638,2.39402e+25,478.804,0,0
91y,39,91,555.58,0.05,2982.6,9/2+,1485.09,0.21,929.51,(13/2+),,,1,E2,0,1,0,1,929.51,1,1.36463e-05,Weisskopf E2,1.4,0.169956,1.19486,0.13362,7.48394e+24,149.679,0,0
91y,39,91,555.58,0.05,2982.6,9/2+,1545.9,0.06,990.32,(5/2)-,,,0,M2,0.986846,0.0131536,0,2.03653,1538.59,1.55363,4.43955e-07,Weisskopf M2,0.6,0.00208758,1.27303,0.00154047,3.18754e+26,6375.07,0,0
91y,39,91,555.58,0.05,2982.6,9/2+,1579.93,0.07,1024.35,5/2+ 7/2+,,,1,,0.0147861,0.985214,0,1.04661,1032.56,1.00802,,unknown,1,,1.31678,,,,0,0
91y,39,91,555.58,0.05,2982.6,9/2+,1980.41,0.07,1424.83,(5/2)-,,,0,M2,0.911925,0.0880751,0,2.18356,1931.48,1.35558,2.73701e-06,Weisskopf M2,0.6,0.00621734,1.83158,0.00318881,1.43617e+26,2872.35,0,0
91y,39,91,555.58,0.05,2982.6,9/2+,2066.62,0.07,1511.04,(5/2)+,,,0,E2,0.671283,0.328717,0,2.12417,1883.99,1.24682,0.000154926,Weisskopf E2,0.6,0.312915,1.9424,0.151334,3.11082e+24,62.2164,0,0
91y,39,91,555.58,0.05,2982.6,9/2+,2206.76,0.09,1651.18,5/2-,,,1,M2,0.717423,0.282577,0,1.92291,2049.77,1.24139,5.72049e-06,Weisskopf M2,0.6,0.00967607,2.12255,0.00428244,1.21436e+26,2428.73,0,0
91y,39,91,555.58,0.05,2982.6,9/2+,2279.34,0.1,1723.76,(5/2+ 7/2-),,,1,,0.174849,0.825151,0,1.35059,1820.9,1.05636,,unknown,1,,2.21585,,,,0,0
91y,39,91,555.58,0.05,2982.6,9/2+,2530,0.5,1974.42,(5/2-),,,0,M2,0,0,1,0,0,0,1.39849e-05,Weisskopf M2,0.6,0.0165438,2.53807,0.00612325,,,0,0
91y,39,91,555.58,0.05,2982.6,9/2+,2572.13,0.12,2016.55,(5/2+ 7/2 9/2-),,,1,,0.0721672,0.927833,0,1.96468,2056.64,1.01988,,unknown,1,,2.59222,,,,0,0
91y,39,91,555.58,0.05,2982.6,9/2+,2780,0.5,2224.42,(9/2+),,,0,M1,0,0,1,0,0,0,0.405699,Weisskopf M1,1,630.193,2.85944,207.035,,,0,0
91y,39,91,555.58,0.05,2982.6,9/2+,3100,0.5,2544.42,(9/2-),,,0,E1,0,0,1,0,0,0,21.9361,Weisskopf E1,1,26042.6,3.27079,7479.68,,,0,0
97y,39,97,667.52,0.23,1.17,(9/2)+,1319.54,0.19,652.02,(5/2+),1.2e-11,,1,E2,0.260455,0.739545,0,1.25834,825.879,1.26665,2.81174e-05,measured,0.6,0.305005,0.811819,0.352938,2.25167e+24,45.0335,0,0
97y,39,97,667.52,0.23,1.17,(9/2)+,1336,0.3,668.48,,3e-09,LT,1,,0,1,0,1,668.48,1,,unknown,1,,0.832313,,,,0,0
97y,39,97,667.52,0.23,1.17,(9/2)+,1428.11,0.2,760.59,(5/2+ 7/2+),2.1e-11,,1,,0.698642,0.301358,0,1.75086,1226.95,1.61315,5.68861e-06,measured,1,0.0755802,0.946998,0.0749738,7.61797e+24,152.359,0,0
97y,39,97,667.52,0.23,1.17,(9/2)+,1530.2,0.4,862.68,,,,1,,0,1,0,1.53763,862.68,1,,unknown,1,,1.07411,,,,0,0
97y,39,97,667.52,0.23,1.17,(9/2)+,1657.4,0.3,989.88,(13/2+),2e-09,LT,1,E2,0,1,0,1.33277,989.88,1,2.03531e-05,Weisskopf E2,1.4,0.22351,1.23248,0.170359,4.40434e+24,88.0867,0,0
97y,39,97,667.52,0.23,1.17,(9/2)+,1913.9,0.4,1246.38,,,,1,,0,1,0,1.53917,1246.38,1,,unknown,1,,1.55185,,,,0,0
89zr,40,89,587.82,0.1,249.66,1/2-,1094.91,0.18,507.09,3/2-,5e-14,GT,1,M1,0,1,0,1,507.09,1,0.00480628,Weisskopf M1,2,287.324,0.659135,409.494,2.44204e+21,0.0488407,0,0
89zr,40,89,587.82,0.1,249.66,1/2-,1451.23,0.18,863.41,5/2-,3.5e-12,GT,1,E2,0,1,0,1.35897,863.41,1,9.16138e-06,Weisskopf E2,3,0.283368,1.12229,0.237189,3.10237e+24,62.0474,0,0
89zr,40,89,587.82,0.1,249.66,1/2-,1627.26,0.14,1039.44,5/2+,3.5e-13,,0,M2,0.865801,0.134199,0,1.1342,1548.38,1.48962,5.57217e-07,Weisskopf M2,3,0.0118919,1.3511,0.00826821,1.06635e+26,2132.7,0,0
89zr,40,89,587.82,0.1,249.66,1/2-,1742.6,0.4,1154.78,1/2-,4.3e-13,,1,M1,0,1,0,1,1154.78,1,0.00106102,measured,1,6.11543,1.50103,3.82727,2.61283e+23,5.22566,0,0
89zr,40,89,587.82,0.1,249.66,1/2-,1833.71,0.15,1245.89,5/2+,4.6e-13,,0,M2,0.935033,0.0649669,0,1.08335,1795.52,1.44116,1.37856e-06,Weisskopf M2,3,0.0204781,1.61946,0.0118788,7.77069e+25,1554.14,0,0
89zr,40,89,587.82,0.1,249.66,1/2-,1864.6,0.3,1276.78,3/2-,1.7e-13,,1,M1,1.11022e-16,1,0,1.85147,1276.78,1,0.000477111,measured,2,4.49905,1.65961,2.54663,2.12088e+23,4.24177,0,0
89zr,40,89,587.82,0.1,249.66,1/2-,2085.9,0.8,1498.08,(5/2)+,2e-12,GT,0,M2,0.112931,0.887069,0,2.0175,1564.46,1.04431,3.46499e-06,Weisskopf M2,3,0.0356005,1.94726,0.0171744,2.88604e+25,577.209,0,0
89zr,40,89,587.82,0.1,249.66,1/2-,2099.84,0.24,1512.02,5/2-,7.6e-14,,0,E2,0,1,0,2.09108,1512.02,1,0.000150891,Weisskopf E2,3,1.52185,1.96538,0.727404,6.57435e+23,13.1487,0,0
89zr,40,89,587.82,0.1,249.66,1/2-,2130.7,1,1542.88,5/2+,,,0,M2,0,0,1,0,0,0,4.01502e-06,Weisskopf M2,3,0.0388909,2.00549,0.018217,,,0,0
89zr,40,89,587.82,0.1,249.66,1/2-,2388.6,0.5,1800.78,(5/2)+,1.3e-13,,0,M2,0.581395,0.418605,0,1.49374,2142.54,1.18978,8.69622e-06,Weisskopf M2,3,0.0618349,2.34072,0.0248161,2.69769e+25,539.537,0,0
89zr,40,89,587.82,0.1,249.66,1/2-,2538,3,1950.18,(1/2:9/2)+,,,0,E1,0,0,1,0,0,0,9.73158,Weisskopf E1,1,19666.9,2.53492,7288.25,,,0,0
89zr,40,89,587.82,0.1,249.66,1/2-,2732,3,2144.18,(5/2+),,,0,M2,0,0,1,0,0,0,2.08129e-05,Weisskopf M2,3,0.104384,2.78709,0.0351832,,,0,0
89zr,40,89,587.82,0.1,249.66,1/2-,2927,3,2339.18,(1/2:11/2)-,,,0,M1,0,0,1,0,0,0,0.471786,Weisskopf M1,1,662.705,3.04056,204.747,,,0,0
89zr,40,89,587.82,0.1,249.66,1/2-,2996,3,2408.18,5/2+,,,0,M2,0,0,1,0,0,0,3.71939e-05,Weisskopf M2,3,0.147883,3.13024,0.0443803,,,0,0
89zr,40,89,587.82,0.1,249.66,1/2-,3153,3,2565.18,(1/2:9/2)+,,,0,E1,0,0,1,0,0,0,22.1469,Weisskopf E1,1,25869,3.33432,7288.25,,,0,0
89zr,40,89,587.82,0.1,249.66,1/2-,3181,3,2593.18,5/2+,,,0,M2,0,0,1,0,0,0,5.38506e-05,Weisskopf M2,3,0.18465,3.37071,0.051461,,,0,0
89zr,40,89,587.82,0.1,249.66,1/2-,3269,3,2681.18,(1/2:9/2)+,,,0,E1,0,0,1,0,0,0,25.2893,Weisskopf E1,1,27038.8,3.4851,7288.25,,,0,0
89zr,40,89,587.82,0.1,249.66,1/2-,3280,3,2692.18,5/2+,,,0,M2,0,0,1,0,0,0,6.49453e-05,Weisskopf M2,3,0.206616,3.4994,0.0554652,,,0,0
89zr,40,89,587.82,0.1,249.66,1/2-,3420,3,2832.18,(1/2:9/2)+,,,0,E1,0,0,1,0,0,0,29.8072,Weisskopf E1,1,28561.6,3.68138,7288.25,,,0,0
89zr,40,89,587.82,0.1,249.66,1/2-,3575.8,0.5,2987.98,(5/2)-,,,0,E2,0.965949,0.0340505,0,1.28778,3555.78,1.19003,0.00454741,Weisskopf E2,3,11.7444,3.88389,2.84064,2.73364e+23,5.46728,0,0
87nb,41,87,3.9,0.1,156,(9/2)+,266.9,0.2,263,(7/2)+,,,1,M1,0,1,0,0.983381,263,1,0.000670534,Weisskopf M1,0.8,59.6077,0.345765,161.947,6.27922e+21,0.125584,0,0
87nb,41,87,3.9,0.1,156,(9/2)+,334,0.1,330.1,(5/2-),2.8e-08,,0,M2,0.908498,0.0915016,0,1.05022,333.643,1.01073,1.77286e-09,Weisskopf M2,0.6,7.50304e-05,0.433981,0.000162412,5.86276e+27,117255,0,0
87nb,41,87,3.9,0.1,156,(9/2)+,400.76,0.13,396.86,(9/2 7/2 5/2)+,,,1,,0,1,0,1.13564,396.86,1,,unknown,1,,0.52175,,,,0,0
87nb,41,87,3.9,0.1,156,(9/2)+,784.5,0.2,780.6,(13/2)+,1.8e-12,,1,E2,0,1,0,0.998692,780.6,1,0.000253465,measured,1.4,4.47603,1.02625,4.09723,2.44387e+23,4.88775,0,0
87nb,41,87,3.9,0.1,156,(9/2)+,839.8,0.2,835.9,(7/2-),,,1,E1,0.543985,0.456015,0,1.61559,838.022,1.00254,0.754817,Weisskopf E1,0.8,6642.41,1.09895,5678.03,1.09011e+20,0.00218023,0,0
87nb,41,87,3.9,0.1,156,(9/2)+,995.4,0.2,991.5,(11/2+),,,1,M1,0,1,0,0.999265,991.5,1,0.0359279,Weisskopf M1,1.2,337.078,1.30352,242.92,4.11961e+21,0.0823921,0,0
87nb,41,87,3.9,0.1,156,(9/2)+,1051.5,0.2,1047.6,(11/2)+,,,1,M1,0,1,0,1.78584,1047.6,1,0.042378,Weisskopf M1,1.2,356.15,1.37727,242.92,2.30512e+21,0.0461024,0,0
87nb,41,87,3.9,0.1,156,(9/2)+,1168.6,0.1,1164.7,(9/2-),,,1,E1,0.899513,0.100487,0,2.03873,1168.21,1.00301,2.04184,Weisskopf E1,1,11569,1.53122,7097.53,6.91086e+19,0.00138217,0,0
87nb,41,87,3.9,0.1,156,(9/2)+,1603.5,0.1,1599.6,(11/2-),,,0,E1,0.636453,0.363547,0,2.72462,1602.08,1.00155,5.28948,Weisskopf E1,1.2,19066.6,2.10298,8517.04,4.30929e+19,0.000861858,0,0
87nb,41,87,3.9,0.1,156,(9/2)+,1976.6,0.2,1972.7,(13/2-),,,0,M2,0.899513,0.100487,0,3.03873,1976.21,1.00178,1.3513e-05,Weisskopf M2,1.4,0.0373646,2.5935,0.013534,2.43154e+25,486.308,0,0
90nb,41,90,124.67,0.25,18.81,4-,285.3,0.1,160.63,5+,,,0,E1,1,0,0,1.57947,285.3,1.77613,0.00547866,Weisskopf E1,1.22222,1994.68,0.20763,9024.74,7.01543e+19,0.00140309,0,0
90nb,41,90,124.67,0.25,18.81,4-,328,0.1,203.33,4(+),,,0,E1,1,0,0,1.83588,328,1.61314,0.0111122,Weisskopf E1,1,2065.85,0.262824,7383.88,7.37686e+19,0.00147537,0,0
90nb,41,90,124.67,0.25,18.81,4-,362.4,0.3,237.73,5-,,,1,M1,0,1,0,1,237.73,1,0.000495229,Weisskopf M1,1.22222,82.3173,0.307289,251.649,3.9738e+21,0.0794759,0,0
90nb,41,90,124.67,0.25,18.81,4-,382.01,0.25,257.34,1+,0.00619,,1,E3,0,1,0,0.846024,257.34,1,7.37056e-14,measured,0.333333,2.85146e-09,0.332637,8.05282e-09,1.46781e+32,2.93562e+09,0,0
90nb,41,90,124.67,0.25,18.81,4-,651.19,0.19,526.52,4(+),,,0,E1,1,0,0,2.82383,651.19,1.23678,0.192947,Weisskopf E1,1,5349.49,0.680578,7383.88,4.79598e+19,0.000959197,0,0
90nb,41,90,124.67,0.25,18.81,4-,847.7,0.4,723.03,,,,1,,0,1,0,1.5,723.03,1,,unknown,1,,0.934586,,,,0,0
90nb,41,90,124.67,0.25,18.81,4-,854.32,0.21,729.65,2-,,,0,E2,0.82168,0.17832,0,3.45844,832.089,1.14039,4.00791e-06,Weisskopf E2,0.555556,0.0321455,0.943143,0.0320179,9.03083e+24,180.617,0,0
90nb,41,90,124.67,0.25,18.81,4-,1128.2,0.4,1003.53,,,,1,,0.5,0.5,0,2.41191,1065.87,1.06212,,unknown,1,,1.29716,,,,0,0
90nb,41,90,124.67,0.25,18.81,4-,1195.2,0.9,1070.53,,,,1,,0,1,0,1,1070.53,1,,unknown,1,,1.38376,,,,0,0
90nb,41,90,124.67,0.25,18.81,4-,1279.7,1.1,1155.03,,,,1,,0,1,0,1,1155.03,1,,unknown,1,,1.49299,,,,0,0
90nb,41,90,124.67,0.25,18.81,4-,1362.7,0.6,1238.03,(3+),,,1,E1,0.5,0.5,0,2.37643,1300.37,1.05035,2.50835,Weisskopf E1,0.777778,9783.26,1.60027,5743.02,7.32714e+19,0.00146543,0,0
90nb,41,90,124.67,0.25,18.81,4-,1372.1,0.4,1247.43,,,,1,,0.41084,0.58916,0,2.72922,1298.65,1.04106,,unknown,1,,1.61242,,,,0,0
90nb,41,90,124.67,0.25,18.81,4-,1433.3,0.8,1308.63,,,,1,,0.5,0.5,0,1.91794,1370.96,1.04763,,unknown,1,,1.69153,,,,0,0
90nb,41,90,124.67,0.25,18.81,4-,1630.7,1.1,1506.03,,,,1,,0,1,0,1,1506.03,1,,unknown,1,,1.94669,,,,0,0
90nb,41,90,124.67,0.25,18.81,4-,1646.7,1.1,1522.03,,,,1,,0,1,0,1,1522.03,1,,unknown,1,,1.96737,,,,0,0
90nb,41,90,124.67,0.25,18.81,4-,1815.7,1.1,1691.03,,,,1,,0,1,0,1,1691.03,1,,unknown,1,,2.18582,,,,0,0
90nb,41,90,124.67,0.25,18.81,4-,1971.7,1.1,1847.03,(3 4 5),,,1,,0,1,0,1,1847.03,1,,unknown,1,,2.38747,,,,0,0
90nb,41,90,124.67,0.25,18.81,4-,1990.4,0.8,1865.73,,,,1,,0.5,0.5,0,2.41191,1928.07,1.03341,,unknown,1,,2.41164,,,,0,0
90nb,41,90,124.67,0.25,18.81,4-,2309,0.7,2184.33,3+,,,0,E1,0.727181,0.272819,0,4.27268,2274.99,1.0415,13.7768,Weisskopf E1,0.777778,17261.2,2.82346,5743.02,4.0753e+19,0.000815061,0,0
91nb,41,91,104.6,0.05,5.2583e+06,1/2-,1186.88,0.07,1082.28,5/2-,2.6e-12,,1,E2,0,1,0,1,1082.28,1,0.000175476,measured,3,3.45432,1.39124,2.33244,4.28736e+23,8.57472,0,0
91nb,41,91,104.6,0.05,5.2583e+06,1/2-,1312.72,0.09,1208.12,3/2-,1.66e-13,,1,M1,0,1,0,1,1208.12,1,0.00274842,measured,2,28.9465,1.55301,17.5095,5.7112e+22,1.14224,0,0
91nb,41,91,104.6,0.05,5.2583e+06,1/2-,1612.66,0.09,1508.06,3/2-,5.4e-14,,1,M1,0,1,0,1.00744,1508.06,1,0.00838595,measured,2,56.6824,1.93857,27.4673,3.61379e+22,0.722757,0,0
91nb,41,91,104.6,0.05,5.2583e+06,1/2-,1844.93,0.13,1740.33,(5/2)-,1.5e-12,GT,1,E2,0,1,0,1.35065,1740.33,1,0.00031398,Weisskopf E2,3,2.39036,2.23715,1.00373,7.37631e+23,14.7526,0,0
91nb,41,91,104.6,0.05,5.2583e+06,1/2-,1963.11,0.21,1858.51,(5/2+),1.8e-13,,0,M2,1,0,0,1,1963.11,1.05628,1.03344e-05,Weisskopf M2,3,0.0689891,2.38907,0.027127,3.68636e+25,737.272,0,0
91nb,41,91,104.6,0.05,5.2583e+06,1/2-,2324.55,0.2,2219.95,(5/2-),1.11e-13,,0,E2,0.0408163,0.959184,0,2,2224.22,1.00192,0.00106038,Weisskopf E2,3,4.96132,2.85369,1.63321,3.06146e+23,6.12292,0,0
91nb,41,91,104.6,0.05,5.2583e+06,1/2-,2345.36,0.11,2240.76,(3/2)-,1.04e-13,,1,M1,0,1,0,1.59372,2240.76,1,0.00178547,measured,2,5.46632,2.88044,1.78273,3.51967e+23,7.03934,0,0
91nb,41,91,104.6,0.05,5.2583e+06,1/2-,2390.01,0.22,2285.41,(3/2+),1e-12,,1,E1,0,1,0,1.32886,2285.41,1,0.0003062,measured,2,0.901176,2.93784,0.288159,2.61149e+24,52.2298,0,0
91nb,41,91,104.6,0.05,5.2583e+06,1/2-,2579.54,0.23,2474.94,(5/2+),5.5e-13,,0,M2,0.392467,0.607533,0,1.89064,2515.99,1.01659,4.32798e-05,Weisskopf M2,3,0.162922,3.18147,0.0481063,1.09948e+25,219.897,0,0
91nb,41,91,104.6,0.05,5.2583e+06,1/2-,3065.3,0.8,2960.7,(5/2-),,,1,E2,0.318046,0.681954,0,1.33967,2993.97,1.01124,0.0044742,Weisskopf E2,3,11.7693,3.80591,2.90498,2.56955e+23,5.13911,0,0
92nb,41,92,135.5,0.4,874022,(2)+,225.8,0.4,90.3,(2)-,5.9e-06,,1,E1,0,1,0,0.861401,90.3,1,7.73284e-11,measured,1,7.28898e-05,0.115446,0.000593115,1.95729e+27,39145.8,0,1
92nb,41,92,135.5,0.4,874022,(2)+,285.7,0.4,150.2,(3)+,1.1e-09,,1,M1,0,1,0,0.930146,150.2,1,4.14762e-07,measured,1.4,0.197829,0.192026,0.967787,1.11088e+24,22.2177,0,0
92nb,41,92,135.5,0.4,874022,(2)+,389.8,0.5,254.3,(3)-,1e-08,LE,1,E1,0,1,0,1.78195,254.3,1,0.0220596,Weisskopf E1,1.4,3670.58,0.325115,10605.9,5.29122e+19,0.00105824,0,0
92nb,41,92,135.5,0.4,874022,(2)+,480.28,0.14,344.78,(4)+,6.2e-10,,0,E2,0.252268,0.747732,0,1.88898,378.962,1.09914,9.72261e-08,Weisskopf E2,1.8,0.0113155,0.440791,0.0241153,2.19523e+25,439.045,0,0
92nb,41,92,135.5,0.4,874022,(2)+,1089.4,0.5,953.9,(1)+,1e-08,LE,1,M1,0,1,0,1.65165,953.9,1,0.0319935,Weisskopf M1,0.6,162.148,1.21953,124.902,4.84745e+21,0.096949,0,0
92nb,41,92,135.5,0.4,874022,(2)+,1345.5,0.5,1210,(2+),1e-08,LE,1,M1,0,1,0,1.27047,1210,1,0.0652995,Weisskopf M1,1,342.801,1.54695,208.169,3.78111e+21,0.0756222,0,0
92nb,41,92,135.5,0.4,874022,(2)+,1422.7,0.5,1287.2,(4-),1e-08,LE,0,M2,0,1,0,2.78195,1287.2,1,1.65904e-06,Weisskopf M2,1.8,0.0138529,1.64565,0.00790776,4.54566e+25,909.132,0,0
92nb,41,92,135.5,0.4,874022,(2)+,1467.9,0.5,1332.4,(4+),,,1,E2,0,1,0,1,1332.4,1,8.38003e-05,Weisskopf E2,1.8,0.653058,1.70343,0.360145,2.77666e+24,55.5332,0,0
92nb,41,92,135.5,0.4,874022,(2)+,1472.8,0.7,1337.3,(4+),,,0,E2,0,1,0,2.78195,1337.3,1,8.53526e-05,Weisskopf E2,1.8,0.66029,1.7097,0.362799,9.90797e+23,19.8159,0,0
92nb,41,92,135.5,0.4,874022,(2)+,1481.3,0.5,1345.8,(1+),,,1,M1,0,1,0,1.14357,1345.8,1,0.0898453,Weisskopf M1,0.6,228.764,1.72056,124.902,7.00116e+21,0.140023,0,0
92nb,41,92,135.5,0.4,874022,(2)+,1565.7,1.1,1430.2,(4)+,,,0,E2,0,1,0,1.93015,1430.2,1,0.000119414,Weisskopf E2,1.8,0.807678,1.82847,0.414956,1.24856e+24,24.9711,0,0
92nb,41,92,135.5,0.4,874022,(2)+,1642,0.5,1506.5,(2)-,,,0,E1,0,1,0,2.21402,1506.5,1,4.58633,Weisskopf E1,1,15532.1,1.92601,7575.67,5.96208e+19,0.00119242,0,0
92nb,41,92,135.5,0.4,874022,(2)+,1666.6,0.5,1531.1,(1)-,,,0,E1,0,1,0,2.48763,1531.1,1,4.81469,Weisskopf E1,0.6,9471.43,1.95746,4545.4,8.84388e+19,0.00176878,0,0
92nb,41,92,135.5,0.4,874022,(2)+,1678.1,0.5,1542.6,(1)-,,,0,E1,0,1,0,1.94144,1542.6,1,4.924,Weisskopf E1,0.6,9542.57,1.97217,4545.4,1.13319e+20,0.00226639,0,0
92nb,41,92,135.5,0.4,874022,(2)+,1738.2,0.5,1602.7,(3+),,,0,M1,0,1,0,1.8614,1602.7,1,0.151744,Weisskopf M1,1.4,635.678,2.049,291.437,1.84338e+21,0.0368676,0,0
92nb,41,92,135.5,0.4,874022,(2)+,1768.03,0.19,1632.53,(4)+,,,0,E2,0.16381,0.83619,0,2.55277,1654.73,1.0136,0.000231408,Weisskopf E2,1.8,1.20124,2.08714,0.540668,7.24533e+23,14.4907,0,0
92nb,41,92,135.5,0.4,874022,(2)+,2254,8,2118.5,(3-),,,0,E1,0,0,1,0,0,0,12.7539,Weisskopf E1,1.4,30578.6,2.70844,10605.9,,,0,0
92nb,41,92,135.5,0.4,874022,(2)+,2802,8,2666.5,(3)-,,,0,E1,0,0,1,0,0,0,25.4321,Weisskopf E1,1.4,38488.4,3.40904,10605.9,,,0,0
93nb,41,93,30.77,0.02,5.08698e+08,1/2-,686.79,0.1,656.02,3/2-,2.8e-13,,1,M1,0,1,0,0.998133,656.02,1,0.00162942,measured,2,58.2012,0.83418,65.5424,1.52858e+22,0.305716,0,0
93nb,41,93,30.77,0.02,5.08698e+08,1/2-,808.82,0.07,778.05,5/2+,6.16e-12,,0,M2,1,0,0,1.01101,808.82,1.03955,1.34832e-07,Weisskopf M2,3,0.00513573,0.989351,0.00487644,2.02834e+26,4056.68,0,0
93nb,41,93,30.77,0.02,5.08698e+08,1/2-,810.32,0.09,779.55,5/2-,1e-12,GT,1,E2,0,1,0,1.00857,779.55,1,5.82844e-06,Weisskopf E2,3,0.221151,0.991258,0.209581,4.73085e+24,94.6171,0,0
93nb,41,93,30.77,0.02,5.08698e+08,1/2-,1284.26,0.13,1253.49,(5/2)-,1.7e-13,,1,E2,0,1,0,1.23074,1253.49,1,0.00206442,measured,3,30.2957,1.59391,17.8553,4.55057e+22,0.910113,0,0
93nb,41,93,30.77,0.02,5.08698e+08,1/2-,1315.5,0.11,1284.73,5/2+,3.7e-13,,0,M2,1,0,0,2.00096,1315.5,1.02395,1.65507e-06,Weisskopf M2,3,0.0231215,1.63363,0.0132957,3.75882e+25,751.763,0,0
93nb,41,93,30.77,0.02,5.08698e+08,1/2-,1369.86,0.17,1339.09,5/2-,5.5e-13,GT,1,E2,0,1,0,1.90834,1339.09,1,8.71729e-05,Weisskopf E2,3,1.12095,1.70276,0.618421,8.47343e+23,16.9469,0,0
93nb,41,93,30.77,0.02,5.08698e+08,1/2-,1571.82,0.14,1541.05,3/2-,1.9e-13,,0,M1,0,1,0,2.03442,1541.05,1,0.134898,Weisskopf M1,2,873.179,1.95956,418.595,1.17426e+21,0.0234853,0,0
93nb,41,93,30.77,0.02,5.08698e+08,1/2-,1665.66,0.12,1634.89,5/2+,2.4e-13,,0,M2,1,0,0,1.97932,1665.66,1.01882,5.5233e-06,Weisskopf M2,3,0.0476481,2.07889,0.021531,2.34649e+25,469.298,0,0
93nb,41,93,30.77,0.02,5.08698e+08,1/2-,1779.27,0.17,1748.5,(5/2-),7.3e-14,,0,E2,0,1,0,2.0078,1748.5,1,0.000330873,Weisskopf E2,3,2.49548,2.22335,1.05438,4.72371e+23,9.44743,0,0
93nb,41,93,30.77,0.02,5.08698e+08,1/2-,1784.4,0.25,1753.63,(5/2+),,,0,M2,1,0,0,2.7509,1784.4,1.01755,7.84234e-06,Weisskopf M2,3,0.0588022,2.22988,0.0247721,1.46744e+25,293.489,0,0
93nb,41,93,30.77,0.02,5.08698e+08,1/2-,2153.6,0.2,2122.83,(1/2 3/2 5/2-),8e-14,,1,,0,1,0,1,2122.83,1,0.00570297,measured,1,9.72689,2.69934,3.38506,2.95416e+23,5.90832,0,0
93nb,41,93,30.77,0.02,5.08698e+08,1/2-,2520,10,2489.23,(1/2+),,,0,E1,0,0,1,0,0,0,20.8393,Weisskopf E1,1,25849.7,3.16525,7671.82,,,0,0
94nb,41,94,40.892,0.012,375.78,3+,58.708,0.01,17.816,(4)+,,,1,M1,0,1,0,0.188324,17.816,1,2.08442e-07,Weisskopf M1,1.28571,6.4895,0.0225336,270.54,1.96274e+22,0.392548,1,1
94nb,41,94,40.892,0.012,375.78,3+,113.401,0.0008,72.5089,(5)+,5e-09,LT,0,E2,0.869956,0.130044,0,0.816988,108.083,1.49062,4.11607e-11,Weisskopf E2,1.57143,9.45578e-05,0.091709,0.000968582,1.26371e+27,25274.2,0,1
94nb,41,94,40.892,0.012,375.78,3+,140.298,0.012,99.406,(2)-,3e-08,,1,E1,0,1,0,0.891107,99.406,1,1.52079e-08,measured,0.714286,0.00844928,0.125728,0.0631302,1.7776e+25,355.519,0,1
94nb,41,94,40.892,0.012,375.78,3+,301.558,0.012,260.666,(2)-,,,0,E1,0,1,0,1.82134,260.666,1,0.0241011,Weisskopf E1,0.714286,1947.35,0.329689,5548.68,9.89509e+19,0.00197902,0,0
94nb,41,94,40.892,0.012,375.78,3+,334.102,0.012,293.21,(3)+,,,1,M1,1.11022e-16,1,0,1.01633,293.21,1,0.000929159,Weisskopf M1,1,83.0683,0.370851,210.42,4.67605e+21,0.0935211,0,0
94nb,41,94,40.892,0.012,375.78,3+,396.227,0.012,355.335,(3)-,5e-09,LT,1,E1,0,1,0,1.68402,355.335,1,0.0610518,Weisskopf E1,1,3716.42,0.449426,7768.15,7.64425e+19,0.00152885,0,0
94nb,41,94,40.892,0.012,375.78,3+,450.204,0.014,409.312,(3)-,,,1,E1,0,1,0,1.86435,409.312,1,0.0933142,Weisskopf E1,1,4280.97,0.517696,7768.15,6.90486e+19,0.00138097,0,0
94nb,41,94,40.892,0.012,375.78,3+,631.533,0.013,590.641,(4)+,,,1,M1,0.709303,0.290697,0,1.71272,619.646,1.04911,0.00759494,Weisskopf M1,1.28571,215.142,0.74704,270.54,2.15815e+21,0.0431631,0,0
94nb,41,94,40.892,0.012,375.78,3+,640.988,0.01,600.096,(5)+,,,0,E2,0.766384,0.233616,0,1.75526,631.435,1.05222,1.59819e-06,Weisskopf E2,1.57143,0.0536026,0.758999,0.066343,8.58746e+24,171.749,0,0
94nb,41,94,40.892,0.012,375.78,3+,666.1,0.03,625.208,(3)+,,,0,M1,0.109108,0.890892,0,1.91759,629.67,1.00714,0.00900798,Weisskopf M1,1,177.126,0.79076,210.42,2.47832e+21,0.0495664,0,0
94nb,41,94,40.892,0.012,375.78,3+,785.657,0.025,744.765,(3)+,,,0,M1,0.19499,0.80501,0,2.40911,752.739,1.01071,0.0152269,Weisskopf M1,1,210.997,0.941976,210.42,1.97268e+21,0.0394536,0,0
94nb,41,94,40.892,0.012,375.78,3+,792.595,0.016,751.703,(3 4)+,,,1,,0,1,0,1.65235,751.703,1,,unknown,1,,0.950751,,,,0,0
94nb,41,94,40.892,0.012,375.78,3+,816.83,0.03,775.938,(3)-,,,1,E1,0.00982324,0.990177,0,1.28049,776.34,1.00052,0.635719,Weisskopf E1,1,8115.48,0.981403,7768.15,1.00533e+20,0.00201065,0,0
94nb,41,94,40.892,0.012,375.78,3+,924.252,0.025,883.36,(2+),,,1,M1,0.0751638,0.924836,0,2.01043,886.434,1.00348,0.0254078,Weisskopf M1,0.714286,178.758,1.11727,150.3,3.30943e+21,0.0661885,0,0
94nb,41,94,40.892,0.012,375.78,3+,936.036,0.02,895.144,+,,,1,,0.0507316,0.949268,0,1.19397,897.219,1.00232,,unknown,1,,1.13217,,,,0,0
94nb,41,94,40.892,0.012,375.78,3+,957.36,0.03,916.468,(5)+,,,0,E2,0.762018,0.237982,0,1.31006,947.628,1.034,1.32774e-05,Weisskopf E2,1.57143,0.190931,1.15914,0.154735,4.9331e+24,98.6621,0,0
94nb,41,94,40.892,0.012,375.78,3+,1023.35,0.04,982.458,,,,1,,0.558097,0.441903,0,1.87029,1005.28,1.02323,,unknown,1,,1.24261,,,,0,0
94nb,41,94,40.892,0.012,375.78,3+,1061.22,0.023,1020.33,4+ 5+,,,1,,0.0277405,0.97226,0,2.04222,1021.47,1.00111,,unknown,1,,1.29051,,,,0,0
94nb,41,94,40.892,0.012,375.78,3+,1158.71,0.04,1117.82,,,,1,,0.0948113,0.905189,0,1.48495,1121.7,1.00347,,unknown,1,,1.41381,,,,0,0
94nb,41,94,40.892,0.012,375.78,3+,1163.2,0.9,1122.31,(3+ 4 5+),,,1,,0.109889,0.890111,0,1.20232,1126.8,1.004,,unknown,1,,1.41949,,,,0,0
94nb,41,94,40.892,0.012,375.78,3+,1169.88,0.06,1128.99,4+ 5+,,,1,,0.0897598,0.91024,0,1.24433,1132.66,1.00325,,unknown,1,,1.42794,,,,0,0
94nb,41,94,40.892,0.012,375.78,3+,1231.92,0.03,1191.03,(2 3 4)+,,,1,,0.353602,0.646398,0,2.14198,1205.49,1.01214,,unknown,1,,1.50641,,,,0,0
94nb,41,94,40.892,0.012,375.78,3+,1247.26,0.07,1206.37,,,,1,,0.0315249,0.968475,0,1.60745,1207.66,1.00107,,unknown,1,,1.52581,,,,0,0
94nb,41,94,40.892,0.012,375.78,3+,1256.85,0.1,1215.96,+,,,1,,0.579884,0.420116,0,1.19114,1239.67,1.0195,,unknown,1,,1.53794,,,,0,0
94nb,41,94,40.892,0.012,375.78,3+,1281.44,0.11,1240.55,4+ 5+,,,1,,0.08,0.92,0,1.09416,1243.82,1.00264,,unknown,1,,1.56904,,,,0,0
94nb,41,94,40.892,0.012,375.78,3+,1332.6,0.3,1291.71,(3+ 4 5+),,,1,,0.207751,0.792249,0,1.24476,1300.2,1.00658,,unknown,1,,1.63375,,,,0,0
95nb,41,95,235.69,0.02,311904,1/2-,730,6,494.31,(5/2)+,,,0,M2,0,0,1,0,0,0,1.41551e-08,Weisskopf M2,3,0.00133579,0.621902,0.00201775,,,0,0
95nb,41,95,235.69,0.02,311904,1/2-,799,4,563.31,3/2-,,,0,M1,0,0,1,0,0,0,0.00658865,Weisskopf M1,2,319.179,0.708712,423.073,,,0,0
95nb,41,95,235.69,0.02,311904,1/2-,805,5,569.31,(5/2:13/2)+,,,0,M2,0,0,1,0,0,0,2.86854e-08,Weisskopf M2,3,0.00204074,0.716261,0.00267649,,,0,0
95nb,41,95,235.69,0.02,311904,1/2-,877,7,641.31,(5/2:13/2)+,,,0,M2,0,0,1,0,0,0,5.20303e-08,Weisskopf M2,3,0.00291705,0.806846,0.00339629,,,0,0
95nb,41,95,235.69,0.02,311904,1/2-,1010,5,774.31,(5/2-),,,0,E2,0,0,1,0,0,0,5.79733e-06,Weisskopf E2,3,0.222958,0.974176,0.214999,,,0,0
95nb,41,95,235.69,0.02,311904,1/2-,1149,11,913.31,(5/2:13/2)+,,,0,M2,0,0,1,0,0,0,3.04795e-07,Weisskopf M2,3,0.00842549,1.14905,0.00688819,,,0,0
95nb,41,95,235.69,0.02,311904,1/2-,1219,5,983.31,3/2-,,,0,M1,0,0,1,0,0,0,0.0350449,Weisskopf M1,2,557.157,1.23712,423.073,,,0,0
95nb,41,95,235.69,0.02,311904,1/2-,1274,6,1038.31,5/2-,,,0,E2,0,0,1,0,0,0,2.51356e-05,Weisskopf E2,3,0.537599,1.30632,0.386598,,,0,0
95nb,41,95,235.69,0.02,311904,1/2-,1430,12,1194.31,(3/2+),,,0,E1,0,0,1,0,0,0,2.33453,Weisskopf E1,2,25159.3,1.50259,15729.3,,,0,0
95nb,41,95,235.69,0.02,311904,1/2-,1518,8,1282.31,(5/2:13/2)+,,,0,M2,0,0,1,0,0,0,1.66296e-06,Weisskopf M2,3,0.0233195,1.6133,0.0135786,,,0,0
95nb,41,95,235.69,0.02,311904,1/2-,1730,7,1494.31,(5/2:13/2)+,,,0,M2,0,0,1,0,0,0,3.57371e-06,Weisskopf M2,3,0.0369031,1.88002,0.0184395,,,0,0
95nb,41,95,235.69,0.02,311904,1/2-,1813,6,1577.31,5/2+,,,0,M2,0,0,1,0,0,0,4.68276e-06,Weisskopf M2,3,0.0434002,1.98445,0.0205448,,,0,0
95nb,41,95,235.69,0.02,311904,1/2-,1847,2,1611.31,(5/2:13/2)+,,,0,M2,0,0,1,0,0,0,5.20969e-06,Weisskopf M2,3,0.0462677,2.02722,0.0214401,,,0,0
95nb,41,95,235.69,0.02,311904,1/2-,2049,5,1813.31,(3/2:15/2)-,,,0,M1,0,0,1,0,0,0,0.219771,Weisskopf M1,2,1027.45,2.28136,423.073,,,0,0
95nb,41,95,235.69,0.02,311904,1/2-,2194,9,1958.31,(5/2+:13/2)+,,,0,M2,0,0,1,0,0,0,1.38141e-05,Weisskopf M2,3,0.0830586,2.46379,0.0316688,,,0,0
95nb,41,95,235.69,0.02,311904,1/2-,2275,14,2039.31,(1/2:17/2)+,,,0,E1,0,0,1,0,0,0,11.6225,Weisskopf E1,1,21480,2.5657,7864.65,,,0,0
95nb,41,95,235.69,0.02,311904,1/2-,2303,7,2067.31,5/2-,,,0,E2,0,0,1,0,0,0,0.000786469,Weisskopf E2,3,4.24321,2.60093,1.53256,,,0,0
95nb,41,95,235.69,0.02,311904,1/2-,2364,4,2128.31,(1/2+),,,0,E1,0,0,1,0,0,0,13.2115,Weisskopf E1,1,22417.4,2.67767,7864.65,,,0,0
95nb,41,95,235.69,0.02,311904,1/2-,2383,8,2147.31,1/2-,,,0,M1,0,0,1,0,0,0,0.364954,Weisskopf M1,1,608.347,2.70158,211.536,,,0,0
95nb,41,95,235.69,0.02,311904,1/2-,2390,7,2154.31,(5/2:13/2)+,,,0,M2,0,0,1,0,0,0,2.22565e-05,Weisskopf M2,3,0.110577,2.71038,0.0383252,,,0,0
95nb,41,95,235.69,0.02,311904,1/2-,2414,8,2178.31,(3/2+),,,0,E1,0,0,1,0,0,0,14.1647,Weisskopf E1,2,45888.2,2.74058,15729.3,,,0,0
95nb,41,95,235.69,0.02,311904,1/2-,2486,8,2250.31,1/2-,,,0,M1,0,0,1,0,0,0,0.420031,Weisskopf M1,1,637.528,2.83116,211.536,,,0,0
95nb,41,95,235.69,0.02,311904,1/2-,2540,20,2304.31,(5/2:13/2)+,,,0,M2,0,0,1,0,0,0,3.11617e-05,Weisskopf M2,3,0.13532,2.8991,0.0438481,,,0,0
95nb,41,95,235.69,0.02,311904,1/2-,2599,8,2363.31,5/2-,,,0,E2,0,0,1,0,0,0,0.00153553,Weisskopf E2,3,6.33928,2.97333,2.00284,,,0,0
95nb,41,95,235.69,0.02,311904,1/2-,2632,8,2396.31,(3/2+),,,0,E1,0,0,1,0,0,0,18.8572,Weisskopf E1,2,50480.6,3.01485,15729.3,,,0,0
95nb,41,95,235.69,0.02,311904,1/2-,2670,8,2434.31,(5/2-),,,0,E2,0,0,1,0,0,0,0.00178046,Weisskopf E2,3,6.92796,3.06266,2.12499,,,0,0
95nb,41,95,235.69,0.02,311904,1/2-,2706,2,2470.31,(5/2:13/2)+,,,0,M2,0,0,1,0,0,0,4.41239e-05,Weisskopf M2,3,0.166723,3.10795,0.0503931,,,0,0
95nb,41,95,235.69,0.02,311904,1/2-,2724,8,2488.31,5/2-,,,0,E2,0,0,1,0,0,0,0.0019869,Weisskopf E2,3,7.39931,3.1306,2.22032,,,0,0
95nb,41,95,235.69,0.02,311904,1/2-,2816,5,2580.31,(3/2:15/2)-,,,0,M1,0,0,1,0,0,0,0.633242,Weisskopf M1,2,1462.04,3.24634,423.073,,,0,0
95nb,41,95,235.69,0.02,311904,1/2-,2891,5,2655.31,(5/2:13/2)+,,,0,M2,0,0,1,0,0,0,6.33129e-05,Weisskopf M2,3,0.207055,3.3407,0.0582236,,,0,0
95nb,41,95,235.69,0.02,311904,1/2-,2993,5,2757.31,(1/2:17/2)+,,,0,E1,0,0,1,0,0,0,28.728,Weisskopf E1,1,29042.7,3.46903,7864.65,,,0,0
95nb,41,95,235.69,0.02,311904,1/2-,3045,7,2809.31,(3/2:15/2)-,,,0,M1,0,0,1,0,0,0,0.817246,Weisskopf M1,2,1591.79,3.53445,423.073,,,0,0
95nb,41,95,235.69,0.02,311904,1/2-,3233,9,2997.31,(1/2:17/2)+,,,0,E1,0,0,1,0,0,0,36.9014,Weisskopf E1,1,31570.6,3.77098,7864.65,,,0,0
97nb,41,97,743.35,0.03,58.7,1/2-,1251.01,0.07,507.66,3/2-,,,1,M1,0,1,0,1,507.66,1,0.0048225,Weisskopf M1,2,287.647,0.632079,427.503,2.33917e+21,0.0467833,0,0
97nb,41,97,743.35,0.03,58.7,1/2-,1276.09,0.07,532.74,5/2+,,,0,M2,1,0,0,0.999557,1276.09,2.39533,2.08701e-08,Weisskopf M2,3,0.00169558,0.663306,0.00240135,4.16617e+26,8332.34,0,0
97nb,41,97,743.35,0.03,58.7,1/2-,1433.92,0.13,690.57,5/2-,,,1,E2,0,1,0,1.14354,690.57,1,3.36323e-06,Weisskopf E2,3,0.162617,0.859817,0.177668,4.92197e+24,98.4395,0,0
97nb,41,97,743.35,0.03,58.7,1/2-,1750.43,0.09,1007.08,5/2+,2e-10,LE,0,M2,0.998632,0.00136755,0,1.58636,1749.41,1.73711,5.03812e-07,Weisskopf M2,3,0.0114542,1.2539,0.00858129,7.3459e+25,1469.18,0,0
97nb,41,97,743.35,0.03,58.7,1/2-,1764.42,0.14,1021.07,(3/2-),,,1,M1,0,1,0,1.48047,1021.07,1,0.0392392,Weisskopf M1,2,578.552,1.27132,427.503,1.58001e+21,0.0316003,0,0
97nb,41,97,743.35,0.03,58.7,1/2-,1851.71,0.06,1108.36,5/2+,2e-10,LE,0,M2,0.878423,0.121577,0,1.81971,1761.34,1.58914,8.13491e-07,Weisskopf M2,3,0.0152692,1.38,0.0103941,5.28704e+25,1057.41,0,0
97nb,41,97,743.35,0.03,58.7,1/2-,2047,10,1303.65,(3/2-),,,0,M1,0,0,1,0,0,0,0.0816652,Weisskopf M1,2,738.665,1.62315,427.503,,,0,0
97nb,41,97,743.35,0.03,58.7,1/2-,2105.91,0.06,1362.56,(3/2+),2e-10,LE,1,E1,0.690423,0.309577,0,2.23353,1875.79,1.37666,3.51518,Weisskopf E1,2,29105.1,1.6965,16116.3,2.77807e+19,0.000555614,0,0
97nb,41,97,743.35,0.03,58.7,1/2-,2113,10,1369.65,5/2-,,,0,E2,0,0,1,0,0,0,0.00010322,Weisskopf E2,3,1.26873,1.70533,0.698897,,,0,0
97nb,41,97,743.35,0.03,58.7,1/2-,2247.46,0.15,1504.11,3/2-,,,0,M1,0.967814,0.0321862,0,2.26396,2223.53,1.47831,0.125427,Weisskopf M1,2,852.249,1.87274,427.503,1.03322e+21,0.0206644,0,0
97nb,41,97,743.35,0.03,58.7,1/2-,2357,15,1613.65,(1/2+),,,0,E1,0,0,1,0,0,0,5.83859,Weisskopf E1,1,17234.3,2.00913,8058.15,,,0,0
97nb,41,97,743.35,0.03,58.7,1/2-,2388,10,1644.65,(3/2-),,,0,M1,0,0,1,0,0,0,0.163974,Weisskopf M1,2,931.881,2.04773,427.503,,,0,0
97nb,41,97,743.35,0.03,58.7,1/2-,2541,10,1797.65,(5/2-),,,0,E2,0,0,1,0,0,0,0.000402016,Weisskopf E2,3,2.86852,2.23822,1.20394,,,0,0
97nb,41,97,743.35,0.03,58.7,1/2-,2792,15,2048.65,(1/2+),,,0,E1,0,0,1,0,0,0,11.9477,Weisskopf E1,1,21880.2,2.55074,8058.15,,,0,0
97nb,41,97,743.35,0.03,58.7,1/2-,2981,15,2237.65,(1/2+),,,0,E1,0,0,1,0,0,0,15.5689,Weisskopf E1,1,23898.8,2.78606,8058.15,,,0,0
98nb,41,98,84,4,3066,(5)+,226,5,142,(4)+,,,0,M1,0,0,1,0,0,0,0.00010554,Weisskopf M1,0.818182,32.9151,0.175897,175.787,,,0,0
98nb,41,98,84,4,3066,(5)+,737,4,653,(3)+,,,0,E2,0,0,1,0,0,0,2.57764e-06,Weisskopf E2,0.636364,0.0295668,0.808881,0.0343377,,,0,0
99nb,41,99,365.27,0.08,150,1/2-,469.139,0.013,103.869,(5/2)+,1.75e-10,,0,M2,1,0,0,1.04286,469.139,4.51664,5.96056e-12,Weisskopf M2,3,1.27391e-05,0.128013,9.3484e-05,1.02574e+28,205148,0,0
99nb,41,99,365.27,0.08,150,1/2-,544.23,0.08,178.96,3/2-,5.1e-11,,1,M1,0.00234399,0.997656,0,0.917039,179.816,1.00478,8.92487e-06,measured,2,4.28374,0.220558,18.2453,5.9767e+22,1.19534,0,0
99nb,41,99,365.27,0.08,150,1/2-,630.7,0.22,265.43,5/2-,,,0,E2,0.00234399,0.997656,0,1.38433,266.286,1.00323,2.89925e-08,Weisskopf E2,3,0.00948877,0.327127,0.0272486,2.65105e+25,530.209,0,0
99nb,41,99,365.27,0.08,150,1/2-,765.05,0.18,399.78,3/2+,,,0,E1,0.00234399,0.997656,0,1.90508,400.636,1.00214,0.0900021,Weisskopf E1,2,8656.52,0.492706,16504.6,3.18039e+19,0.000636077,0,0
99nb,41,99,365.27,0.08,150,1/2-,816.73,0.14,451.46,5/2+,,,0,M2,1,0,0,1.78779,816.73,1.80909,9.246e-09,Weisskopf M2,3,0.00104602,0.556399,0.00176605,3.16723e+26,6334.46,0,0
99nb,41,99,365.27,0.08,150,1/2-,930.91,0.09,565.64,(3/2+),1e-11,LT,0,E1,0.99451,0.00549017,0,2.04584,928.905,1.64222,0.254923,Weisskopf E1,2,12247.9,0.697119,16504.6,2.96157e+19,0.000592314,0,0
99nb,41,99,365.27,0.08,150,1/2-,959.31,0.08,594.04,(1/2+ 3/2+),1e-11,LT,1,,0.0750098,0.92499,0,1.20913,621.439,1.04612,,unknown,1,,0.73212,,,,0,0
99nb,41,99,365.27,0.08,150,1/2-,1015.27,0.04,650,(3/2)+,1.2e-11,LT,1,E1,0.884174,0.115826,0,1.96985,972.962,1.49686,0.386838,Weisskopf E1,2,14074.6,0.801088,16504.6,3.07582e+19,0.000615165,0,0
99nb,41,99,365.27,0.08,150,1/2-,1264,9,898.73,3/2-,,,0,M1,0,0,1,0,0,0,0.0267573,Weisskopf M1,2,509.232,1.10763,431.887,,,0,0
99nb,41,99,365.27,0.08,150,1/2-,1759,13,1393.73,(3/2)-,,,0,M1,0,0,1,0,0,0,0.0997906,Weisskopf M1,2,789.706,1.71769,431.887,,,0,0
100nb,41,100,314,23,2.99,(5)+,348,23,34,(4- 5- 6-),4.1e-07,,1,,0,1,0,0.28169,34,1,1.11278e-09,measured,1,0.00739865,0.041693,0.166702,2.12955e+25,425.911,0,1
100nb,41,100,314,23,2.99,(5)+,368.2,1.1,54.2,(5+),,,0,M1,1,0,0,3.74803,368.2,6.79336,5.86883e-06,Weisskopf M1,1,15.3552,0.0664636,217.032,1.22935e+21,0.0245869,0,1
100nb,41,100,314,23,2.99,(5)+,542.4,1.2,228.4,(6+),,,0,M1,1,0,0,4.61085,542.4,2.37478,0.00043918,Weisskopf M1,1.18182,76.4722,0.280079,256.492,8.45562e+20,0.0169112,0,0
100nb,41,100,314,23,2.99,(5)+,706,23,392,(6-),,,1,E1,0,1,0,1.59129,392,1,0.0854196,Weisskopf E1,1.18182,5049.39,0.480696,9867.77,6.3684e+19,0.00127368,0,0
100nb,41,100,314,23,2.99,(5)+,771.9,1.3,457.9,(7+),,,0,E2,1,0,0,5.43281,771.9,1.68574,4.48961e-07,Weisskopf E2,1.36364,0.0224424,0.561507,0.0375461,4.90243e+24,98.0486,0,0
104nb,41,104,8.7,0.2,4.9,,37.5,0.2,28.8,,,,1,,0.990099,0.00990099,0,1,37.4139,1.29909,,unknown,1,,0.0346306,,,,1,1
104nb,41,104,8.7,0.2,4.9,,109.6,0.2,100.9,,,,1,,0,1,0,1,100.9,1,,unknown,1,,0.121327,,,,0,0
104nb,41,104,8.7,0.2,4.9,,250.6,0.2,241.9,(1+),,,1,,0.57084,0.42916,0,1.64159,246.866,1.02053,,unknown,1,,0.290873,,,,0,0
91mo,42,91,653.01,0.09,64.6,1/2-,1156.1,0.13,503.09,3/2-,,,1,M1,0,1,0,1,503.09,1,0.00469344,Weisskopf M1,2,285.058,0.64671,414.07,2.41505e+21,0.048301,0,0
91mo,42,91,653.01,0.09,64.6,1/2-,1362.01,0.08,709,5/2+,,,0,M2,0.988951,0.0110495,0,1.01088,1354.79,1.91085,8.35012e-08,Weisskopf M2,3,0.00383023,0.911402,0.00394789,2.50574e+26,5011.48,0,0
91mo,42,91,653.01,0.09,64.6,1/2-,1531.9,0.24,878.89,5/2-,,,0,E2,0,1,0,2,878.89,1,1.03137e-05,Weisskopf E2,3,0.307873,1.12979,0.255991,1.9532e+24,39.0639,0,0
91mo,42,91,653.01,0.09,64.6,1/2-,2083.66,0.14,1430.65,3/2-,,,1,M1,0,1,0,1.65359,1430.65,1,0.107933,Weisskopf M1,2,810.625,1.83906,414.07,1.46049e+21,0.0292097,0,0
91mo,42,91,653.01,0.09,64.6,1/2-,2302,0.5,1648.99,(1/2-&9/2+),,,0,E1,0,0,1,0,0,0,5.971,Weisskopf E1,1,16877.7,2.11974,7479.68,,,0,0
91mo,42,91,653.01,0.09,64.6,1/2-,2690.44,0.11,2037.43,(3/2)-,,,1,M1,0.35728,0.64272,0,2.06574,2270.74,1.11451,0.311747,Weisskopf M1,2,1154.44,2.61907,414.07,1.1691e+21,0.023382,0,0
91mo,42,91,653.01,0.09,64.6,1/2-,2716,4,2062.99,5/2-,,,0,E2,0,0,1,0,0,0,0.000734902,Weisskopf E2,3,3.98162,2.65192,1.41042,,,0,0
91mo,42,91,653.01,0.09,64.6,1/2-,2901,0.5,2247.99,3/2-,,,0,M1,0,0,1,0,0,0,0.418733,Weisskopf M1,2,1273.74,2.88974,414.07,,,0,0
91mo,42,91,653.01,0.09,64.6,1/2-,3191,6,2537.99,3/2-,,,0,M1,0,0,1,0,0,0,0.602592,Weisskopf M1,2,1438.06,3.26252,414.07,,,0,0
91mo,42,91,653.01,0.09,64.6,1/2-,3645,6,2991.99,5/2+,,,0,M2,0,0,1,0,0,0,0.000111754,Weisskopf M2,3,0.28785,3.84613,0.0703061,,,0,0
93mo,42,93,2424.95,0.04,24660,21/2+,2429.8,0.08,4.85,(17/2)+,3.53e-09,,0,E2,1,0,0,2.97365,2429.8,500.99,5.43302e-17,Weisskopf E2,0.818182,1.45248e-08,0.00616715,2.21247e-06,1.51997e+29,3.03993e+06,1,1
93mo,42,93,2424.95,0.04,24660,21/2+,4159.6,0.9,1734.65,(23/2-),,,1,E1,0,1,0,1,1734.65,1,7.05218,Weisskopf E1,1.09091,19651.3,2.20574,8369.26,1.19485e+20,0.0023897,0,0
93mo,42,93,2424.95,0.04,24660,21/2+,4899.4,0.9,2474.45,(25/2+),,,1,E2,0,1,0,1,2474.45,1,0.00187813,Weisskopf E2,1.18182,2.78626,3.14646,0.831862,1.20212e+24,24.0424,0,0
89tc,43,89,62.6,0.5,12.9,(1/2-),401.6,0.4,339,(5/2+),,,0,M2,1,0,0,1,401.6,1.18466,2.05601e-09,Weisskopf M2,3,0.000412525,0.440645,0.000879452,1.13707e+27,22741.4,0,0
89tc,43,89,62.6,0.5,12.9,(1/2-),790,0.4,727.4,(5/2-),,,1,E2,0,1,0,1,727.4,1,3.88814e-06,Weisskopf E2,3,0.169441,0.945502,0.168348,5.94008e+24,118.802,0,0
89tc,43,89,62.6,0.5,12.9,(1/2-),1518.2,0.5,1455.6,(5/2+),,,0,M2,1,0,0,2,1518.2,1.04301,3.0008e-06,Weisskopf M2,3,0.0326571,1.89204,0.0162142,3.08371e+25,616.742,0,0
90tc,43,90,144.1,1.7,8.7,1+,298.7,0.1,154.6,,,,1,,0,1,0,1,154.6,1,,unknown,1,,0.199835,,,,0,0
90tc,43,90,144.1,1.7,8.7,1+,636.9,0.05,492.8,,,,1,,0,1,0,1,492.8,1,,unknown,1,,0.636992,,,,0,0
91tc,43,91,139.3,0.3,198,(1/2)-,884.9,0.17,745.6,(5/2-),,,1,E2,0,1,0,1,745.6,1,4.53183e-06,Weisskopf E2,3,0.187969,0.95845,0.184233,5.42792e+24,108.558,0,0
93tc,43,93,391.84,0.08,2610,1/2-,1407.8,0.12,1015.96,(5/2-),3.5e-08,LT,1,E2,0,1,0,1,1015.96,1,2.19137e-05,Weisskopf E2,3,0.489538,1.29187,0.355974,2.8092e+24,56.184,0,0
93tc,43,93,391.84,0.08,2610,1/2-,1503.04,0.12,1111.2,1/2- 3/2-,,,1,,0,1,0,1,1111.2,1,,unknown,1,,1.41298,,,,0,0
93tc,43,93,391.84,0.08,2610,1/2-,1788.09,0.13,1396.25,1/2- 3/2-,,,1,,0,1,0,1,1396.25,1,,unknown,1,,1.77544,,,,0,0
93tc,43,93,391.84,0.08,2610,1/2-,2431.08,0.15,2039.24,(1/2 3/2)-,,,1,,0,1,0,1.23372,2039.24,1,,unknown,1,,2.59305,,,,0,0
94tc,43,94,76,3,3120,(2)+,98,3,22,(3+),,,0,M1,0,0,1,0,0,0,3.92484e-07,Weisskopf M1,1.4,8.72585,0.0278255,294.588,,,1,1
94tc,43,94,76,3,3120,(2)+,244,3,168,(4+),,,0,E2,0,0,1,0.908678,0,0,2.74835e-09,Weisskopf E2,1.8,0.00134719,0.212486,0.00595594,1.84774e+26,3695.47,0,0
94tc,43,94,76,3,3120,(2)+,336,3,260,(2-),1.5e-09,,1,E1,0,0.015998,0.984002,0.988965,4.15948,0.015998,4.86593e-09,measured,1,0.00055325,0.328847,0.00158044,6.39795e+26,12795.9,0,0
94tc,43,94,76,3,3120,(2)+,443,3,367,1+,,,1,M1,0,1,0,0.990982,367,1,0.00182202,Weisskopf M1,0.6,62.3841,0.46418,126.252,7.99275e+21,0.159855,0,0
94tc,43,94,76,3,3120,(2)+,478,3,402,(3-),,,1,E1,1.11022e-16,0.0939772,0.906023,1.58681,37.7788,0.0939772,0.0884021,Weisskopf E1,1.4,5886.29,0.508448,10875.4,5.79469e+19,0.00115894,0,0
94tc,43,94,76,3,3120,(2)+,801,3,725,(2-),2.7e-13,,0,E1,-1.11022e-16,0.309027,0.690973,1.97791,224.044,0.309027,0.518559,Weisskopf E1,1,7582.73,0.916977,7768.15,6.50841e+19,0.00130168,0,0
94tc,43,94,76,3,3120,(2)+,826,3,750,(2+),1.03e-13,,1,M1,5.55112e-17,0.559637,0.440363,1.1069,419.727,0.559637,0.0019902,measured,1,27.1942,0.948597,26.9305,3.35466e+22,0.670931,0,0
94tc,43,94,76,3,3120,(2)+,921,3,845,(3+),6.3e-14,,0,M1,0,0,1,1.47167,0,0,0.0222394,Weisskopf M1,1.4,335.152,1.06875,294.588,2.30662e+21,0.0461323,0,0
94tc,43,94,76,3,3120,(2)+,929,3,853,(4+),7e-14,,0,E2,1.11022e-16,0,1,1.38797,1.13687e-13,1.33279e-16,9.27408e-06,Weisskopf E2,1.8,0.176339,1.07887,0.153543,4.69235e+24,93.8469,0,0
94tc,43,94,76,3,3120,(2)+,956,3,880,(3-),1.7e-13,,0,E1,1.11022e-16,0.0175231,0.982477,1.99811,15.4203,0.0175231,0.927326,Weisskopf E1,1.4,12885.4,1.11302,10875.4,4.60187e+19,0.000920373,0,0
94tc,43,94,76,3,3120,(2)+,968,3,892,1+,7.4e-14,,1,M1,0,1,0,1.09223,892,1,0.00558311,measured,0.6,32.3594,1.1282,26.9442,3.39798e+22,0.679596,0,0
94tc,43,94,76,3,3120,(2)+,1048,3,972,(3+),5.4e-14,,1,M1,6.93889e-17,0.970362,0.0296376,1.65237,943.192,0.970362,0.00261778,measured,1.4,29.8148,1.22938,22.7822,2.65643e+22,0.531285,0,0
94tc,43,94,76,3,3120,(2)+,1181,3,1105,(2- 3-),,,1,,2.22045e-16,0.112264,0.887736,2.28309,124.051,0.112264,,unknown,1,,1.3976,,,,0,0
94tc,43,94,76,3,3120,(2)+,1267,3,1191,(3+),7e-14,,1,M1,0,0.227516,0.772484,1.86302,270.972,0.227516,0.000454816,measured,1.4,3.45019,1.50637,2.1516,2.49471e+23,4.98942,0,0
94tc,43,94,76,3,3120,(2)+,1317,3,1241,(4-),7e-14,,0,M2,-1.11022e-16,0.0542921,0.945708,2.08705,67.3765,0.0542921,1.40188e-06,Weisskopf M2,1.8,0.0125934,1.56961,0.00753705,6.3572e+25,1271.44,0,0
94tc,43,94,76,3,3120,(2)+,1355,3,1279,(3-),8e-14,,1,E1,0,0.182221,0.817779,1.73257,233.06,0.182221,0.000971617,measured,1.4,6.39124,1.61767,3.71146,1.55512e+23,3.11025,0,0
94tc,43,94,76,3,3120,(2)+,1368,3,1292,(2+),7.5e-14,,1,M1,-5.55112e-17,0.896016,0.103984,1.36714,1157.65,0.896016,0.00411907,measured,1,18.9661,1.63412,10.903,6.70875e+22,1.34175,0,0
94tc,43,94,76,3,3120,(2)+,1397,3,1321,(3-),8e-14,,1,E1,0,0.165706,0.834294,1.89008,218.898,0.165706,0.000799255,measured,1.4,4.92845,1.6708,2.77101,1.90934e+23,3.81867,0,0
94tc,43,94,76,3,3120,(2)+,1410,3,1334,(3+),7.8e-14,,1,M1,-1.11022e-16,0.306912,0.693088,1.25091,409.421,0.306912,0.00117053,measured,1.4,7.07786,1.68724,3.94073,2.02861e+23,4.05721,0,0
94tc,43,94,76,3,3120,(2)+,1432,3,1356,(1+),1e-13,,1,M1,0,0.6712,0.3288,2.07165,910.147,0.6712,3.39702e-05,measured,0.6,0.0851986,1.71506,0.0466662,1.03438e+25,206.877,0,0
94tc,43,94,76,3,3120,(2)+,1543,3,1467,(3+),6.6e-14,,1,M1,0,0.229592,0.770408,1.46361,336.811,0.229592,0.0015871,measured,1.4,7.9355,1.85546,4.01767,1.70059e+23,3.40118,0,0
94tc,43,94,76,3,3120,(2)+,1781,3,1705,(3+),,,1,M1,-1.11022e-16,0.369229,0.630771,1.63395,629.536,0.369229,0.182695,Weisskopf M1,1.4,676.253,2.15648,294.588,2.07752e+21,0.0415505,0,0
94tc,43,94,76,3,3120,(2)+,1860,3,1784,,4e-14,,1,,5.55112e-17,0.768451,0.231549,2.74503,1370.92,0.768451,8.03235e-05,measured,1,0.19398,2.2564,0.0807591,4.51087e+24,90.2175,0,0
94tc,43,94,76,3,3120,(2)+,1868,3,1792,(3+),4.4e-14,,1,M1,0,0.279317,0.720683,1.67442,500.536,0.279317,0.0028075,measured,1.4,9.40752,2.26651,3.89913,1.53168e+23,3.06337,0,0
94tc,43,94,76,3,3120,(2)+,1887,3,1811,,,,1,,2.48282e-17,0.999768,0.000231544,1.78711,1810.58,0.999768,,unknown,1,,2.29055,,,,0,0
94tc,43,94,76,3,3120,(2)+,2097,3,2021,,,,1,,0,0.359375,0.640625,1.36792,726.297,0.359375,,unknown,1,,2.55615,,,,0,0
94tc,43,94,76,3,3120,(2)+,2135,3,2059,(1+),,,1,M1,0,0.68688,0.31312,2.63623,1414.29,0.68688,0.321753,Weisskopf M1,0.6,349.997,2.60421,126.252,3.00455e+21,0.0600909,0,0
94tc,43,94,76,3,3120,(2)+,2211,3,2135,(1+),,,0,M1,0,1,0,2.09223,2135,1,0.358713,Weisskopf M1,0.6,362.916,2.70034,126.252,3.78576e+21,0.0757152,0,0
94tc,43,94,76,3,3120,(2)+,2244,3,2168,(1- 2 3+),,,1,,-1.11022e-16,0.463127,0.536873,2.53591,1004.06,0.463127,,unknown,1,,2.74208,,,,0,0
94tc,43,94,76,3,3120,(2)+,2267,3,2191,(1+),,,1,M1,7.63278e-17,0.990196,0.00980392,1.01071,2169.52,0.990196,0.387687,Weisskopf M1,0.6,372.435,2.77117,126.252,7.83675e+21,0.156735,0,0
94tc,43,94,76,3,3120,(2)+,2310,3,2234,,,,1,,0,1,0,1.66796,2234,1,,unknown,1,,2.82555,,,,0,0
94tc,43,94,76,3,3120,(2)+,2719,0.5,2643,(1+),,,0,M1,0,0,1,0,0,0,0.680527,Weisskopf M1,0.6,449.268,3.34286,126.252,,,0,0
94tc,43,94,76,3,3120,(2)+,2960,0.5,2884,(3+),,,0,M1,0,0,1,0,0,0,0.884178,Weisskopf M1,1.4,1143.88,3.64767,294.588,,,0,0
95tc,43,95,38.91,0.04,5.35334e+06,1/2-,626.86,0.03,587.95,5/2+,,,0,M2,1,0,0,1.16479,626.86,1.06618,3.36991e-08,Weisskopf M2,3,0.00224782,0.739712,0.00285463,3.00748e+26,6014.97,0,0
95tc,43,95,38.91,0.04,5.35334e+06,1/2-,646.55,0.05,607.64,3/2-,4.4e-13,,1,M1,0,1,0,0.997327,607.64,1,0.0010369,measured,2,43.1697,0.764485,53.047,1.89017e+22,0.378035,0,0
95tc,43,95,38.91,0.04,5.35334e+06,1/2-,667.82,0.03,628.91,5/2-,,,1,E2,0.0189805,0.981019,0,1.01612,629.649,1.00117,2.04925e-06,Weisskopf E2,3,0.119466,0.791245,0.141835,6.93862e+24,138.772,0,0
95tc,43,95,38.91,0.04,5.35334e+06,1/2-,927.81,0.03,888.9,3/2+,5.89e-13,GE,1,E1,0.700592,0.299408,0,1.76579,916.16,1.03067,0.962514,Weisskopf E1,2,18725.5,1.11834,15729.3,3.60041e+19,0.000720082,0,0
95tc,43,95,38.91,0.04,5.35334e+06,1/2-,1033.87,0.06,994.96,(1/2+),5.3e-14,,1,E1,0,1,0,1,994.96,1,0.00860826,measured,1,66.8355,1.25178,50.1568,1.99375e+22,0.39875,0,0
95tc,43,95,38.91,0.04,5.35334e+06,1/2-,1084.97,0.04,1046.06,(5/2)+,3.47e-13,GE,0,M2,0.996576,0.00342396,0,1.98375,1084.84,1.03707,6.00757e-07,Weisskopf M2,3,0.0126593,1.31607,0.00903611,5.57869e+25,1115.74,0,0
95tc,43,95,38.91,0.04,5.35334e+06,1/2-,1275.92,0.05,1237.01,(3/2)+,6.9e-14,,1,E1,0.0126995,0.987301,0,1.31996,1237.5,1.0004,0.00452886,measured,2,45.4963,1.55631,27.4619,2.75873e+22,0.551747,0,0
95tc,43,95,38.91,0.04,5.35334e+06,1/2-,1416.41,0.05,1377.5,3/2 5/2(-),4.92e-13,GE,1,,0.0114203,0.98858,0,1.90962,1377.94,1.00032,,unknown,1,,1.73306,,,,0,0
95tc,43,95,38.91,0.04,5.35334e+06,1/2-,1433.25,0.03,1394.34,5/2+,5.7e-14,,0,M2,0.996695,0.00330547,0,2.00618,1433.12,1.02781,2.5279e-06,Weisskopf M2,3,0.029981,1.75425,0.0160548,3.10474e+25,620.947,0,0
95tc,43,95,38.91,0.04,5.35334e+06,1/2-,1618.53,0.05,1579.62,(3/2+ 5/2-),2.2e-13,,1,,0.0094512,0.990549,0,1.75052,1579.99,1.00023,0.000611972,measured,1,1.88508,1.98735,0.891055,6.41103e+23,12.8221,0,0
95tc,43,95,38.91,0.04,5.35334e+06,1/2-,1639.43,0.06,1600.52,(3/2-),8.3e-14,,0,M1,0.609741,0.390259,0,2.66614,1624.25,1.01482,0.151125,Weisskopf M1,2,906.876,2.01365,423.073,8.86549e+20,0.017731,0,0
95tc,43,95,38.91,0.04,5.35334e+06,1/2-,1747.02,0.05,1708.11,(5/2)+,4.4e-14,,0,M2,0.929773,0.0702269,0,2.18043,1744.29,1.02118,6.97422e-06,Weisskopf M2,3,0.0551173,2.14901,0.0240935,1.90352e+25,380.704,0,0
95tc,43,95,38.91,0.04,5.35334e+06,1/2-,1888.17,0.09,1849.26,(5/2-),,,0,E2,0.748777,0.251223,0,2.34655,1878.39,1.01575,0.000450447,Weisskopf E2,3,3.03719,2.32659,1.22631,3.47511e+23,6.95022,0,0
95tc,43,95,38.91,0.04,5.35334e+06,1/2-,1930,20,1891.09,1/2+,,,0,E1,0,0,1,0,0,0,9.26797,Weisskopf E1,1,19918.8,2.37922,7864.65,,,0,0
95tc,43,95,38.91,0.04,5.35334e+06,1/2-,1958.98,0.1,1920.07,(5/2-),5.96e-13,GE,0,E2,1,0,0,1.65889,1958.98,1.02026,0.000543549,Weisskopf E2,3,3.39961,2.41568,1.32203,4.55976e+23,9.11952,0,0
95tc,43,95,38.91,0.04,5.35334e+06,1/2-,2086.09,0.04,2047.18,3/2+,3.4e-14,,1,E1,0.833896,0.166104,0,2.44324,2079.63,1.01585,0.000949338,measured,2,3.4821,2.5756,1.27003,3.2227e+23,6.4454,0,0
95tc,43,95,38.91,0.04,5.35334e+06,1/2-,2328.72,0.13,2289.81,(3/2)+,,,1,E1,0.794601,0.205399,0,2.77906,2320.73,1.0135,16.4531,Weisskopf E1,2,48237,2.88086,15729.3,2.28766e+19,0.000457533,0,0
95tc,43,95,38.91,0.04,5.35334e+06,1/2-,2780,20,2741.09,1/2+,,,0,E1,0,0,1,0,0,0,28.224,Weisskopf E1,1,28871.8,3.44862,7864.65,,,0,0
95tc,43,95,38.91,0.04,5.35334e+06,1/2-,2938,15,2899.09,(1/2+),,,0,E1,0,0,1,0,0,0,33.3913,Weisskopf E1,1,30536.1,3.64741,7864.65,,,0,0
96tc,43,96,34.23,0.04,3090,4+,35.38,0.09,1.15,(2)+,,,0,E2,0,0,1,0,0,0,4.24821e-20,Weisskopf E2,0.555556,1.37164e-10,0.00143928,8.95251e-08,,,1,1
96tc,43,96,34.23,0.04,3090,4+,36.22,0.07,1.99,(3)+,,,0,M1,0,0,1,0,0,0,2.90478e-10,Weisskopf M1,0.777778,0.438496,0.00249059,165.392,,,1,1
96tc,43,96,34.23,0.04,3090,4+,45.28,0.06,11.05,5+,,,0,M1,0,0,1,0,0,0,4.97325e-08,Weisskopf M1,1.22222,3.82621,0.0138296,259.902,,,1,1
96tc,43,96,34.23,0.04,3090,4+,49.19,0.05,14.96,6+,,,0,E2,1,0,0,0.321543,49.19,3.2881,1.58261e-14,Weisskopf E2,1.44444,7.85083e-07,0.0187232,3.939e-05,7.89541e+28,1.57908e+06,1,1
96tc,43,96,34.23,0.04,3090,4+,121.24,0.07,87.01,(2)-,2.56e-08,,0,M2,1.11022e-16,0,1,0.825792,1.42109e-14,1.63324e-16,2.40876e-12,Weisskopf M2,0.555556,1.35858e-06,0.108897,1.17198e-05,1.03326e+29,2.06653e+06,0,1
96tc,43,96,34.23,0.04,3090,4+,176.99,0.05,142.76,5+,,,1,M1,0.329288,0.670712,0,1.0002,154.032,1.07895,0.000107244,Weisskopf M1,1.22222,49.4326,0.178671,259.902,3.84683e+21,0.0769366,0,0
96tc,43,96,34.23,0.04,3090,4+,227.12,0.08,192.89,3-,3.5e-10,LT,0,E1,1.11022e-16,0,1,1.57042,2.84217e-14,1.47347e-16,0.00990396,Weisskopf E1,0.777778,1591.29,0.241412,6192.13,1.02836e+20,0.00205671,0,0
96tc,43,96,34.23,0.04,3090,4+,228.76,0.06,194.53,4+,,,0,M1,0.0295486,0.0601863,0.910265,0.986301,18.4676,0.0949344,0.00027134,Weisskopf M1,1,55.1116,0.243464,212.647,4.76795e+21,0.0953591,0,0
96tc,43,96,34.23,0.04,3090,4+,239.31,0.1,205.08,3+,3.5e-10,LT,1,M1,0,1,0,0.961816,205.08,1,0.000317924,Weisskopf M1,0.777778,45.1893,0.256668,165.392,6.28628e+21,0.125726,0,0
96tc,43,96,34.23,0.04,3090,4+,256.06,0.08,221.83,(2)+,3.5e-10,LT,0,E2,0,0,1,0.968027,0,0,1.13454e-08,Weisskopf E2,0.555556,0.000984483,0.277632,0.00333112,3.10115e+26,6202.3,0,0
96tc,43,96,34.23,0.04,3090,4+,316.6,0.07,282.37,(3)-,2e-09,,1,E1,0,0.0165394,0.983461,1.6796,4.67023,0.0165394,3.77295e-09,measured,0.777778,0.00028288,0.353401,0.000751944,7.91788e+26,15835.8,0,0
96tc,43,96,34.23,0.04,3090,4+,319.21,0.06,284.98,6+,,,0,E2,0.452071,0,0.547929,0.984206,144.306,0.506371,3.96998e-08,Weisskopf E2,1.44444,0.00542705,0.356667,0.0142939,7.10825e+25,1421.65,0,0
96tc,43,96,34.23,0.04,3090,4+,321.58,0.07,287.35,3-,,,1,E1,0,0.434313,0.565687,1.0836,124.8,0.434313,0.0327426,Weisskopf E1,0.777778,2370.55,0.359633,6192.13,1.49035e+20,0.0029807,0,0
96tc,43,96,34.23,0.04,3090,4+,352.53,0.08,318.3,3-,3.5e-10,LT,0,E1,1.11022e-16,0,1,1.80474,5.68434e-14,1.78584e-16,0.0445031,Weisskopf E1,0.777778,2625.88,0.398369,6192.13,8.94837e+19,0.00178967,0,0
96tc,43,96,34.23,0.04,3090,4+,444.91,0.07,410.68,(3)+,,,1,M1,0.00228318,0.572311,0.425406,1.08731,236.053,0.574785,0.00255308,Weisskopf M1,0.777778,90.4932,0.513987,165.392,5.56074e+21,0.111215,0,0
96tc,43,96,34.23,0.04,3090,4+,458.16,0.12,423.93,3+,,,0,M1,0,0,1,1.47375,0,0,0.00280825,Weisskopf M1,0.777778,93.4128,0.53057,165.392,4.10263e+21,0.0820527,0,0
96tc,43,96,34.23,0.04,3090,4+,493.12,0.1,458.89,(3)+,,,1,M1,0.0220669,0.191306,0.786627,1.81958,98.6702,0.215019,0.00356188,Weisskopf M1,0.777778,101.116,0.574324,165.392,3.32288e+21,0.0664576,0,0
96tc,43,96,34.23,0.04,3090,4+,506.32,0.06,472.09,5+,,,1,M1,0.739252,0.206403,0.0543453,1.28486,471.739,0.999256,0.00387818,Weisskopf M1,1.22222,163.468,0.590845,259.902,2.99458e+21,0.0598916,0,0
96tc,43,96,34.23,0.04,3090,4+,530.25,0.08,496.02,(4)+,,,0,M1,0.00943244,0.0192125,0.971355,1.07553,14.5313,0.0292959,0.00449833,Weisskopf M1,1,140.526,0.620795,212.647,4.37239e+21,0.0874479,0,0
96tc,43,96,34.23,0.04,3090,4+,530.43,0.08,496.2,(4)-,,,0,E1,0,0.0987032,0.901297,2.14487,48.9765,0.0987032,0.168597,Weisskopf E1,1,5263.08,0.62102,7961.31,5.85617e+19,0.00117123,0,0
96tc,43,96,34.23,0.04,3090,4+,542.09,0.21,507.86,5+,,,0,M1,1,0,0,1.31717,542.09,1.0674,0.00482821,Weisskopf M1,1.22222,175.853,0.635613,259.902,2.92111e+21,0.0584223,0,0
96tc,43,96,34.23,0.04,3090,4+,551.87,0.06,517.64,4-,,,1,E1,0.0115719,0.214536,0.773893,1.26086,117.438,0.226873,0.191409,Weisskopf E1,1,5490.49,0.647853,7961.31,9.96201e+19,0.0019924,0,0
96tc,43,96,34.23,0.04,3090,4+,564.11,0.13,529.88,(3)+,,,1,M1,0,0.496954,0.503046,1.07601,263.326,0.496954,0.00548386,Weisskopf M1,0.777778,116.759,0.663172,165.392,5.61911e+21,0.112382,0,0
96tc,43,96,34.23,0.04,3090,4+,565.58,0.07,531.35,5+,,,1,M1,0.240901,0.630225,0.128874,1.2426,471.119,0.886645,0.00552963,Weisskopf M1,1.22222,183.987,0.665012,259.902,3.09641e+21,0.0619282,0,0
96tc,43,96,34.23,0.04,3090,4+,568.02,0.22,533.79,(3)-,,,0,E1,1.11022e-16,0,1,2.57042,1.13687e-13,2.1298e-16,0.20989,Weisskopf E1,0.777778,4403.61,0.668066,6192.13,6.28283e+19,0.00125657,0,0
96tc,43,96,34.23,0.04,3090,4+,585.81,0.15,551.58,(4+),,,0,M1,5.55112e-17,0.714029,0.285971,2.17053,393.844,0.714029,0.00618556,Weisskopf M1,1,156.266,0.690331,212.647,2.16658e+21,0.0433316,0,0
96tc,43,96,34.23,0.04,3090,4+,619.56,0.09,585.33,(3)-,,,0,E1,2.22045e-16,0,1,1.97613,1.13687e-13,1.94227e-16,0.276747,Weisskopf E1,0.777778,4828.8,0.732571,6192.13,8.17231e+19,0.00163446,0,0
96tc,43,96,34.23,0.04,3090,4+,622.74,0.21,588.51,(4)+,,,0,M1,1.11022e-16,0.317155,0.682845,1.302,186.649,0.317155,0.00751303,Weisskopf M1,1,166.729,0.736551,212.647,3.61186e+21,0.0722372,0,0
96tc,43,96,34.23,0.04,3090,4+,627.31,0.08,593.08,(3)-,,,0,E1,0.000939807,0.00364709,0.995413,1.63963,2.75257,0.00464114,0.287885,Weisskopf E1,0.777778,4892.74,0.74227,6192.13,9.84952e+19,0.0019699,0,0
96tc,43,96,34.23,0.04,3090,4+,646.67,0.12,612.44,4-,,,0,E1,0,0,1,2.75259,0,0,0.317008,Weisskopf E1,1,6496.01,0.7665,7961.31,4.56325e+19,0.00091265,0,0
96tc,43,96,34.23,0.04,3090,4+,720.55,0.19,686.32,6+,,,0,E2,0.853489,0.146511,0,1.21707,715.535,1.04257,3.21625e-06,Weisskopf E2,1.44444,0.0758055,0.858965,0.0829041,9.91077e+24,198.215,0,0
96tc,43,96,34.23,0.04,3090,4+,732.6,0.09,698.37,4-,,,0,E1,1.11022e-16,0.00601761,0.993982,2.53643,4.20252,0.00601761,0.470042,Weisskopf E1,1,7407.45,0.874046,7961.31,4.95213e+19,0.000990426,0,0
96tc,43,96,34.23,0.04,3090,4+,749.76,0.13,715.53,(3)-,,,0,E1,0,0,1,1.96803,0,0,0.505549,Weisskopf E1,0.777778,5902.91,0.895523,6192.13,8.20595e+19,0.00164119,0,0
96tc,43,96,34.23,0.04,3090,4+,752.52,0.07,718.29,6+,,,0,E2,0.665226,0.334774,0,1.50896,741.061,1.0317,4.03846e-06,Weisskopf E2,1.44444,0.0869001,0.898977,0.0908076,7.29792e+24,145.958,0,0
96tc,43,96,34.23,0.04,3090,4+,788.82,0.09,754.59,(4)-,,,1,E1,0,0.0716741,0.928326,2.08508,54.0845,0.0716741,0.592943,Weisskopf E1,1,8003.76,0.944408,7961.31,6.02411e+19,0.00120482,0,0
96tc,43,96,34.23,0.04,3090,4+,794.15,0.18,759.92,(4-),,,0,E1,3.33067e-16,0.0139103,0.98609,2.54388,10.5707,0.0139103,0.605597,Weisskopf E1,1,8060.29,0.951079,7961.31,4.93763e+19,0.000987526,0,0
96tc,43,96,34.23,0.04,3090,4+,801.44,0.09,767.21,4(-),,,0,E1,1.11022e-16,0.00299776,0.997002,2.17022,2.29991,0.00299776,0.623193,Weisskopf E1,1,8137.62,0.960203,7961.31,5.78778e+19,0.00115756,0,0
96tc,43,96,34.23,0.04,3090,4+,815.1,0.08,780.87,(4)+,,,0,M1,0.469773,0.420509,0.109718,1.71176,711.275,0.910875,0.0175505,Weisskopf M1,1,221.226,0.977299,212.647,2.74726e+21,0.0549452,0,0
96tc,43,96,34.23,0.04,3090,4+,816.43,0.1,782.2,(3),,,1,,0,0.147186,0.852814,2.0266,115.129,0.147186,,unknown,0.777778,,0.978964,,,,0,0
96tc,43,96,34.23,0.04,3090,4+,867.15,0.1,832.92,4-,,,0,E1,0,0.0165394,0.983461,2.6796,13.776,0.0165394,0.797425,Weisskopf E1,1,8834.59,1.04244,7961.31,4.68755e+19,0.000937509,0,0
96tc,43,96,34.23,0.04,3090,4+,885.84,0.1,851.61,6+,,,0,E2,0.602148,0.115945,0.281907,1.97979,632.147,0.742296,9.46064e-06,Weisskopf E2,1.44444,0.144825,1.06583,0.127645,3.95709e+24,79.1418,0,0
96tc,43,96,34.23,0.04,3090,4+,933.9,0.1,899.67,(3)+,,,1,M1,0.0062077,0.303956,0.689836,1.35745,279.258,0.3104,0.0268413,Weisskopf M1,0.777778,198.242,1.12598,165.392,4.45411e+21,0.0890822,0,0
96tc,43,96,34.23,0.04,3090,4+,979.02,0.07,944.79,5-,,,1,E1,0.00751325,0.20274,0.789746,2.23077,198.903,0.210526,1.16382,Weisskopf E1,1.22222,12248.1,1.18245,9730.49,4.60691e+19,0.000921382,0,0
96tc,43,96,34.23,0.04,3090,4+,1042.25,0.24,1008.02,5,,,1,,0.375,0.625,0,1.12058,1020.86,1.01273,,unknown,1.22222,,1.26159,,,,0,0
96tc,43,96,34.23,0.04,3090,4+,1139.93,0.21,1105.7,(5),,,1,,5.55112e-17,0.598802,0.401198,1.63005,662.096,0.598802,,unknown,1.22222,,1.38384,,,,0,0
96tc,43,96,34.23,0.04,3090,4+,1149,0.3,1114.77,(5),,,1,,0.174727,0.613497,0.211776,1.3804,884.669,0.793589,,unknown,1.22222,,1.39519,,,,0,0
96tc,43,96,34.23,0.04,3090,4+,1152.04,0.08,1117.81,6-,,,0,M2,0.13646,0.145087,0.718452,1.87843,319.388,0.285726,8.42923e-07,Weisskopf M2,1.44444,0.00748955,1.399,0.00502909,1.05856e+26,2117.12,0,0
96tc,43,96,34.23,0.04,3090,4+,1202.74,0.1,1168.51,(6+),,,1,E2,0.657931,0.163212,0.178857,1.48505,982.035,0.840416,4.60128e-05,Weisskopf E2,1.44444,0.374126,1.46245,0.240319,2.80203e+24,56.0406,0,0
96tc,43,96,34.23,0.04,3090,4+,1314.11,0.09,1279.88,5+,,,0,M1,0.589779,0.0493851,0.360836,1.45308,838.241,0.654938,0.077279,Weisskopf M1,1.22222,443.176,1.60184,259.902,2.64791e+21,0.0529582,0,0
96tc,43,96,34.23,0.04,3090,4+,1408.3,0.21,1374.07,(4-),,,0,E1,0.329288,0.670712,0,2.0002,1385.34,1.0082,3.58019,Weisskopf E1,1,14574.4,1.71972,7961.31,6.27973e+19,0.00125595,0,0
96tc,43,96,34.23,0.04,3090,4+,1437.91,0.25,1403.68,3-,,,0,E1,0.0108244,0.0325284,0.956647,3.05722,61.224,0.0436168,3.81667,Weisskopf E1,0.777778,11579.9,1.75678,6192.13,5.28242e+19,0.00105648,0,0
96tc,43,96,34.23,0.04,3090,4+,1482.3,0.3,1448.07,(4)-,,,0,E1,0.219525,0.447141,0.333333,1.94207,972.894,0.671856,4.19033,Weisskopf E1,1,15359.3,1.81233,7961.31,6.46772e+19,0.00129354,0,0
96tc,43,96,34.23,0.04,3090,4+,1597.39,0.09,1563.16,6-,,,0,M2,0.339291,0.137918,0.522791,2.26045,757.567,0.484638,4.50781e-06,Weisskopf M2,1.44444,0.0204815,1.95638,0.00983469,4.49826e+25,899.652,0,0
97tc,43,97,96.57,0.06,7.87104e+06,1/2-,324.476,0.021,227.906,5/2+,4.5e-10,,0,M2,1,0,0,0.991968,324.476,1.42373,2.99038e-10,Weisskopf M2,3,0.000132752,0.283762,0.000439477,2.29386e+27,45877.1,0,0
97tc,43,97,96.57,0.06,7.87104e+06,1/2-,580.19,0.06,483.62,3/2-,,,1,M1,0,1,0,0.995124,483.62,1,0.00416933,Weisskopf M1,2,274.026,0.602147,427.503,2.35063e+21,0.0470126,0,0
97tc,43,97,96.57,0.06,7.87104e+06,1/2-,656.9,0.06,560.33,5/2-,7.6e-13,GE,1,E2,0.0347124,0.965288,0,1.03004,563.682,1.00598,1.18287e-06,Weisskopf E2,3,0.0868707,0.697658,0.116972,8.29971e+24,165.994,0,0
97tc,43,97,96.57,0.06,7.87104e+06,1/2-,785.034,0.024,688.464,5/2+,3.3e-13,,0,M2,1,0,0,1.89777,785.034,1.14027,7.52237e-08,Weisskopf M2,3,0.00365945,0.857195,0.00401039,1.31392e+26,2627.84,0,0
97tc,43,97,96.57,0.06,7.87104e+06,1/2-,939.88,0.12,843.31,,,,1,,0.324324,0.675676,0,1.32172,874.63,1.03714,,unknown,1,,1.04999,,,,0,0
97tc,43,97,96.57,0.06,7.87104e+06,1/2-,946.73,0.1,850.16,3/2-,2.2e-13,,1,M1,0.032516,0.967484,0,1.20061,853.3,1.00369,0.00165135,measured,2,35.1214,1.05852,31.169,2.67223e+22,0.534446,0,0
97tc,43,97,96.57,0.06,7.87104e+06,1/2-,994.68,0.03,898.11,(3/2+),1.7e-13,,1,E1,0.972809,0.0271913,0,1.96287,992.054,1.1046,7.29746e-05,measured,2,1.39074,1.11822,1.16834,4.36055e+23,8.72109,0,0
97tc,43,97,96.57,0.06,7.87104e+06,1/2-,1049.22,0.07,952.65,3/2-,2.1e-13,GE,0,M1,0.355738,0.644262,0,2.00379,987.004,1.03606,0.0318679,Weisskopf M1,2,539.784,1.18613,427.503,1.16737e+21,0.0233475,0,0
97tc,43,97,96.57,0.06,7.87104e+06,1/2-,1274.54,0.14,1177.97,(3/2- 5/2- 7/2-),,,1,,0.0621835,0.937817,0,2.01338,1183.98,1.0051,,unknown,1,,1.46667,,,,0,0
97tc,43,97,96.57,0.06,7.87104e+06,1/2-,1365.8,0.7,1269.23,(3/2+),,,1,E1,0.499922,0.500078,0,1.94858,1317.51,1.03804,2.8412,Weisskopf E1,2,27111.5,1.5803,16116.3,3.18431e+19,0.000636863,0,0
97tc,43,97,96.57,0.06,7.87104e+06,1/2-,1373.32,0.13,1276.75,(3/2 5/2-),,,1,,0.192684,0.807316,0,1.4039,1295.36,1.01457,,unknown,1,,1.58966,,,,0,0
97tc,43,97,96.57,0.06,7.87104e+06,1/2-,1518.39,0.14,1421.82,(3/2-),2.1e-13,,1,M1,0.101203,0.898797,0,1.72982,1431.59,1.00687,0.000577158,measured,2,4.38873,1.77028,2.32887,2.48229e+23,4.96458,0,0
97tc,43,97,96.57,0.06,7.87104e+06,1/2-,1537,0.5,1440.43,1/2+,,,0,E1,0,0,1,0,0,0,4.15295,Weisskopf E1,1,15384.2,1.79346,8058.15,,,0,0
97tc,43,97,96.57,0.06,7.87104e+06,1/2-,1677.5,0.3,1580.93,(5/2-),,,0,E2,0.259029,0.740971,0,2.00168,1605.94,1.01582,0.000211486,Weisskopf E2,3,1.9511,1.96839,0.931149,5.36521e+23,10.7304,0,0
97tc,43,97,96.57,0.06,7.87104e+06,1/2-,1712,0.5,1615.43,1/2+,,,0,E1,0,0,1,0,0,0,5.85794,Weisskopf E1,1,17253.3,2.01135,8058.15,,,0,0
97tc,43,97,96.57,0.06,7.87104e+06,1/2-,1722.61,0.22,1626.04,(5/2+),,,0,M2,0.985624,0.0143758,0,2.97981,1721.22,1.05854,5.52846e-06,Weisskopf M2,3,0.0482132,2.02456,0.0223711,1.50011e+25,300.022,0,0
97tc,43,97,96.57,0.06,7.87104e+06,1/2-,1847,0.5,1750.43,1/2+,,,0,E1,0,0,1,0,0,0,7.45271,Weisskopf E1,1,18695.1,2.17943,8058.15,,,0,0
97tc,43,97,96.57,0.06,7.87104e+06,1/2-,1850.6,0.3,1754.03,(3/2),2.1e-13,,1,,0.0173562,0.982644,0,1.51502,1755.71,1.00096,0.00108628,measured,2,5.42751,2.18391,2.33462,2.82726e+23,5.65451,0,0
97tc,43,97,96.57,0.06,7.87104e+06,1/2-,1856.1,0.5,1759.53,(3/2+ 5/2-),,,1,,0.986577,0.0134228,0,1.96628,1854.8,1.05415,,unknown,1,,2.19076,,,,0,0
97tc,43,97,96.57,0.06,7.87104e+06,1/2-,1987,0.5,1890.43,(3/2),,,1,,0.0169157,0.983084,0,2.00709,1892.06,1.00086,,unknown,2,,2.35374,,,,0,0
97tc,43,97,96.57,0.06,7.87104e+06,1/2-,2036,0.6,1939.43,(1/2- 3/2 5/2-),,,1,,0.0173562,0.982644,0,1.51502,1941.11,1.00086,,unknown,1,,2.41475,,,,0,0
97tc,43,97,96.57,0.06,7.87104e+06,1/2-,2151,0.5,2054.43,1/2+,,,0,E1,0,0,1,0,0,0,12.0491,Weisskopf E1,1,21941.9,2.55794,8058.15,,,0,0
97tc,43,97,96.57,0.06,7.87104e+06,1/2-,2264,0.5,2167.43,1/2+,,,0,E1,0,0,1,0,0,0,14.1487,Weisskopf E1,1,23148.8,2.69863,8058.15,,,0,0
97tc,43,97,96.57,0.06,7.87104e+06,1/2-,2653,0.5,2556.43,1/2+,,,0,E1,0,0,1,0,0,0,23.2157,Weisskopf E1,1,27303.4,3.18297,8058.15,,,0,0
99tc,43,99,142.684,0.0011,21623.8,1/2-,181.094,0.00017,38.4106,5/2+,3.61e-09,,0,M2,1,0,0,0.970526,181.094,4.71469,4.12206e-14,Weisskopf M2,3,6.44222e-07,0.0473389,1.2784e-05,8.05981e+28,1.61196e+06,0,1
99tc,43,99,142.684,0.0011,21623.8,1/2-,509.096,0.01,366.412,3/2-,,,1,M1,0,1,0,0.989022,366.412,1,0.00181328,Weisskopf M1,2,207.614,0.451582,431.887,2.34112e+21,0.0468224,0,0
99tc,43,99,142.684,0.0011,21623.8,1/2-,534.44,0.08,391.756,(3/2+),,,1,E1,0,1,0,1,391.756,1,0.0846911,Weisskopf E1,2,8482.78,0.482817,16504.6,6.0589e+19,0.00121178,0,0
99tc,43,99,142.684,0.0011,21623.8,1/2-,612.37,0.03,469.686,5/2-,,,1,E2,0,1,0,1.06122,469.686,1,5.03009e-07,Weisskopf E2,3,0.0525755,0.578862,0.0853217,1.10442e+25,220.885,0,0
99tc,43,99,142.684,0.0011,21623.8,1/2-,671.477,0.011,528.793,3/2-,,,1,M1,0.397254,0.602746,0,1.49272,585.475,1.10719,0.00545019,Weisskopf M1,2,299.621,0.651708,431.887,1.55114e+21,0.0310228,0,0
99tc,43,99,142.684,0.0011,21623.8,1/2-,761.782,0.017,619.098,5/2+,7e-13,,0,M2,1,0,0,1.78456,761.782,1.23047,4.4839e-08,Weisskopf M2,3,0.00269749,0.763003,0.00332112,1.68727e+26,3374.55,0,0
99tc,43,99,142.684,0.0011,21623.8,1/2-,884.26,0.025,741.576,(5/2-),,,0,E2,0.425976,0.574024,0,2.15397,802.356,1.08196,4.93532e-06,Weisskopf E2,3,0.206932,0.91395,0.212694,2.18275e+24,43.655,0,0
99tc,43,99,142.684,0.0011,21623.8,1/2-,920.58,0.011,777.896,1/2+,1e-10,LT,1,E1,0.738856,0.261144,0,1.71767,883.319,1.13552,0.663063,Weisskopf E1,1,8421.98,0.958713,8252.32,7.05481e+19,0.00141096,0,0
99tc,43,99,142.684,0.0011,21623.8,1/2-,1004.07,0.02,861.384,3/2(-),,,1,M1,0.934905,0.0650946,0,1.94027,994.78,1.15486,0.0235583,Weisskopf M1,2,488.072,1.06161,431.887,1.19335e+21,0.0238669,0,0
99tc,43,99,142.684,0.0011,21623.8,1/2-,1019.76,0.04,877.076,(5/2+),,,0,M2,1,0,0,1.92738,1019.76,1.16268,2.55885e-07,Weisskopf M2,3,0.00766997,1.08095,0.00666561,7.78381e+25,1556.76,0,0
99tc,43,99,142.684,0.0011,21623.8,1/2-,1129.11,0.022,986.421,(3/2)-,,,1,M1,0.0869381,0.913062,0,2.05978,998.826,1.01258,0.0353786,Weisskopf M1,2,558.92,1.21571,431.887,1.12411e+21,0.0224822,0,0
99tc,43,99,142.684,0.0011,21623.8,1/2-,1135.04,0.04,992.356,(5/2-),,,0,E2,0.18622,0.81378,0,2.156,1018.93,1.02678,2.11775e-05,Weisskopf E2,3,0.495864,1.22302,0.380872,1.21779e+24,24.3558,0,0
99tc,43,99,142.684,0.0011,21623.8,1/2-,1141.85,0.014,999.17,3/2+,,,0,E1,1,0,0,2.04336,1141.85,1.1428,1.4051,Weisskopf E1,2,21635.2,1.23142,16504.6,2.96517e+19,0.000593034,0,0
99tc,43,99,142.684,0.0011,21623.8,1/2-,1172.05,0.11,1029.37,3/2+,,,0,E1,1,0,0,2.77731,1172.05,1.13861,1.53638,Weisskopf E1,2,22289.1,1.26864,16504.6,2.18157e+19,0.000436315,0,0
99tc,43,99,142.684,0.0011,21623.8,1/2-,1198.89,0.05,1056.21,(3/2-),,,1,M1,0.287179,0.712821,0,1.47652,1097.18,1.0388,0.043431,Weisskopf M1,2,598.461,1.30171,431.887,1.56816e+21,0.0313632,0,0
99tc,43,99,142.684,0.0011,21623.8,1/2-,1205,1,1062.32,(3/2)-,,,0,M1,0,0,1,0,0,0,0.0441891,Weisskopf M1,2,601.923,1.30924,431.887,,,0,0
99tc,43,99,142.684,0.0011,21623.8,1/2-,1320.74,0.04,1178.06,3/2-,,,0,M1,0,1,0,2.01845,1178.06,1,0.0602632,Weisskopf M1,2,667.502,1.45189,431.887,1.14713e+21,0.0229426,0,0
99tc,43,99,142.684,0.0011,21623.8,1/2-,1552.12,0.15,1409.44,(3/2+),,,0,E1,0.831084,0.168916,0,2.83269,1528.02,1.08413,3.9439,Weisskopf E1,2,30518.8,1.73705,16504.6,2.13892e+19,0.000427784,0,0
99tc,43,99,142.684,0.0011,21623.8,1/2-,1554.56,0.2,1411.88,1/2+,,,0,E1,1,0,0,3.04336,1554.56,1.10106,3.96442,Weisskopf E1,1,15285.8,1.74006,8252.32,3.98172e+19,0.000796344,0,0
99tc,43,99,142.684,0.0011,21623.8,1/2-,1678.14,0.05,1535.46,(5/2)+,,,0,M2,1,0,0,2.01809,1678.14,1.09293,4.2077e-06,Weisskopf M2,3,0.0411523,1.89236,0.0204287,2.4256e+25,485.12,0,0
99tc,43,99,142.684,0.0011,21623.8,1/2-,1803,5,1660.32,(1/2+),,,0,E1,0,0,1,0,0,0,6.44706,Weisskopf E1,1,17975.6,2.04624,8252.32,,,0,0
99tc,43,99,142.684,0.0011,21623.8,1/2-,1911,6,1768.32,1/2+,,,0,E1,0,0,1,0,0,0,7.78877,Weisskopf E1,1,19144.9,2.17935,8252.32,,,0,0
99tc,43,99,142.684,0.0011,21623.8,1/2-,2176,7,2033.32,(1/2+),,,0,E1,0,0,1,0,0,0,11.8414,Weisskopf E1,1,22013.9,2.50595,8252.32,,,0,0
99tc,43,99,142.684,0.0011,21623.8,1/2-,2281,7,2138.32,1/2+,,,0,E1,0,0,1,0,0,0,13.7723,Weisskopf E1,1,23150.7,2.63535,8252.32,,,0,0
99tc,43,99,142.684,0.0011,21623.8,1/2-,2466,7,2323.32,(1/2+),,,0,E1,0,0,1,0,0,0,17.665,Weisskopf E1,1,25153.6,2.86335,8252.32,,,0,0
99tc,43,99,142.684,0.0011,21623.8,1/2-,2486,7,2343.32,(1/2+),,,0,E1,0,0,1,0,0,0,18.1252,Weisskopf E1,1,25370.2,2.888,8252.32,,,0,0
99tc,43,99,142.684,0.0011,21623.8,1/2-,2653,8,2510.32,(1/2+),,,0,E1,0,0,1,0,0,0,22.283,Weisskopf E1,1,27178.2,3.09382,8252.32,,,0,0
99tc,43,99,142.684,0.0011,21623.8,1/2-,2675,8,2532.32,(1/2+),,,0,E1,0,0,1,0,0,0,22.8741,Weisskopf E1,1,27416.4,3.12093,8252.32,,,0,0
99tc,43,99,142.684,0.0011,21623.8,1/2-,3115,9,2972.32,1/2+,,,0,E1,0,0,1,0,0,0,36.9891,Weisskopf E1,1,32180.1,3.66321,8252.32,,,0,0
91rh,45,91,172.9,0.4,1.8,(1/2-),792.1,0.3,619.2,(5/2-),,,1,E2,0,1,0,1,619.2,1,1.79019e-06,Weisskopf E2,3,0.107662,0.795966,0.127062,7.87015e+24,157.403,0,0
95rh,45,95,543.3,0.3,117.6,(1/2)-,1180,10,636.7,(5/2+),,,0,M2,1,0,0,1,1180,1.85331,5.01869e-08,Weisskopf M2,3,0.0028546,0.801046,0.00334764,2.98718e+26,5974.37,0,0
95rh,45,95,543.3,0.3,117.6,(1/2)-,1570,10,1026.7,(5/2- 3/2+),,,1,,0,1,0,1,1026.7,1,,unknown,1,,1.29171,,,,0,0
96rh,45,96,51.98,0.09,90.6,3+,114.29,0.11,62.31,(4+),,,1,M1,0,1,0,1,62.31,1,8.91717e-06,Weisskopf M1,1.28571,22.6965,0.0779842,273.403,3.65761e+21,0.0731521,0,1
96rh,45,96,51.98,0.09,90.6,3+,167.45,0.05,115.47,(5+),,,0,E2,1,0,0,1,167.45,1.45016,4.33574e-10,Weisskopf E2,1.57143,0.000392755,0.144517,0.00255302,3.91692e+26,7833.85,0,0
96rh,45,96,51.98,0.09,90.6,3+,176.39,0.09,124.41,(2+),,,1,M1,0,1,0,0.84246,124.41,1,7.09773e-05,Weisskopf M1,0.714286,25.1758,0.155706,151.89,7.81484e+21,0.156297,0,0
96rh,45,96,51.98,0.09,90.6,3+,513.99,0.1,462.01,(2- 3 4),,,1,,0,1,0,1.07659,462.01,1,,unknown,1,,0.578229,,,,0,0
96rh,45,96,51.98,0.09,90.6,3+,535.26,0.12,483.28,(2- 3 4),,,1,,0,1,0,1,483.28,1,,unknown,1,,0.60485,,,,0,0
96rh,45,96,51.98,0.09,90.6,3+,578.98,0.18,527,(3-),,,1,E1,0,1,0,1.5948,527,1,0.201982,Weisskopf E1,1,5589.76,0.659568,7961.31,7.87606e+19,0.00157521,0,0
96rh,45,96,51.98,0.09,90.6,3+,598.4,0.15,546.42,(3-),,,1,E1,0,1,0,1.18939,546.42,1,0.225144,Weisskopf E1,1,5795.75,0.683873,7961.31,1.05607e+20,0.00211213,0,0
96rh,45,96,51.98,0.09,90.6,3+,660.99,0.17,609.01,(3 4),,,1,,0,1,0,1.80645,609.01,1,,unknown,1,,0.762207,,,,0,0
96rh,45,96,51.98,0.09,90.6,3+,665.08,0.21,613.1,(3- 4-),,,1,,0,1,0,1.69964,613.1,1,,unknown,1,,0.767326,,,,0,0
96rh,45,96,51.98,0.09,90.6,3+,775.19,0.19,723.21,(2+),,,1,M1,0,1,0,1.33188,723.21,1,0.0139427,Weisskopf M1,0.714286,146.35,0.905135,151.89,4.94316e+21,0.0988633,0,0
96rh,45,96,51.98,0.09,90.6,3+,938.76,0.17,886.78,1+,,,1,E2,0,1,0,1.80389,886.78,1,1.15823e-05,Weisskopf E2,0.428571,0.0485167,1.10985,0.0410655,1.34994e+25,269.987,0,0
96rh,45,96,51.98,0.09,90.6,3+,1185.2,1,1133.22,1+,,,0,E2,0,1,0,1.84246,1133.22,1,3.94719e-05,Weisskopf E2,0.428571,0.101248,1.41828,0.0670615,8.09335e+24,161.867,0,0
96rh,45,96,51.98,0.09,90.6,3+,1274.78,0.22,1222.8,1+,,,1,E2,0,1,0,2.07061,1222.8,1,5.77423e-05,Weisskopf E2,0.428571,0.127207,1.5304,0.0780829,6.18509e+24,123.702,0,0
96rh,45,96,51.98,0.09,90.6,3+,1564.2,0.3,1512.22,1+,,,0,E2,1.11022e-16,1,0,2.27354,1512.22,1,0.000167029,Weisskopf E2,0.428571,0.240596,1.89262,0.119419,3.68318e+24,73.6637,0,0
96rh,45,96,51.98,0.09,90.6,3+,1801.7,0.4,1749.72,1+,,,0,E2,0,1,0,1.99273,1749.72,1,0.000346386,Weisskopf E2,0.428571,0.372691,2.18986,0.159876,3.13884e+24,62.7767,0,0
97rh,45,97,258.76,0.18,2772,1/2-,845.3,0.3,586.54,(1/2+),,,1,E1,0,1,0,1,586.54,1,0.280397,Weisskopf E1,1,6264.42,0.730291,8058.15,1.24098e+20,0.00248196,0,0
97rh,45,97,258.76,0.18,2772,1/2-,850.1,0.4,591.34,(5/2-),,,1,E2,0,1,0,0.996492,591.34,1,1.54847e-06,Weisskopf E2,3,0.102107,0.736268,0.130277,7.70296e+24,154.059,0,0
97rh,45,97,258.76,0.18,2772,1/2-,1004.5,0.4,745.74,(3/2-),,,1,M1,0,1,0,1,745.74,1,0.0152868,Weisskopf M1,2,422.546,0.928509,427.503,2.33917e+21,0.0467833,0,0
97rh,45,97,258.76,0.18,2772,1/2-,1058.04,0.11,799.28,(5/2+),,,0,M2,1,0,0,1.83884,1058.04,1.32374,1.58651e-07,Weisskopf M2,3,0.00572624,0.99517,0.00540533,1.00608e+26,2012.16,0,0
98rh,45,98,56.3,1,216,(5+),106.75,0.08,50.45,(3)+,,,0,E2,1,0,0,0.77821,106.75,2.11596,7.09517e-12,Weisskopf E2,0.636364,1.36348e-05,0.0624932,0.000204959,6.26955e+27,125391,0,1
98rh,45,98,56.3,1,216,(5+),283.6,1,227.3,,,,1,,0,0.484536,0.515464,1,110.135,0.484536,,unknown,1,,0.28156,,,,0,0
98rh,45,98,56.3,1,216,(5+),400.5,1,344.2,(5+),,,1,M1,0,0.668681,0.331319,1.58355,230.16,0.668681,0.00150309,Weisskopf M1,1,97.5142,0.426366,214.85,2.93922e+21,0.0587844,0,0
98rh,45,98,56.3,1,216,(5+),410.9,0.9,354.6,(5+),,,0,M1,0.3861,0,0.6139,1.7329,158.649,0.447402,0.0016435,Weisskopf M1,1,100.461,0.439248,214.85,2.6859e+21,0.0537181,0,0
98rh,45,98,56.3,1,216,(5+),897.9,1,841.6,(7+),,,1,E2,-2.60209e-17,0.995496,0.00450375,1.02015,837.81,0.995496,9.16612e-06,Weisskopf E2,1.36364,0.135636,1.0425,0.122222,8.02026e+24,160.405,0,0
98rh,45,98,56.3,1,216,(5+),916.1,1,859.8,(6-),,,0,E1,0,0.668681,0.331319,2.58355,574.932,0.668681,0.889287,Weisskopf E1,1.18182,10927,1.06505,9637.91,4.01606e+19,0.000803212,0,0
98rh,45,98,56.3,1,216,(5+),1005.8,0.9,949.5,(6+),,,0,M1,0.377789,0.0143943,0.607817,2.72968,393.648,0.414584,0.0315529,Weisskopf M1,1.18182,317.909,1.17616,253.914,1.44278e+21,0.0288556,0,0
98rh,45,98,56.3,1,216,(5+),1290.1,1,1233.8,(7+),,,0,E2,0,0.668681,0.331319,2.94088,825.019,0.668681,6.20698e-05,Weisskopf E2,1.36364,0.427359,1.52833,0.26268,1.29448e+24,25.8896,0,0
98rh,45,98,56.3,1,216,(5+),1592.5,1,1536.2,(7-),,,0,M2,2.22045e-16,0.668681,0.331319,3.85466,1027.23,0.668681,4.18945e-06,Weisskopf M2,1.36364,0.0186064,1.90291,0.00918532,2.82436e+25,564.871,0,0
98rh,45,98,56.3,1,216,(5+),1611,1,1554.7,(6+),,,1,M1,0.264188,0.310765,0.425047,2.90887,908.754,0.58452,0.138514,Weisskopf M1,1.18182,520.54,1.92583,253.914,1.35391e+21,0.0270781,0,0
98rh,45,98,56.3,1,216,(5+),1653.2,1,1596.9,(7+),,,0,E2,0,0.668681,0.331319,3.58355,1067.82,0.668681,0.000225447,Weisskopf E2,1.36364,0.926598,1.9781,0.440041,6.34152e+23,12.683,0,0
98rh,45,98,56.3,1,216,(5+),1982.1,1,1925.8,(7+),,,0,E2,0.01604,0.742271,0.241689,3.19969,1461.26,0.75878,0.000575059,Weisskopf E2,1.36364,1.62514,2.38552,0.63997,4.88351e+23,9.76702,0,0
99rh,45,99,64.4,0.5,16920,9/2+,200.5,0.5,136.1,(7/2)+,,,1,M1,0,1,0,0.862069,136.1,1,9.29241e-05,Weisskopf M1,0.8,30.8464,0.167735,172.755,6.71471e+21,0.134294,0,0
99rh,45,99,64.4,0.5,16920,9/2+,427.5,0.4,363.1,5/2-,,,0,M2,1,0,0,0.990688,427.5,1.17736,3.11163e-09,Weisskopf M2,0.6,0.00010884,0.4475,0.00022848,4.4179e+27,88357.9,0,0
99rh,45,99,64.4,0.5,16920,9/2+,464.1,0.5,399.7,(5/2 7/2)+,,,1,,0,1,0,1.67628,399.7,1,,unknown,1,,0.492607,,,,0,0
99rh,45,99,64.4,0.5,16920,9/2+,783,0.9,718.6,11/2+,,,1,M1,0,1,0,0.997835,718.6,1,0.0136778,Weisskopf M1,1.2,244.301,0.885633,259.132,3.8674e+21,0.0773481,0,0
99rh,45,99,64.4,0.5,16920,9/2+,842.4,0.5,778,13/2+,2.6e-12,,1,E2,0,1,0,0.998293,778,1,0.000175476,measured,1.4,3.11953,0.95884,3.05629,3.27754e+23,6.55508,0,0
99rh,45,99,64.4,0.5,16920,9/2+,850.9,0.5,786.5,(7/2)+,,,1,M1,0,1,0,1.72234,786.5,1,0.0179329,Weisskopf M1,0.8,178.257,0.969316,172.755,3.36087e+21,0.0672173,0,0
99rh,45,99,64.4,0.5,16920,9/2+,874.2,0.5,809.8,(5/2)+,,,1,E2,0,1,0,1.79271,809.8,1,7.66345e-06,Weisskopf E2,0.6,0.0538919,0.998032,0.0507258,1.09967e+25,219.934,0,0
99rh,45,99,64.4,0.5,16920,9/2+,979.5,0.6,915.1,9/2-,,,1,E1,0.920241,0.0797595,0,1.90773,974.363,1.06476,1.07943,Weisskopf E1,1,9907.42,1.12781,8252.32,6.35195e+19,0.00127039,0,0
99rh,45,99,64.4,0.5,16920,9/2+,1018.2,0.5,953.8,(7/2),,,1,,0,1,0,1.78944,953.8,1,,unknown,0.8,,1.1755,,,,0,0
99rh,45,99,64.4,0.5,16920,9/2+,1111,0.5,1046.6,(5/2+ 7/2),,,1,,0,1,0,2.03681,1046.6,1,,unknown,1,,1.28987,,,,0,0
99rh,45,99,64.4,0.5,16920,9/2+,1167.6,0.5,1103.2,(5/2)+,,,0,E2,0.0622568,0.937743,0,2.39435,1107.21,1.00363,3.59589e-05,Weisskopf E2,0.6,0.136255,1.35963,0.0941417,4.4364e+24,88.728,0,0
99rh,45,99,64.4,0.5,16920,9/2+,1366.5,0.5,1302.1,(5/2+),,,1,E2,0,1,0,1.65807,1302.1,1,8.23678e-05,Weisskopf E2,0.6,0.224039,1.60476,0.131148,4.5987e+24,91.9741,0,0
99rh,45,99,64.4,0.5,16920,9/2+,1535.9,0.5,1471.5,(5/2 7/2)+,,,1,,0.00151009,0.99849,0,2.0053,1471.6,1.00007,,unknown,1,,1.81354,,,,0,0
99rh,45,99,64.4,0.5,16920,9/2+,1660.6,0.6,1596.2,13/2-,,,0,M2,0.630664,0.369336,0,2.61968,1636.81,1.02544,5.1085e-06,Weisskopf M2,1.4,0.021575,1.96723,0.0103026,3.70514e+25,741.028,0,0
99rh,45,99,64.4,0.5,16920,9/2+,1761,0.5,1696.6,(5/2 7/2)+,,,1,,0,1,0,1.77364,1696.6,1,,unknown,1,,2.09096,,,,0,0
99rh,45,99,64.4,0.5,16920,9/2+,1969.2,0.5,1904.8,(5/2 7/2)+,,,1,,0,1,0,1.9813,1904.8,1,,unknown,1,,2.34756,,,,0,0
99rh,45,99,64.4,0.5,16920,9/2+,2343.2,0.7,2278.8,(5/2 7/2)+,,,1,,0,1,0,1.82397,2278.8,1,,unknown,1,,2.80849,,,,0,0
99rh,45,99,64.4,0.5,16920,9/2+,2388.3,0.5,2323.9,(5/2 7/2)+,,,1,,0.000229796,0.99977,0,2.21412,2323.91,1.00001,,unknown,1,,2.86407,,,,0,0
99rh,45,99,64.4,0.5,16920,9/2+,2617.9,0.8,2553.5,(5/2 7/2)+,,,1,,0,1,0,2.36787,2553.5,1,,unknown,1,,3.14704,,,,0,0
99rh,45,99,64.4,0.5,16920,9/2+,2640,0.7,2575.6,(5/2 7/2)+,,,1,,0,1,0,2.43444,2575.6,1,,unknown,1,,3.17428,,,,0,0
99rh,45,99,64.4,0.5,16920,9/2+,2736.8,0.6,2672.4,(5/2 7/2)+,,,1,,0,1,0,2.37425,2672.4,1,,unknown,1,,3.29358,,,,0,0
99rh,45,99,64.4,0.5,16920,9/2+,2758.6,0.6,2694.2,(5/2 7/2)+,,,1,,0.149468,0.850532,0,2.98193,2703.83,1.00357,,unknown,1,,3.32045,,,,0,0
99rh,45,99,64.4,0.5,16920,9/2+,2860.2,1,2795.8,(5/2 7/2)+,,,1,,1.11022e-16,1,0,1.63112,2795.8,1,,unknown,1,,3.44566,,,,0,0
99rh,45,99,64.4,0.5,16920,9/2+,2957.3,0.6,2892.9,(5/2 7/2)+,,,1,,0.0723476,0.927652,0,3.436,2897.56,1.00161,,unknown,1,,3.56533,,,,0,0
99rh,45,99,64.4,0.5,16920,9/2+,3047.2,0.8,2982.8,(5/2 7/2)+,,,1,,0.0315864,0.968414,0,2.6128,2984.83,1.00068,,unknown,1,,3.67613,,,,0,0
100rh,45,100,107.59,0.2,276,(5+),219.58,0.22,111.99,(7+),1.32e-07,,1,E2,0,1,0,0.52687,111.99,1,3.45635e-09,measured,1.36364,0.00288842,0.137329,0.0197582,9.60614e+25,1921.23,0,0
100rh,45,100,107.59,0.2,276,(5+),243.47,0.22,135.88,(6+),,,1,M1,0,1,0,0.843882,135.88,1,9.24742e-05,Weisskopf M1,1.18182,45.4949,0.166625,256.492,4.62003e+21,0.0924006,0,0
100rh,45,100,107.59,0.2,276,(5+),357.54,0.24,249.95,(6+),,,1,M1,0,1,0,1.20768,249.95,1,0.00057559,Weisskopf M1,1.18182,83.6875,0.306505,256.492,3.2283e+21,0.064566,0,0
100rh,45,100,107.59,0.2,276,(5+),438.62,0.23,331.03,(7+),,,1,E2,0,1,0,1.75242,331.03,1,8.86527e-08,Weisskopf E2,1.36364,0.00847928,0.405931,0.0196227,2.90806e+25,581.613,0,0
101rh,45,101,157.32,0.03,375235,9/2+,181.78,0.03,24.46,7/2+,1.91e-09,,1,M1,0,1,0,0.0458716,24.46,1,2.38868e-07,measured,0.8,2.45492,0.0298456,77.2696,2.82129e+23,5.64258,1,1
101rh,45,101,157.32,0.03,375235,9/2+,355.24,0.08,197.92,5/2-,,,0,M2,1,0,0,1,355.24,1.79487,1.51739e-10,Weisskopf M2,0.6,1.78637e-05,0.241498,6.94878e-05,1.4391e+28,287820,0,0
101rh,45,101,157.32,0.03,375235,9/2+,478.06,0.04,320.74,(5/2)+,6.8e-11,,1,E2,0,1,0,1.02517,320.74,1,2.15049e-07,measured,0.6,0.00964017,0.39136,0.0231397,4.21548e+25,843.096,0,0
101rh,45,101,157.32,0.03,375235,9/2+,747.77,0.04,590.45,11/2+,,,1,M1,0,1,0,1,590.45,1,0.00758758,Weisskopf M1,1.2,200.734,0.720455,261.737,3.82063e+21,0.0764126,0,0
101rh,45,101,157.32,0.03,375235,9/2+,747.8,0.1,590.48,7/2+,2e-10,LE,1,M1,0,1,0,1.30577,590.48,1,0.00758873,Weisskopf M1,0.8,133.83,0.720491,174.491,4.38893e+21,0.0877785,0,0
101rh,45,101,157.32,0.03,375235,9/2+,851.35,0.1,694.03,(7/2-),,,0,E1,1,0,0,2,851.35,1.22668,0.477216,Weisskopf E1,0.8,6091.88,0.846841,6757.72,7.39895e+19,0.00147979,0,0
101rh,45,101,157.32,0.03,375235,9/2+,893.4,0.16,736.08,13/2+,,,1,E2,0,1,0,1.15469,736.08,1,4.88362e-06,Weisskopf E2,1.4,0.0969892,0.89815,0.101444,8.53707e+24,170.741,0,0
101rh,45,101,157.32,0.03,375235,9/2+,899.35,0.22,742.03,9/2-,,,0,E1,1,0,0,2,899.35,1.21201,0.583236,Weisskopf E1,1,8141.5,0.90541,8447.14,5.91916e+19,0.00118383,0,0
101rh,45,101,157.32,0.03,375235,9/2+,905.69,0.05,748.37,(5/2 7/2)+,,,1,,0.00302572,0.996974,0,1.08532,748.846,1.00064,,unknown,1,,0.913146,,,,0,0
101rh,45,101,157.32,0.03,375235,9/2+,978.16,0.15,820.84,(7/2 9/2)+,,,1,,0,1,0,1.26775,820.84,1,,unknown,1,,1.00157,,,,0,0
101rh,45,101,157.32,0.03,375235,9/2+,1035.63,0.08,878.31,(5/2)+,,,0,E2,0.000435909,0.999564,0,1.20392,878.379,1.00008,1.18129e-05,Weisskopf E2,0.6,0.0706179,1.0717,0.0619005,1.34186e+25,268.372,0,0
101rh,45,101,157.32,0.03,375235,9/2+,1359.37,0.05,1202.05,7/2+,,,1,M1,0.000674448,0.999326,0,1.35149,1202.16,1.00009,0.0640208,Weisskopf M1,0.8,272.439,1.46672,174.491,4.24046e+21,0.0848092,0,0
101rh,45,101,157.32,0.03,375235,9/2+,1470.81,0.05,1313.49,5/2+ 7/2+,,,1,,0.013423,0.986577,0,1.43783,1315.6,1.00161,,unknown,1,,1.60269,,,,0,0
101rh,45,101,157.32,0.03,375235,9/2+,1576.9,0.4,1419.58,11/2-,,,0,E1,1,0,0,3,1576.9,1.11082,4.08375,Weisskopf E1,1.2,18690.6,1.73214,10136.6,3.28842e+19,0.000657684,0,0
101rh,45,101,157.32,0.03,375235,9/2+,1604,0.3,1446.68,(7/2- 9/2-),,,1,,0.00866002,0.99134,0,2.23752,1448.04,1.00094,,unknown,1,,1.76521,,,,0,0
101rh,45,101,157.32,0.03,375235,9/2+,1604.5,0.4,1447.18,(13/2-),,,0,M2,1,0,0,3,1604.5,1.10871,3.17147e-06,Weisskopf M2,1.4,0.0162947,1.76582,0.00866864,3.84528e+25,769.055,0,0
101rh,45,101,157.32,0.03,375235,9/2+,1789.49,0.18,1632.17,5/2+ 7/2+,,,1,,0.00684046,0.99316,0,2.9578,1633.25,1.00066,,unknown,1,,1.99154,,,,0,0
101rh,45,101,157.32,0.03,375235,9/2+,1820.59,0.1,1663.27,5/2+ 7/2+,,,1,,0.000981951,0.999018,0,1.64683,1663.42,1.00009,,unknown,1,,2.02949,,,,0,0
101rh,45,101,157.32,0.03,375235,9/2+,1843,0.8,1685.68,(13/2-),,,0,M2,1,0,0,4,1843,1.09333,6.80023e-06,Weisskopf M2,1.4,0.0257516,2.05683,0.0117613,2.12561e+25,425.122,0,0
102rh,45,102,140.73,0.09,1.18086e+08,6(+),154.46,0.12,13.73,5(+),,,1,M1,0,1,0,1,13.73,1,9.54037e-08,Weisskopf M1,0.846154,3.29137,0.0166707,185.469,5.39172e+21,0.107834,1,1
102rh,45,102,140.73,0.09,1.18086e+08,6(+),242.27,0.11,101.54,(7+),,,1,M1,0,1,0,1,101.54,1,3.85892e-05,Weisskopf M1,1.15385,33.1926,0.123288,252.913,3.95393e+21,0.0790786,0,0
102rh,45,102,140.73,0.09,1.18086e+08,6(+),263.84,0.06,123.11,(5+),4e-10,LT,0,M1,1,0,0,2.14941,263.84,2.14312,6.87755e-05,Weisskopf M1,0.846154,29.5121,0.149478,185.469,2.50847e+21,0.0501693,0,0
102rh,45,102,140.73,0.09,1.18086e+08,6(+),297.29,0.1,156.56,(7+),,,1,M1,0,1,0,0.908265,156.56,1,0.000141448,Weisskopf M1,1.15385,51.1783,0.190093,252.913,4.35328e+21,0.0870655,0,0
102rh,45,102,140.73,0.09,1.18086e+08,6(+),378.61,0.12,237.88,6(+),,,1,M1,0,1,0,1.67436,237.88,1,0.000496167,Weisskopf M1,1,67.393,0.28883,219.191,2.72477e+21,0.0544953,0,0
102rh,45,102,140.73,0.09,1.18086e+08,6(+),476.85,0.1,336.12,7+,,,0,M1,0.835,0.165,0,3.46746,453.63,1.34961,0.00139971,Weisskopf M1,1.15385,109.875,0.408111,252.913,1.1403e+21,0.0228059,0,0
102rh,45,102,140.73,0.09,1.18086e+08,6(+),569.65,0.13,428.92,7+,,,1,M1,0,1,0,1.00899,428.92,1,0.00290859,Weisskopf M1,1.15385,140.211,0.520788,252.913,3.91869e+21,0.0783738,0,0
102rh,45,102,140.73,0.09,1.18086e+08,6(+),682.79,0.1,542.06,6(-),,,0,E1,0.115307,0.884693,0,2.58734,558.287,1.02994,0.228862,Weisskopf E1,1,5986.64,0.65816,8544.8,4.52318e+19,0.000904637,0,0
102rh,45,102,140.73,0.09,1.18086e+08,6(+),708.25,0.22,567.52,8+,,,1,E2,0.222407,0.777593,0,2.17209,598.819,1.05515,1.34812e-06,Weisskopf E2,1.30769,0.0420702,0.689073,0.0573534,8.02719e+24,160.544,0,0
102rh,45,102,140.73,0.09,1.18086e+08,6(+),730.75,0.11,590.02,7(-),,,1,E1,0.0576533,0.942347,0,2.8485,598.134,1.01375,0.295143,Weisskopf E1,1.15385,7518.83,0.716392,9859.38,3.56069e+19,0.000712138,0,0
102rh,45,102,140.73,0.09,1.18086e+08,6(+),760.8,0.12,620.07,8(-),,,0,M2,0.0115307,0.988469,0,2.29631,621.693,1.00262,4.61003e-08,Weisskopf M2,1.30769,0.00120512,0.752879,0.00150369,2.89609e+26,5792.18,0,0
102rh,45,102,140.73,0.09,1.18086e+08,6(+),845.87,0.15,705.14,8+,,,0,E2,0,1,0,1.9922,705.14,1,3.99208e-06,Weisskopf E2,1.30769,0.0806969,0.856169,0.0885417,5.66915e+24,113.383,0,0
103rh,45,103,39.753,0.006,3366.84,7/2+,93.036,0.009,53.283,9/2+,1.11e-09,,1,M1,0,1,0,0.324675,53.283,1,4.11025e-07,measured,1.25,1.39093,0.0643805,20.2955,1.51758e+23,3.03515,0,1
103rh,45,103,39.753,0.006,3366.84,7/2+,294.965,0.008,255.212,3/2-,6.61e-12,,0,M2,1,0,0,0.981258,294.965,1.15576,5.48063e-10,Weisskopf M2,0.5,3.23371e-05,0.308366,9.85111e-05,1.0345e+28,206900,0,0
103rh,45,103,39.753,0.006,3366.84,7/2+,357.396,0.017,317.643,5/2-,7.3e-11,,1,E1,0.999396,0.000604398,0,1.02576,357.372,1.12507,3.77739e-09,measured,0.75,0.000215813,0.3838,0.000528229,1.84557e+27,36911.4,0,0
103rh,45,103,39.753,0.006,3366.84,7/2+,536.84,0.007,497.087,5/2+,3.9e-11,,1,M1,0.000167317,0.999833,0,1.00135,497.094,1.00001,1.16537e-05,measured,0.75,0.271871,0.600618,0.425221,2.34855e+24,46.971,0,0
103rh,45,103,39.753,0.006,3366.84,7/2+,607.409,0.014,567.656,(5/2+ 7/2 9/2),,,1,,0,1,0,1.24412,567.656,1,,unknown,1,,0.685884,,,,0,0
103rh,45,103,39.753,0.006,3366.84,7/2+,650.064,0.018,610.311,5/2+,1e-10,LE,1,M1,0.000174351,0.999826,0,1.04226,610.318,1.00001,0.00837929,Weisskopf M1,0.75,129.679,0.737423,165.197,5.80792e+21,0.116158,0,0
103rh,45,103,39.753,0.006,3366.84,7/2+,651.716,0.014,611.963,(3/2)+,,,1,E2,0.00159719,0.998403,0,1.0654,612.026,1.0001,1.99112e-06,Weisskopf E2,0.5,0.0204324,0.739419,0.0259585,3.61581e+25,723.162,0,0
103rh,45,103,39.753,0.006,3366.84,7/2+,657.76,0.15,618.007,11/2+,,,1,E2,0,1,0,1.2848,618.007,1,2.09141e-06,Weisskopf E2,1.5,0.0631315,0.746722,0.0794214,9.8e+24,196,0,0
103rh,45,103,39.753,0.006,3366.84,7/2+,781.15,0.22,741.397,(9/2+),,,1,M1,0,1,0,1.19797,741.397,1,0.0150213,Weisskopf M1,1.25,262.553,0.895811,275.329,3.03181e+21,0.0606361,0,0
103rh,45,103,39.753,0.006,3366.84,7/2+,847.59,0.08,807.837,7/2-,1.9e-12,,0,E1,0.999531,0.000468526,0,2.01576,847.571,1.04919,0.76248,Weisskopf E1,1,8980.16,0.976089,8642.61,5.74006e+19,0.00114801,0,0
103rh,45,103,39.753,0.006,3366.84,7/2+,880.46,0.06,840.707,5/2-,2.2e-12,,0,E1,0.999699,0.000300695,0,1.88623,880.448,1.04727,0.859392,Weisskopf E1,0.75,7009.16,1.01581,6481.96,8.17896e+19,0.00163579,0,0
103rh,45,103,39.753,0.006,3366.84,7/2+,903.2,0.6,863.447,(11/2+),,,1,E2,0,1,0,1.16234,863.447,1,1.1134e-05,Weisskopf E2,1.5,0.172176,1.04328,0.155032,5.5494e+24,110.988,0,0
103rh,45,103,39.753,0.006,3366.84,7/2+,920.09,0.07,880.337,9/2-,5.6e-12,,0,E1,0.999406,0.000594333,0,2.0991,920.066,1.04513,0.986743,Weisskopf E1,1.25,12232.6,1.06369,10803.3,4.40974e+19,0.000881947,0,0
103rh,45,103,39.753,0.006,3366.84,7/2+,1106.86,0.13,1067.11,5/2-,,,0,E1,0.8561,0.1439,0,2.04183,1101.14,1.03189,1.75744,Weisskopf E1,0.75,8896.71,1.28936,6481.96,7.55571e+19,0.00151114,0,0
103rh,45,103,39.753,0.006,3366.84,7/2+,1252.1,0.3,1212.35,,,,1,,5.7337e-05,0.999943,0,1.34276,1212.35,1,,unknown,1,,1.46485,,,,0,0
103rh,45,103,39.753,0.006,3366.84,7/2+,1277.17,0.09,1237.42,3/2-,5.3e-13,,0,M2,0.999954,4.59573e-05,0,1.2914,1277.17,1.03212,1.46861e-06,Weisskopf M2,0.5,0.00368593,1.49514,0.00231588,3.34368e+26,6687.36,0,0
103rh,45,103,39.753,0.006,3366.84,7/2+,1327,0.5,1287.25,,,,1,,0,1,0,1,1287.25,1,,unknown,1,,1.55535,,,,0,0
103rh,45,103,39.753,0.006,3366.84,7/2+,1438.4,0.4,1398.65,,,,1,,0.000560055,0.99944,0,1.37358,1398.67,1.00002,,unknown,1,,1.68995,,,,0,0
103rh,45,103,39.753,0.006,3366.84,7/2+,1480.1,0.7,1440.35,,,,1,,0,1,0,1,1440.35,1,,unknown,1,,1.74034,,,,0,0
103rh,45,103,39.753,0.006,3366.84,7/2+,1530.5,0.5,1490.75,,,,1,,0.00010019,0.9999,0,1.59961,1490.75,1,,unknown,1,,1.80123,,,,0,0
103rh,45,103,39.753,0.006,3366.84,7/2+,1579.9,0.4,1540.15,,,,1,,0.000368583,0.999631,0,1.24586,1540.16,1.00001,,unknown,1,,1.86092,,,,0,0
103rh,45,103,39.753,0.006,3366.84,7/2+,1731.5,0.5,1691.75,,,,1,,8.53966e-05,0.999915,0,1.5105,1691.75,1,,unknown,1,,2.0441,,,,0,0
104rh,45,104,128.968,0.0005,260.4,5+,175.238,0.0011,46.2699,6+,,,1,M1,0,1,0,1,46.2699,1,3.65132e-06,Weisskopf M1,1.18182,15.4919,0.0556373,261.571,3.82305e+21,0.0764609,0,1
104rh,45,104,128.968,0.0005,260.4,5+,344.594,0.003,215.626,6-,4.7e-08,,1,E1,0.0118174,0.988183,0,1.62246,217.15,1.00707,3.37379e-09,measured,1.18182,0.000659126,0.25928,0.00238809,2.58092e+26,5161.84,0,0
104rh,45,104,128.968,0.0005,260.4,5+,349.61,0.15,220.642,6+,,,1,M1,0,1,0,1.2126,220.642,1,0.00039593,Weisskopf M1,1.18182,73.8747,0.265311,261.571,3.15277e+21,0.0630555,0,0
104rh,45,104,128.968,0.0005,260.4,5+,394.19,0.1,265.222,7-,,,0,M2,0.0118174,0.988183,0,2.62246,266.746,1.00575,6.68608e-10,Weisskopf M2,1.36364,9.96216e-05,0.318917,0.000293445,1.29946e+27,25989.3,0,0
104rh,45,104,128.968,0.0005,260.4,5+,416.24,0.2,287.272,7+,,,0,E2,0,1,0,2,287.272,1,4.59763e-08,Weisskopf E2,1.36364,0.00583913,0.345431,0.0158795,3.14871e+25,629.741,0,0
104rh,45,104,128.968,0.0005,260.4,5+,482.326,0.006,353.358,1+ 2+,3.7e-10,LT,1,,0.886179,0.113821,0,1.52965,467.647,1.32344,,unknown,1,,0.424896,,,,0,0
104rh,45,104,128.968,0.0005,260.4,5+,584.15,0.17,455.182,7+,,,1,E2,-2.22045e-16,1,0,1.97985,455.182,1,4.5919e-07,Weisskopf E2,1.36364,0.0232286,0.547335,0.0398677,1.26691e+25,253.382,0,0
104rh,45,104,128.968,0.0005,260.4,5+,924.32,0.03,795.352,3-,,,0,M2,0.999961,3.8902e-05,0,2.08174,924.315,1.16215,1.62151e-07,Weisskopf M2,0.636364,0.00125375,0.956373,0.0012315,3.90068e+26,7801.36,0,0
105rh,45,105,129.742,0.004,42.8,1/2-,392.526,0.006,262.784,3/2-,,,1,M1,0,1,0,0.974944,262.784,1,0.000668884,Weisskopf M1,2,148.897,0.314477,444.782,2.30607e+21,0.0461214,0,0
105rh,45,105,129.742,0.004,42.8,1/2-,455.871,0.008,326.129,5/2-,,,1,E2,1.11022e-16,1,0,1.02464,326.129,1,8.78122e-08,Weisskopf E2,3,0.0190371,0.390283,0.0458217,2.12989e+25,425.979,0,0
105rh,45,105,129.742,0.004,42.8,1/2-,469.369,0.005,339.627,3/2+,4e-10,LE,1,E1,0.998988,0.00101207,0,0.993233,469.238,1.38163,0.0573894,Weisskopf E1,2,7648.22,0.406436,17677.4,5.69547e+19,0.00113909,0,0
105rh,45,105,129.742,0.004,42.8,1/2-,499.236,0.005,369.494,5/2+,,,0,M2,1,0,0,1.1149,499.236,1.35113,3.53126e-09,Weisskopf M2,3,0.000596403,0.442178,0.00126705,7.07898e+26,14158,0,0
105rh,45,105,129.742,0.004,42.8,1/2-,724.244,0.006,594.502,5/2+,2e-10,LE,0,M2,0.999998,1.63634e-06,0,1.01993,724.244,1.21824,3.80768e-08,Weisskopf M2,3,0.00248415,0.711448,0.00328009,2.98914e+26,5978.28,0,0
105rh,45,105,129.742,0.004,42.8,1/2-,762.063,0.009,632.321,3/2-,,,1,M1,0,1,0,1.25008,632.321,1,0.00931894,Weisskopf M1,2,358.282,0.756706,444.782,1.79852e+21,0.0359704,0,0
105rh,45,105,129.742,0.004,42.8,1/2-,783,5,653.258,(3/2)-,,,0,M1,0,0,1,0,0,0,0.0102756,Weisskopf M1,2,370.145,0.781762,444.782,,,0,0
105rh,45,105,129.742,0.004,42.8,1/2-,785.887,0.006,656.145,1/2+,4e-10,LE,1,E1,0.641126,0.358874,0,1.8579,739.326,1.12677,0.413833,Weisskopf E1,1,7388.02,0.785217,8838.72,6.0896e+19,0.00121792,0,0
105rh,45,105,129.742,0.004,42.8,1/2-,806.045,0.006,676.303,3/2+,2e-10,LE,1,E1,0.00909973,0.9909,0,1.18609,677.484,1.00175,0.453158,Weisskopf E1,2,15230,0.80934,17677.4,4.76939e+19,0.000953878,0,0
105rh,45,105,129.742,0.004,42.8,1/2-,866,5,736.258,5/2-,,,0,E2,0,0,1,0,0,0,5.14941e-06,Weisskopf E2,3,0.219039,0.881089,0.233535,,,0,0
105rh,45,105,129.742,0.004,42.8,1/2-,969.484,0.005,839.742,5/2+,,,0,M2,0.877199,0.122801,0,1.68644,953.552,1.13553,2.14103e-07,Weisskopf M2,3,0.00700092,1.00493,0.00654441,9.06065e+25,1812.13,0,0
105rh,45,105,129.742,0.004,42.8,1/2-,1296.9,0.5,1167.16,1/2-,,,0,M1,1.11022e-16,1,0,3.02464,1167.16,1,0.0586061,Weisskopf M1,1,330.664,1.39675,222.391,1.48665e+21,0.029733,0,0
105rh,45,105,129.742,0.004,42.8,1/2-,1316.27,0.2,1186.53,(1/2:7/2+),,,0,E1,0.998988,0.00101207,0,1.99323,1316.14,1.10924,2.44714,Weisskopf E1,1,13360,1.41993,8838.72,5.67614e+19,0.00113523,0,0
105rh,45,105,129.742,0.004,42.8,1/2-,1321.29,0.007,1191.55,5/2+,,,0,M2,0.999745,0.000254974,0,1.7087,1321.26,1.10886,1.23156e-06,Weisskopf M2,3,0.0200012,1.42594,0.0131766,4.44152e+25,888.303,0,0
105rh,45,105,129.742,0.004,42.8,1/2-,1345.13,0.006,1215.39,3/2+,,,1,E1,0.914311,0.0856895,0,2.03343,1334.02,1.0976,2.63012,Weisskopf E1,2,27370,1.45448,17677.4,2.78196e+19,0.000556393,0,0
105rh,45,105,129.742,0.004,42.8,1/2-,1377.02,0.005,1247.28,3/2+,,,0,E1,0.965482,0.0345184,0,2.13435,1372.55,1.10043,2.84262,Weisskopf E1,2,28088.1,1.49264,17677.4,2.65042e+19,0.000530084,0,0
105rh,45,105,129.742,0.004,42.8,1/2-,1405.95,0.22,1276.21,(3/2-:11/2-),,,0,M1,0,1,0,3.0167,1276.21,1,0.0766158,Weisskopf M1,2,723.116,1.52725,444.782,7.4528e+20,0.0149056,0,0
105rh,45,105,129.742,0.004,42.8,1/2-,1462,10,1332.26,3/2-,,,0,M1,0,0,1,0,0,0,0.0871603,Weisskopf M1,2,754.875,1.59433,444.782,,,0,0
105rh,45,105,129.742,0.004,42.8,1/2-,1475.02,0.22,1345.28,(5/2+:13/2+),,,0,M2,1.11022e-16,1,0,3.02522,1345.28,1,2.25919e-06,Weisskopf M2,3,0.0287842,1.60991,0.0167959,1.96807e+25,393.614,0,0
105rh,45,105,129.742,0.004,42.8,1/2-,1486.84,0.011,1357.1,(3/2+),,,1,E1,0.96512,0.03488,0,2.03817,1482.31,1.09227,3.66149,Weisskopf E1,2,30561.1,1.62405,17677.4,2.7755e+19,0.0005551,0,0
105rh,45,105,129.742,0.004,42.8,1/2-,1529.65,0.22,1399.91,(3/2-:11/2-),,,0,M1,0,1,0,3.0167,1399.91,1,0.101124,Weisskopf M1,2,793.207,1.67529,444.782,7.4528e+20,0.0149056,0,0
105rh,45,105,129.742,0.004,42.8,1/2-,1721.2,0.01,1591.46,(5/2+),,,0,M2,0.999711,0.000288795,0,1.69038,1721.17,1.0815,5.23448e-06,Weisskopf M2,3,0.0476547,1.90452,0.0235056,2.51678e+25,503.355,0,0
105rh,45,105,129.742,0.004,42.8,1/2-,1780.8,0.3,1651.06,(5/2-:13/2-),,,0,E2,1.11022e-16,1,0,3.02522,1651.06,1,0.000292025,Weisskopf E2,3,2.47013,1.97584,1.1744,2.81466e+23,5.62932,0,0
105rh,45,105,129.742,0.004,42.8,1/2-,1829.6,0.3,1699.86,(5/2+),,,0,M2,1,0,0,1,1829.6,1.07633,7.27707e-06,Weisskopf M2,3,0.0580705,2.03424,0.0268166,3.72903e+25,745.807,0,0
95pd,46,95,1875.13,0.14,13.3,(21/2+),1878.5,0.8,3.37,(17/2+),,,0,E2,1,0,0,2.01283,1878.5,557.418,9.05322e-18,Weisskopf E2,0.818182,5.01298e-09,0.00423987,1.11069e-06,4.47299e+29,8.94598e+06,1,1
95pd,46,95,1875.13,0.14,13.3,(21/2+),2201.5,0.7,326.37,(17/2-),,,0,M2,1,0,0,3.01283,2201.5,6.74541,1.7761e-09,Weisskopf M2,0.818182,0.000104858,0.410613,0.000239893,1.38359e+27,27671.8,0,0
95pd,46,95,1875.13,0.14,13.3,(21/2+),2565.78,0.23,690.65,(23/2+),,,1,M1,0,1,0,1,690.65,1,0.0121431,Weisskopf M1,1.09091,213.454,0.868922,230.767,4.33338e+21,0.0866676,0,0
95pd,46,95,1875.13,0.14,13.3,(21/2+),2677.5,0.9,802.37,(19/2-),,,0,E1,1,0,0,4.01283,2677.5,3.33699,0.7079,Weisskopf E1,0.909091,7683.04,1.00948,7149.68,3.48548e+19,0.000697096,0,0
95pd,46,95,1875.13,0.14,13.3,(21/2+),2696.1,0.3,820.97,(25/2+),,,1,E2,0,1,0,1.86957,820.97,1,7.76765e-06,Weisskopf E2,1.18182,0.104686,1.03288,0.0952116,5.61784e+24,112.357,0,0
95pd,46,95,1875.13,0.14,13.3,(21/2+),3606.7,1,1731.57,(21/2-),,,0,E1,1,0,0,5.01283,3606.7,2.08291,7.11489,Weisskopf E1,1,18238.6,2.17853,7864.65,2.53652e+19,0.000507303,0,0
95pd,46,95,1875.13,0.14,13.3,(21/2+),3903.9,0.7,2028.77,(23/2-),,,1,E1,0.666667,0.333333,0,4.00856,3278.86,1.61618,11.4432,Weisskopf E1,1.09091,23311.6,2.55244,8579.61,2.90766e+19,0.000581533,0,0
95pd,46,95,1875.13,0.14,13.3,(21/2+),4395.4,1.2,2520.27,(25/2-),,,0,M2,0.666667,0.333333,0,5.00856,3770.36,1.49601,4.87699e-05,Weisskopf M2,1.18182,0.0697447,3.17081,0.0206629,9.66263e+24,193.253,0,0
107pd,46,107,214.6,0.3,21.3,11/2-,312.2,0.1,97.6,7/2+,,,0,M2,1,0,0,1,312.2,3.19877,4.59839e-12,Weisskopf M2,0.666667,2.47353e-06,0.115702,2.00829e-05,4.97937e+28,995874,0,1
107pd,46,107,214.6,0.3,21.3,11/2-,366.8,0.5,152.2,7/2+,,,0,M2,1,0,0,1,366.8,2.40999,4.24062e-11,Weisskopf M2,0.666667,9.3802e-06,0.180429,4.88377e-05,2.0476e+28,409519,0,0
107pd,46,107,214.6,0.3,21.3,11/2-,392.42,0.13,177.82,7/2+,,,0,M2,1,0,0,1.00567,392.42,2.20684,9.23123e-11,Weisskopf M2,0.666667,1.49593e-05,0.210801,6.66634e-05,1.49162e+28,298324,0,0
107pd,46,107,214.6,0.3,21.3,11/2-,686.79,0.24,472.19,15/2-,,,1,E2,0,1,0,1,472.19,1,5.72951e-07,Weisskopf E2,1.33333,0.0263345,0.55977,0.0441944,2.26273e+25,452.546,0,0
107pd,46,107,214.6,0.3,21.3,11/2-,696.33,0.09,481.73,9/2+,,,0,E1,1,0,0,1.34641,696.33,1.44548,0.165844,Weisskopf E1,0.833333,4577.35,0.571079,7529.53,9.86407e+19,0.00197281,0,0
107pd,46,107,214.6,0.3,21.3,11/2-,954.85,0.17,740.25,11/2+,,,0,E1,1,0,0,2.01018,954.85,1.2899,0.60176,Weisskopf E1,1,8440.53,0.877548,9035.44,5.50575e+19,0.00110115,0,0
107pd,46,107,214.6,0.3,21.3,11/2-,1063.3,0.6,848.7,(13/2-),,,0,M1,0,1,0,2,848.7,1,0.0225329,Weisskopf M1,1.16667,280.516,1.00611,261.916,1.90901e+21,0.0381802,0,0
107pd,46,107,214.6,0.3,21.3,11/2-,1101.99,0.24,887.39,(7/2+),,,0,M2,1,0,0,2.0564,1101.99,1.24183,2.85712e-07,Weisskopf M2,0.666667,0.00185914,1.05198,0.00166018,2.92913e+26,5858.25,0,0
107pd,46,107,214.6,0.3,21.3,11/2-,1340.3,0.5,1125.7,13/2+,,,0,E1,1,0,0,2.34641,1340.3,1.19064,2.1162,Weisskopf E1,1.16667,14974.8,1.33449,10541.3,4.04297e+19,0.000808595,0,0
107pd,46,107,214.6,0.3,21.3,11/2-,1373.82,0.13,1159.22,13/2+,,,0,E1,1,0,0,2.34641,1373.82,1.18512,2.31093,Weisskopf E1,1.16667,15420.7,1.37423,10541.3,4.04297e+19,0.000808595,0,0
107pd,46,107,214.6,0.3,21.3,11/2-,1676.36,0.19,1461.76,15/2+,,,0,M2,1,0,0,3.01018,1676.36,1.14681,3.46527e-06,Weisskopf M2,1.33333,0.0166198,1.73288,0.00900966,3.68722e+25,737.445,0,0
107pd,46,107,214.6,0.3,21.3,11/2-,1742.05,0.24,1527.45,(15/2+),,,0,M2,1,0,0,3.34641,1742.05,1.1405,4.31709e-06,Weisskopf M2,1.33333,0.0189627,1.81075,0.00983762,3.0376e+25,607.521,0,0
107pd,46,107,214.6,0.3,21.3,11/2-,1763.4,1.1,1548.8,(15/2)+,,,0,M2,1,0,0,3.01018,1763.4,1.13856,4.62736e-06,Weisskopf M2,1.33333,0.019769,1.83606,0.0101146,3.28444e+25,656.887,0,0
109pd,46,109,188.99,0.001,282.18,11/2-,245.081,0.0016,56.0904,(7/2)-,1.528e-09,,0,E2,1,0,0,0.988142,245.081,4.36939,1.38899e-11,Weisskopf E2,0.666667,2.26222e-05,0.0658809,0.000322571,3.13729e+27,62745.8,0,1
109pd,46,109,188.99,0.001,282.18,11/2-,248.01,0.11,59.0197,9/2+,,,1,E1,0.505051,0.494949,0,1,154.469,2.61725,0.000308774,Weisskopf E1,0.833333,567.765,0.0693215,7693.98,1.29972e+20,0.00259943,0,1
109pd,46,109,188.99,0.001,282.18,11/2-,276.289,0.003,87.2987,7/2+,1.13e-11,,0,M2,1,0,0,0.97371,276.289,3.16487,2.66537e-12,Weisskopf M2,0.666667,1.79206e-06,0.102537,1.64182e-05,6.25526e+28,1.25105e+06,0,1
109pd,46,109,188.99,0.001,282.18,11/2-,287.25,0.003,98.2597,9/2-,,,1,M1,0,1,0,0.714796,98.2597,1,3.49687e-05,Weisskopf M1,0.833333,23.198,0.115411,188.823,7.40905e+21,0.148181,0,1
109pd,46,109,188.99,0.001,282.18,11/2-,426.14,0.003,237.15,7/2+,7.36e-11,,0,M2,1,0,0,1.06067,426.14,1.79692,3.94304e-10,Weisskopf M2,0.666667,3.59251e-05,0.278544,0.000121159,7.78152e+27,155630,0,0
109pd,46,109,188.99,0.001,282.18,11/2-,597.1,0.5,408.11,(9/2)+,,,0,E1,1,0,0,1.32457,597.1,1.46309,0.102089,Weisskopf E1,0.833333,3925.99,0.479345,7693.98,9.81237e+19,0.00196247,0,0
109pd,46,109,188.99,0.001,282.18,11/2-,625,0.9,436.01,(15/2-),,,1,E2,0,1,0,1,436.01,1,3.94219e-07,Weisskopf E2,1.33333,0.0212514,0.512115,0.0389826,2.56525e+25,513.049,0,0
109pd,46,109,188.99,0.001,282.18,11/2-,718.1,0.7,529.11,(13/2-),,,1,M1,0,1,0,1.3574,529.11,1,0.00545998,Weisskopf M1,1.16667,174.884,0.621465,264.352,2.78683e+21,0.0557365,0,0
109pd,46,109,188.99,0.001,282.18,11/2-,907.2,0.7,718.21,(11/2+),,,0,E1,1,0,0,2.14914,907.2,1.26314,0.556421,Weisskopf E1,1,8290.95,0.843572,9232.78,5.03968e+19,0.00100794,0,0
109pd,46,109,188.99,0.001,282.18,11/2-,1267.2,0.9,1078.21,(13/2+),,,0,E1,1,0,0,2.73685,1267.2,1.17528,1.88261,Weisskopf E1,1.16667,14521.2,1.26641,10771.6,3.3921e+19,0.00067842,0,0
109pd,46,109,188.99,0.001,282.18,11/2-,1635.2,1.3,1446.21,(15/2+),,,0,M2,1,0,0,3.14914,1635.2,1.13068,3.32563e-06,Weisskopf M2,1.33333,0.016295,1.69864,0.0090116,3.52376e+25,704.752,0,0
111pd,46,111,172.18,0.08,20026.8,11/2-,585,0.5,412.82,(15/2-),,,1,E2,0,1,0,1,412.82,1,3.07319e-07,Weisskopf E2,1.33333,0.0184803,0.480489,0.0361307,2.76773e+25,553.545,0,0
115pd,46,115,89.21,0.16,50,(7/2-),127.84,0.14,38.63,(3/2+),,,0,M2,1,0,0,1,127.84,3.30935,4.68658e-14,Weisskopf M2,0.5,1.20692e-07,0.0441733,2.56667e-06,3.8961e+29,7.7922e+06,0,1
115pd,46,115,89.21,0.16,50,(7/2-),128,1,38.79,(9/2-),,,1,M1,0,1,0,1,38.79,1,2.15136e-06,Weisskopf M1,1.25,13.7368,0.0443563,290.926,3.4373e+21,0.0687461,0,1
115pd,46,115,89.21,0.16,50,(7/2-),177,1.4,87.79,(11/2)-,,,0,E2,0,0,1,0,0,0,1.40124e-10,Weisskopf E2,1.5,0.000209612,0.100388,0.00196149,,,0,1
115pd,46,115,89.21,0.16,50,(7/2-),253.62,0.13,164.41,(5/2+),,,1,E1,0.698225,0.301775,0,1.59172,226.699,1.37886,0.0069175,Weisskopf E1,0.75,1475.22,0.188003,7371.29,8.52296e+19,0.00170459,0,0
115pd,46,115,89.21,0.16,50,(7/2-),354.58,0.18,265.37,(7/2+),,,0,E1,0.754654,0.245346,0,2.48107,332.693,1.25369,0.0290884,Weisskopf E1,1,3174.82,0.30345,9828.39,4.10089e+19,0.000820179,0,0
115pd,46,115,89.21,0.16,50,(7/2-),575.6,2.1,486.39,(9/2+),,,0,E1,0.72644,0.27356,0,3.03639,551.196,1.13324,0.179109,Weisskopf E1,1.25,7273.81,0.556186,12285.5,2.68071e+19,0.000536142,0,0
100ag,47,100,15.52,0.16,134.4,(2)+,124.7,0.1,109.18,(4)+,,,0,E2,1,0,0,0.814332,124.7,1.14215,3.45996e-10,Weisskopf E2,1.8,0.000401569,0.133884,0.00281763,4.35828e+26,8716.56,0,0
100ag,47,100,15.52,0.16,134.4,(2)+,155.23,0.18,139.71,(1 2 3)+,,,1,,0,1,0,0.849618,139.71,1,,unknown,1,,0.171321,,,,0,0
100ag,47,100,15.52,0.16,134.4,(2)+,236.15,0.17,220.63,(3)+,,,1,M1,0.0695051,0.930495,0,0.988857,221.709,1.00489,0.000395865,Weisskopf M1,1.4,87.5083,0.270551,303.844,3.32824e+21,0.0665649,0,0
100ag,47,100,15.52,0.16,134.4,(2)+,303.65,0.14,288.13,(3)+,,,1,M1,0.684493,0.315507,0,1.50822,298.753,1.03687,0.000881697,Weisskopf M1,1.4,114.281,0.353324,303.844,2.18215e+21,0.0436429,0,0
100ag,47,100,15.52,0.16,134.4,(2)+,583.39,0.17,567.87,(1 2 3)+,,,1,,0.0126293,0.987371,0,1.49817,568.066,1.00035,,unknown,1,,0.696359,,,,0,0
100ag,47,100,15.52,0.16,134.4,(2)+,886.04,0.18,870.52,(1 2 3)+,,,1,,0.466146,0.533854,0,2.26019,877.755,1.00831,,unknown,1,,1.06749,,,,0,0
100ag,47,100,15.52,0.16,134.4,(2)+,952.06,0.19,936.54,1+,,,1,M1,0.000836465,0.999164,0,1.09916,936.553,1.00001,0.0302784,Weisskopf M1,0.6,159.197,1.14845,130.219,6.98659e+21,0.139732,0,0
100ag,47,100,15.52,0.16,134.4,(2)+,1039.46,0.21,1023.94,(1 2)-,,,1,,0,1,0,1,1023.94,1,,unknown,1,,1.25562,,,,0,0
100ag,47,100,15.52,0.16,134.4,(2)+,1156.4,0.2,1140.88,1+,,,1,M1,0.0820513,0.917949,0,1.51677,1142.15,1.00112,0.0547361,Weisskopf M1,0.6,193.931,1.39902,130.219,5.06298e+21,0.10126,0,0
100ag,47,100,15.52,0.16,134.4,(2)+,1212.7,0.19,1197.18,1+,,,1,M1,0.0384708,0.961529,0,1.58534,1197.78,1.0005,0.0632459,Weisskopf M1,0.6,203.501,1.46806,130.219,4.84398e+21,0.0968797,0,0
100ag,47,100,15.52,0.16,134.4,(2)+,1393.16,0.19,1377.64,1+,,,1,M1,0.166898,0.833102,0,2.29475,1380.23,1.00188,0.0963743,Weisskopf M1,0.6,234.177,1.68935,130.219,3.34649e+21,0.0669299,0,0
100ag,47,100,15.52,0.16,134.4,(2)+,1574.31,0.22,1558.79,1+,,,0,M1,0.303115,0.696885,0,2.94929,1563.49,1.00302,0.13961,Weisskopf M1,0.6,264.969,1.91149,130.219,2.6038e+21,0.052076,0,0
100ag,47,100,15.52,0.16,134.4,(2)+,1892.96,0.25,1877.44,1+,,,0,M1,0.0155009,0.984499,0,2.30724,1877.68,1.00013,0.243923,Weisskopf M1,0.6,319.135,2.30224,130.219,3.32838e+21,0.0665676,0,0
100ag,47,100,15.52,0.16,134.4,(2)+,1960.2,0.3,1944.68,1+,,,1,M1,0.077691,0.922309,0,1.3767,1945.89,1.00062,0.27108,Weisskopf M1,0.6,330.564,2.38469,130.219,5.57811e+21,0.111562,0,0
101ag,47,101,274.1,0.3,3.1,(1/2)-,750.2,0.3,476.1,(3/2)-,,,1,M1,0,1,0,1,476.1,1,0.00397785,Weisskopf M1,2,269.765,0.580927,436.228,2.29238e+21,0.0458476,0,0
101ag,47,101,274.1,0.3,3.1,(1/2)-,797.3,0.3,523.2,(5/2)-,,,1,E2,0,1,0,1.5,523.2,1,8.86045e-07,Weisskopf E2,3,0.0746354,0.638398,0.109826,6.07023e+24,121.405,0,0
101ag,47,101,274.1,0.3,3.1,(1/2)-,960.9,0.3,686.8,(3/2 5/2)-,,,1,,0,1,0,1.07739,686.8,1,,unknown,1,,0.838019,,,,0,0
101ag,47,101,274.1,0.3,3.1,(1/2)-,1285.3,0.3,1011.2,(3/2)+,,,1,E1,0.794281,0.205719,0,1.61432,1228.91,1.2153,1.47602,Weisskopf E1,2,22189.6,1.23385,16894.3,3.66665e+19,0.000733331,0,0
101ag,47,101,274.1,0.3,3.1,(1/2)-,2940,0.4,2665.9,(5/2+),,,0,M2,0.873817,0.126183,0,1.62219,2905.41,1.08984,6.72771e-05,Weisskopf M2,3,0.218275,3.25288,0.0630358,9.77941e+24,195.588,0,0
102ag,47,102,9.4,0.07,462,2+,97.45,0.05,88.05,4(+),,,0,E2,1,0,0,0.68918,97.45,1.10676,1.21191e-10,Weisskopf E2,1.8,0.000216265,0.106909,0.0019003,7.63563e+26,15271.3,0,1
102ag,47,102,9.4,0.07,462,2+,125.54,0.1,116.14,2+ 3+,,,1,,0,1,0,0.783699,116.14,1,,unknown,1,,0.141015,,,,0,0
102ag,47,102,9.4,0.07,462,2+,156.49,0.06,147.09,3+,,,1,M1,0.894737,0.105263,0,1.02975,155.501,1.05718,0.000117301,Weisskopf M1,1.4,58.3402,0.178594,306.868,3.1646e+21,0.063292,0,0
102ag,47,102,9.4,0.07,462,2+,369.98,0.08,360.58,2+,,,1,M1,0.509874,0.490126,0,1.56476,365.373,1.01329,0.00172806,Weisskopf M1,1,102.155,0.43781,219.191,2.91561e+21,0.0583122,0,0
102ag,47,102,9.4,0.07,462,2+,490.44,0.11,481.04,1+,,,1,M1,0.0277027,0.972297,0,1.07419,481.3,1.00054,0.00410296,Weisskopf M1,0.6,81.7691,0.584071,131.515,7.07858e+21,0.141572,0,0
102ag,47,102,9.4,0.07,462,2+,540.59,0.13,531.19,1+ 2+ 3+,,,1,,0.0155202,0.98448,0,1.69757,531.336,1.00027,,unknown,1,,0.644962,,,,0,0
102ag,47,102,9.4,0.07,462,2+,1045.59,0.16,1036.19,1+,,,1,M1,0.0829499,0.91705,0,1.78654,1036.97,1.00075,0.0410083,Weisskopf M1,0.6,176.136,1.25812,131.515,4.25612e+21,0.0851224,0,0
102ag,47,102,9.4,0.07,462,2+,1369,0.4,1359.6,1+,,,1,M1,0.0250115,0.974988,0,1.11939,1359.84,1.00017,0.0926376,Weisskopf M1,0.6,231.11,1.6508,131.515,6.79272e+21,0.135854,0,0
102ag,47,102,9.4,0.07,462,2+,1449,0.4,1439.6,1+,,,1,M1,0.134967,0.865033,0,1.4142,1440.87,1.00088,0.109971,Weisskopf M1,0.6,244.709,1.74794,131.515,5.37668e+21,0.107534,0,0
102ag,47,102,9.4,0.07,462,2+,1727.2,0.7,1717.8,(1+),,,1,M1,0,1,0,1,1717.8,1,0.186841,Weisskopf M1,0.6,291.999,2.08572,131.515,7.60371e+21,0.152074,0,0
102ag,47,102,9.4,0.07,462,2+,1965.4,0.8,1956,1+,,,1,M1,0,1,0,1,1956,1,0.275842,Weisskopf M1,0.6,332.489,2.37494,131.515,7.60371e+21,0.152074,0,0
103ag,47,103,134.45,0.04,5.7,1/2-,521.41,0.07,386.96,(3/2)-,,,1,M1,0,1,0,0.989315,386.96,1,0.00213576,Weisskopf M1,2,219.257,0.467554,440.526,2.29453e+21,0.0458906,0,0
103ag,47,103,134.45,0.04,5.7,1/2-,590.79,0.07,456.34,(5/2)-,,,1,E2,0,1,0,1.02601,456.34,1,4.59107e-07,Weisskopf E2,3,0.0508348,0.551384,0.0866079,1.12536e+25,225.072,0,0
103ag,47,103,134.45,0.04,5.7,1/2-,1083.53,0.16,949.08,1/2- 3/2- 5/2-,,,1,,0,1,0,1.2224,949.08,1,,unknown,1,,1.14675,,,,0,0
103ag,47,103,134.45,0.04,5.7,1/2-,1422.07,0.11,1287.62,(3/2)+,,,1,E1,0,1,0,1,1287.62,1,3.0876,Weisskopf E1,2,28627.1,1.5558,17285.2,5.78529e+19,0.00115706,0,0
103ag,47,103,134.45,0.04,5.7,1/2-,1461.8,0.07,1327.35,(5/2)+,,,0,M2,0.988428,0.0115718,0,1.01318,1460.24,1.10012,2.0857e-06,Weisskopf M2,3,0.0272964,1.6038,0.0159884,6.17319e+25,1234.64,0,0
103ag,47,103,134.45,0.04,5.7,1/2-,1705.18,0.09,1570.73,3/2+,,,1,E1,0.578352,0.421648,0,1.65294,1648.49,1.04951,5.60482,Weisskopf E1,2,34921.4,1.89787,17285.2,3.5e+19,0.0007,0,0
103ag,47,103,134.45,0.04,5.7,1/2-,1828.6,0.3,1694.15,,,,1,,0,1,0,1.40392,1694.15,1,,unknown,1,,2.047,,,,0,0
103ag,47,103,134.45,0.04,5.7,1/2-,1901.14,0.13,1766.69,+,,,1,,0,1,0,1,1766.69,1,,unknown,1,,2.13465,,,,0,0
103ag,47,103,134.45,0.04,5.7,1/2-,1968.55,0.09,1834.1,(3/2 5/2 7/2)+,,,1,,0,1,0,1.54772,1834.1,1,,unknown,1,,2.2161,,,,0,0
103ag,47,103,134.45,0.04,5.7,1/2-,2199.37,0.11,2064.92,(3/2)+,,,1,E1,0.801845,0.198155,0,1.69502,2172.73,1.05221,12.7341,Weisskopf E1,2,45908.5,2.49499,17285.2,3.4131e+19,0.00068262,0,0
103ag,47,103,134.45,0.04,5.7,1/2-,2440.43,0.2,2305.98,(3/2+),,,0,E1,0,1,0,1.98932,2305.98,1,17.7347,Weisskopf E1,2,51267.9,2.78626,17285.2,2.90818e+19,0.000581636,0,0
103ag,47,103,134.45,0.04,5.7,1/2-,2521.09,0.09,2386.64,(3/2 5/2 7/2)+,,,1,,0.400027,0.599973,0,1.82305,2440.42,1.02254,,unknown,1,,2.88372,,,,0,0
103ag,47,103,134.45,0.04,5.7,1/2-,2821.9,0.3,2687.45,(3/2 5/2 7/2)+,,,1,,0.321028,0.678972,0,1.75185,2730.61,1.01606,,unknown,1,,3.24718,,,,0,0
103ag,47,103,134.45,0.04,5.7,1/2-,2888.84,0.11,2754.39,(3/2 5/2 7/2)+,,,1,,0.52607,0.47393,0,2.12852,2825.12,1.02568,,unknown,1,,3.32806,,,,0,0
104ag,47,104,6.9,0.22,2010,2+,90.56,0.23,83.66,1+,,,1,M1,0,1,0,0.588235,83.66,1,2.15828e-05,Weisskopf M1,0.6,14.2209,0.100597,132.798,1.28014e+22,0.256028,0,1
104ag,47,104,6.9,0.22,2010,2+,130.62,0.22,123.72,(3)+,,,1,M1,0,1,0,0.81103,123.72,1,6.98029e-05,Weisskopf M1,1.4,49.071,0.148767,309.862,3.9792e+21,0.0795839,0,0
104ag,47,104,6.9,0.22,2010,2+,157.34,0.23,150.44,(2)+,,,1,M1,1.11022e-16,1,0,1.01238,150.44,1,0.0001255,Weisskopf M1,1,42.6207,0.180897,221.33,4.4629e+21,0.089258,0,0
104ag,47,104,6.9,0.22,2010,2+,231.3,0.3,224.4,(3+),,,1,M1,0,1,0,1.50619,224.4,1,0.000416507,Weisskopf M1,1.4,89.0036,0.26983,309.862,2.14266e+21,0.0428531,0,0
104ag,47,104,6.9,0.22,2010,2+,269.59,0.2,262.69,(4+),,,0,E2,0.333333,0.666667,0,1.46642,264.99,1.00876,2.93957e-08,Weisskopf E2,1.8,0.00589349,0.315872,0.0175272,3.89071e+25,778.143,0,0
104ag,47,104,6.9,0.22,2010,2+,342.67,0.23,335.77,(3-),,,1,E1,0,1,0,1.60291,335.77,1,0.0551036,Weisskopf E1,1.4,5259.3,0.403747,12236.8,5.09826e+19,0.00101965,0,0
104ag,47,104,6.9,0.22,2010,2+,348.16,0.24,341.26,(1-),,,1,E1,0,1,0,1.29412,341.26,1,0.057851,Weisskopf E1,0.6,2290.84,0.410349,5244.35,1.47345e+20,0.00294689,0,0
104ag,47,104,6.9,0.22,2010,2+,433.66,0.23,426.76,(2-),,,1,E1,0,1,0,1.88478,426.76,1,0.113137,Weisskopf E1,1,4774.65,0.513158,8740.59,6.07014e+19,0.00121403,0,0
104ag,47,104,6.9,0.22,2010,2+,463.2,0.3,456.3,(3-),,,0,E1,0,1,0,2.18011,456.3,1,0.138295,Weisskopf E1,1.4,7147.2,0.548679,12236.8,3.74846e+19,0.000749692,0,0
104ag,47,104,6.9,0.22,2010,2+,480.3,0.3,473.4,(2+),,,1,M1,0,1,0,1.7767,473.4,1,0.00391056,Weisskopf M1,1,134.117,0.569241,221.33,2.543e+21,0.05086,0,0
104ag,47,104,6.9,0.22,2010,2+,534.95,0.25,528.05,(3-),,,1,E1,0,1,0,1.85658,528.05,1,0.214328,Weisskopf E1,1.4,8271.05,0.634955,12236.8,4.40167e+19,0.000880335,0,0
104ag,47,104,6.9,0.22,2010,2+,570.7,0.3,563.8,,,,1,,0,1,0,1.6078,563.8,1,,unknown,1,,0.677942,,,,0,0
104ag,47,104,6.9,0.22,2010,2+,579.63,0.24,572.73,,,,1,,0,1,0,1.85928,572.73,1,,unknown,1,,0.68868,,,,0,0
104ag,47,104,6.9,0.22,2010,2+,590.2,0.4,583.3,,,,1,,0,1,0,1,583.3,1,,unknown,1,,0.70139,,,,0,0
104ag,47,104,6.9,0.22,2010,2+,652.2,0.3,645.3,,,,1,,1.11022e-16,1,0,1.96572,645.3,1,,unknown,1,,0.775942,,,,0,0
104ag,47,104,6.9,0.22,2010,2+,675.5,0.3,668.6,,,,1,,0,1,0,1.40552,668.6,1,,unknown,1,,0.803959,,,,0,0
104ag,47,104,6.9,0.22,2010,2+,716.5,0.3,709.6,1+,,,1,M1,0,1,0,1.2718,709.6,1,0.0131703,Weisskopf M1,0.6,120.621,0.85326,132.798,5.92096e+21,0.118419,0,0
104ag,47,104,6.9,0.22,2010,2+,747.3,0.4,740.4,,,,1,,0,1,0,1,740.4,1,,unknown,1,,0.890295,,,,0,0
104ag,47,104,6.9,0.22,2010,2+,763.5,0.3,756.6,,,,1,,0,1,0,2.37895,756.6,1,,unknown,1,,0.909775,,,,0,0
104ag,47,104,6.9,0.22,2010,2+,796.9,0.3,790,(2-),,,1,E1,0,1,0,1.50619,790,1,0.717688,Weisskopf E1,1,8838.63,0.949937,8740.59,7.59591e+19,0.00151918,0,0
104ag,47,104,6.9,0.22,2010,2+,832.1,0.3,825.2,,,,1,,0,1,0,1.64706,825.2,1,,unknown,1,,0.992263,,,,0,0
104ag,47,104,6.9,0.22,2010,2+,1048.3,0.3,1041.4,,,,1,,0,1,0,1.50619,1041.4,1,,unknown,1,,1.25223,,,,0,0
104ag,47,104,6.9,0.22,2010,2+,1094.8,0.4,1087.9,,,,1,,0,1,0,1,1087.9,1,,unknown,1,,1.30815,,,,0,0
104ag,47,104,6.9,0.22,2010,2+,1185.4,0.4,1178.5,,,,1,,0,1,0,1,1178.5,1,,unknown,1,,1.41709,,,,0,0
105ag,47,105,25.468,0.016,433.8,7/2+,53.138,0.018,27.67,9/2+,2.33e-09,,1,M1,0,1,0,0.0540541,27.67,1,1.9581e-07,measured,1.25,2.45714,0.033113,69.7079,2.65393e+23,5.30787,1,1
105ag,47,105,25.468,0.016,433.8,7/2+,346.872,0.016,321.404,3/2-,,,0,M2,0.978173,0.0218267,0,0.984104,346.316,1.07751,1.75853e-09,Weisskopf M2,0.5,6.54215e-05,0.384628,0.000159783,6.35959e+27,127192,0,0
105ag,47,105,25.468,0.016,433.8,7/2+,433.223,0.022,407.755,5/2-,,,0,E1,0.998826,0.00117413,0,1.0229,433.193,1.06239,0.0993169,Weisskopf E1,0.75,3443.41,0.487965,6629.04,1.47474e+20,0.00294948,0,0
105ag,47,105,25.468,0.016,433.8,7/2+,614.6,0.4,589.132,(5/2+:11/2+),,,1,M1,0,1,0,1.00213,589.132,1,0.00753688,Weisskopf M1,0.75,125.179,0.705021,166.793,5.9827e+21,0.119654,0,0
105ag,47,105,25.468,0.016,433.8,7/2+,668.58,0.07,643.112,11/2+,,,1,E2,1.11022e-16,1,0,1.04778,643.112,1,2.61843e-06,Weisskopf E2,1.5,0.0729897,0.76962,0.0890915,1.07126e+25,214.251,0,0
105ag,47,105,25.468,0.016,433.8,7/2+,877.82,0.06,852.352,3/2-,,,0,M2,0.994365,0.00563479,0,1.25406,877.676,1.02971,2.30668e-07,Weisskopf M2,0.5,0.00122018,1.02002,0.00112374,7.09607e+26,14192.1,0,0
105ag,47,105,25.468,0.016,433.8,7/2+,987.304,0.021,961.836,(5/2)+,,,1,M1,0.00990362,0.990096,0,1.02137,962.088,1.00026,0.0327987,Weisskopf M1,0.75,204.371,1.15104,166.793,5.86999e+21,0.1174,0,0
105ag,47,105,25.468,0.016,433.8,7/2+,1023.68,0.05,998.212,7/2-,5.4e-11,,0,E1,0.992931,0.00706919,0,2.00813,1023.5,1.02533,1.45711,Weisskopf E1,1,11239.6,1.19457,8838.72,5.63404e+19,0.00112681,0,0
105ag,47,105,25.468,0.016,433.8,7/2+,1097.17,0.04,1071.7,(9/2+),2.9e-11,,1,M1,0,1,0,1.00869,1071.7,1,1.28952e-05,measured,1.25,0.107868,1.28252,0.0790097,1.25477e+25,250.954,0,0
105ag,47,105,25.468,0.016,433.8,7/2+,1166.3,0.09,1140.83,9/2-,3.5e-11,,0,E1,0.998826,0.00117413,0,2.02067,1166.27,1.0223,2.17516,Weisskopf E1,1.25,16056.8,1.36525,11048.4,4.47926e+19,0.000895852,0,0
105ag,47,105,25.468,0.016,433.8,7/2+,1243.38,0.06,1217.91,(3/2+ 5/2 7/2-),1.35e-10,,1,,0.909655,0.0903449,0,1.92496,1241.08,1.01902,2.75506e-07,measured,1,0.00142759,1.45749,0.000920125,5.64586e+26,11291.7,0,0
105ag,47,105,25.468,0.016,433.8,7/2+,1294,0.06,1268.53,(7/2-),2.4e-11,,0,E1,0.978173,0.0218267,0,1.9841,1293.44,1.01964,2.9904,Weisskopf E1,1,14283.3,1.51807,8838.72,5.70225e+19,0.00114045,0,0
105ag,47,105,25.468,0.016,433.8,7/2+,1327.93,0.02,1302.46,5/2+,8.3e-11,,1,M1,0.00075461,0.999245,0,1.08453,1302.48,1.00001,4.21066e-06,measured,0.75,0.0143081,1.55867,0.00862339,1.06926e+26,2138.51,0,0
105ag,47,105,25.468,0.016,433.8,7/2+,1386.25,0.03,1360.78,3/2+ 5/2+,5.2e-11,,1,,0.0436861,0.956314,0,1.13267,1361.89,1.00082,7.62012e-06,measured,1,0.0316292,1.62846,0.0182457,4.83879e+25,967.757,0,0
105ag,47,105,25.468,0.016,433.8,7/2+,1441.59,0.03,1416.12,5/2+,2.6e-11,,1,M1,0.000252457,0.999748,0,1.05947,1416.13,1,5.99639e-06,measured,0.75,0.0172366,1.69469,0.0095546,9.87871e+25,1975.74,0,0
105ag,47,105,25.468,0.016,433.8,7/2+,1557.88,0.022,1532.42,3/2+,1.5e-11,,1,E2,0.886663,0.113337,0,1.30601,1555,1.01474,7.00779e-07,measured,0.5,0.00114683,1.83386,0.000587469,1.30337e+27,26067.4,0,0
105ag,47,105,25.468,0.016,433.8,7/2+,1572.51,0.13,1547.04,(11/2+),,,1,E2,0,1,0,1.01984,1547.04,1,0.00021092,Weisskopf E2,1.5,1.01603,1.85136,0.515546,1.90195e+24,38.0391,0,0
105ag,47,105,25.468,0.016,433.8,7/2+,1635.61,0.04,1610.14,3/2+,,,1,E2,0.316638,0.683362,0,1.58813,1618.21,1.00501,0.00025759,Weisskopf E2,0.5,0.381833,1.92688,0.186153,3.38255e+24,67.6511,0,0
105ag,47,105,25.468,0.016,433.8,7/2+,1635.79,0.024,1610.32,(5/2+),,,0,M1,0.00844888,0.991551,0,1.86677,1610.53,1.00013,0.153918,Weisskopf M1,0.75,342.16,1.92709,166.793,3.21166e+21,0.0642333,0,0
105ag,47,105,25.468,0.016,433.8,7/2+,1669.54,0.03,1644.07,(3/2+ 5/2),,,1,,0.100573,0.899427,0,1.27303,1646.63,1.00156,,unknown,1,,1.96748,,,,0,0
105ag,47,105,25.468,0.016,433.8,7/2+,1690.79,0.04,1665.32,(3/2+ 5/2),,,1,,0.0775842,0.922416,0,1.32108,1667.3,1.00119,,unknown,1,,1.99291,,,,0,0
105ag,47,105,25.468,0.016,433.8,7/2+,1718.82,0.04,1693.35,(5/2:9/2),1.1e-11,,1,,0,1,0,1.00491,1693.35,1,3.77056e-05,measured,0.75,0.0758011,2.02645,0.035139,2.83193e+25,566.385,0,0
105ag,47,105,25.468,0.016,433.8,7/2+,1750.15,0.03,1724.68,(5/2+),,,1,M1,0.329166,0.670834,0,1.4445,1733.07,1.00486,0.189095,Weisskopf M1,0.75,366.46,2.06395,166.793,4.15052e+21,0.0830105,0,0
105ag,47,105,25.468,0.016,433.8,7/2+,1794.44,0.05,1768.97,7/2+,,,0,M1,0.591209,0.408791,0,1.88343,1784.03,1.00851,0.204041,Weisskopf M1,1,501.162,2.11695,222.391,2.38744e+21,0.0477488,0,0
105ag,47,105,25.468,0.016,433.8,7/2+,1858.9,0.6,1833.43,(5/2+:13/2+),,,0,M1,0,1,0,1.17048,1833.43,1,0.227169,Weisskopf M1,0.75,389.568,2.19409,166.793,5.12219e+21,0.102444,0,0
105ag,47,105,25.468,0.016,433.8,7/2+,1883.4,0.4,1857.93,(9/2+),,,1,M1,0.00299203,0.997008,0,1.70486,1858.01,1.00004,0.236398,Weisskopf M1,1.25,657.956,2.22341,277.989,2.11001e+21,0.0422001,0,0
105ag,47,105,25.468,0.016,433.8,7/2+,1885.73,0.15,1860.26,(5/2+ 7/2+ 9/2+),,,1,,0.0158859,0.984114,0,1.68698,1860.67,1.00022,,unknown,1,,2.2262,,,,0,0
105ag,47,105,25.468,0.016,433.8,7/2+,1922.97,0.03,1897.5,(7/2)+,1.9e-11,,1,M1,0.166335,0.833665,0,1.34392,1901.74,1.00223,1.17147e-05,measured,1,0.0250075,2.27076,0.0103454,7.19246e+25,1438.49,0,0
105ag,47,105,25.468,0.016,433.8,7/2+,1983.3,0.7,1957.83,(5/2+),,,1,M1,0,1,0,1.02875,1957.83,1,0.276618,Weisskopf M1,0.75,416,2.34296,166.793,5.82788e+21,0.116558,0,0
105ag,47,105,25.468,0.016,433.8,7/2+,1986.34,0.04,1960.87,5/2+,,,1,M1,0.0190399,0.98096,0,1.2703,1961.36,1.00025,0.277908,Weisskopf M1,0.75,416.646,2.3466,166.793,4.71972e+21,0.0943944,0,0
105ag,47,105,25.468,0.016,433.8,7/2+,2081.64,0.06,2056.17,5/2+ 7/2+,1.5e-11,,1,,0,1,0,1.11037,2056.17,1,7.83284e-06,measured,1,0.0142398,2.46065,0.00543632,1.65663e+26,3313.26,0,0
105ag,47,105,25.468,0.016,433.8,7/2+,2156.42,0.05,2130.95,3/2+,,,0,E2,0.738595,0.261405,0,1.51867,2149.76,1.00883,0.00104587,Weisskopf E2,0.5,0.885119,2.55014,0.326054,2.01952e+24,40.3903,0,0
105ag,47,105,25.468,0.016,433.8,7/2+,2256.52,0.06,2231.05,5/2+,,,1,M1,0.763649,0.236351,0,1.91591,2250.5,1.00872,0.409339,Weisskopf M1,0.75,474.054,2.66993,166.793,3.1293e+21,0.062586,0,0
105ag,47,105,25.468,0.016,433.8,7/2+,2275.99,0.2,2250.52,5/2+,,,0,M1,0.978173,0.0218267,0,1.9841,2275.43,1.01107,0.420149,Weisskopf M1,0.75,478.191,2.69323,166.793,3.02174e+21,0.0604347,0,0
105ag,47,105,25.468,0.016,433.8,7/2+,2308.32,0.06,2282.85,3/2+,,,0,E2,0.809702,0.190298,0,2.00213,2303.47,1.00903,0.00147569,Weisskopf E2,0.5,1.08821,2.73192,0.374194,1.33479e+24,26.6957,0,0
105ag,47,105,25.468,0.016,433.8,7/2+,2314.81,0.05,2289.34,5/2+,,,1,M1,0.433671,0.566329,0,2.27697,2300.39,1.00482,0.442268,Weisskopf M1,0.75,486.439,2.73968,166.793,2.63308e+21,0.0526615,0,0
105ag,47,105,25.468,0.016,433.8,7/2+,2326.04,0.03,2300.57,(5/2+),,,0,M1,0.125613,0.874387,0,1.93853,2303.77,1.00139,0.448809,Weisskopf M1,0.75,488.826,2.75312,166.793,3.09278e+21,0.0618556,0,0
105ag,47,105,25.468,0.016,433.8,7/2+,2333.34,0.03,2307.87,3/2+,,,0,E2,0.933678,0.0663216,0,1.80209,2331.65,1.0103,0.00155835,Weisskopf E2,0.5,1.12439,2.76186,0.382441,1.45097e+24,29.0194,0,0
105ag,47,105,25.468,0.016,433.8,7/2+,2400.62,0.07,2375.15,(3/2+),,,1,E2,0.533541,0.466459,0,2.06026,2388.74,1.00572,0.00179914,Weisskopf E2,0.5,1.22562,2.84237,0.405065,1.19827e+24,23.9654,0,0
105ag,47,105,25.468,0.016,433.8,7/2+,2423.33,0.2,2397.86,3/2+,,,0,E2,0.729807,0.270193,0,1.43381,2416.45,1.00775,0.00188681,Weisskopf E2,0.5,1.26111,2.86955,0.412848,1.68935e+24,33.787,0,0
105ag,47,105,25.468,0.016,433.8,7/2+,2429.1,0.08,2403.63,(3/2+),,,0,E2,0.977072,0.0229278,0,1.95108,2428.52,1.01035,0.00190962,Weisskopf E2,0.5,1.27024,2.87646,0.414837,1.23552e+24,24.7103,0,0
105ag,47,105,25.468,0.016,433.8,7/2+,2494.8,0.3,2469.33,(3/2+:9/2-),,,1,E2,0.786477,0.213523,0,1.80543,2489.36,1.00811,0.00218527,Weisskopf E2,0.5,1.37727,2.95508,0.437825,1.26508e+24,25.3016,0,0
105ag,47,105,25.468,0.016,433.8,7/2+,2550.68,0.09,2525.21,(5/2-),,,1,E1,0.600924,0.399076,0,1.95825,2540.52,1.00606,23.5895,Weisskopf E1,0.75,21324.9,3.02195,6629.04,7.70338e+19,0.00154068,0,0
105ag,47,105,25.468,0.016,433.8,7/2+,2584.25,0.16,2558.78,(5/2+),,,1,M1,0.535454,0.464546,0,2.00242,2572.42,1.00533,0.617524,Weisskopf M1,0.75,543.69,3.06213,166.793,2.99409e+21,0.0598818,0,0
106ag,47,106,89.66,0.07,715392,6+,328.87,0.08,239.21,5+,,,1,M1,0,1,0,1,239.21,1,0.000504536,Weisskopf M1,0.846154,57.3437,0.284912,189.071,5.28901e+21,0.10578,0,0
106ag,47,106,89.66,0.07,715392,6+,332.66,0.08,243,7+,,,1,M1,0,1,0,1,243,1,0.000528899,Weisskopf M1,1.15385,79.4348,0.289426,257.824,3.87861e+21,0.0775722,0,0
106ag,47,106,89.66,0.07,715392,6+,449.11,0.05,359.45,(4)+,,,0,E2,1,0,0,2.98232,449.11,1.24944,1.4464e-07,Weisskopf E2,0.692308,0.00595681,0.428124,0.0130706,2.56538e+25,513.076,0,0
106ag,47,106,89.66,0.07,715392,6+,542.58,0.09,452.92,6,,,1,,0,1,0,1.67596,452.92,1,,unknown,1,,0.539452,,,,0,0
106ag,47,106,89.66,0.07,715392,6+,556.81,0.09,467.15,(5+),,,1,M1,0.775822,0.224178,0,3.32866,536.71,1.1489,0.00375771,Weisskopf M1,0.846154,111.986,0.556401,189.071,1.58893e+21,0.0317787,0,0
106ag,47,106,89.66,0.07,715392,6+,625.74,0.08,536.08,7+,,,1,M1,0,1,0,1.8547,536.08,1,0.00567862,Weisskopf M1,1.15385,175.24,0.6385,257.824,2.09123e+21,0.0418246,0,0
106ag,47,106,89.66,0.07,715392,6+,676.29,0.06,586.63,(5+),,,0,M1,0.987986,0.012014,0,3.97229,675.213,1.151,0.00744126,Weisskopf M1,0.846154,140.628,0.698708,189.071,1.33148e+21,0.0266295,0,0
106ag,47,106,89.66,0.07,715392,6+,712.15,0.07,622.49,(4+),,,0,E2,0.537634,0.462366,0,2.54534,670.694,1.07744,2.25299e-06,Weisskopf E2,0.692308,0.0309382,0.741419,0.0391997,1.00224e+25,200.448,0,0
106ag,47,106,89.66,0.07,715392,6+,721.5,0.3,631.84,7+,,,1,M1,0,1,0,1.5988,631.84,1,0.00929769,Weisskopf M1,1.15385,206.544,0.752555,257.824,2.42595e+21,0.0485189,0,0
106ag,47,106,89.66,0.07,715392,6+,765.24,0.08,675.58,6-,,,1,E1,1.11022e-16,1,0,1.09495,675.58,1,0.454569,Weisskopf E1,1,7655.08,0.804652,8937,1.02191e+20,0.00204382,0,0
106ag,47,106,89.66,0.07,715392,6+,773.5,0.11,683.84,(5+),,,0,M1,1,0,0,3.98232,773.5,1.13111,0.0117874,Weisskopf M1,0.846154,163.931,0.81449,189.071,1.32812e+21,0.0265625,0,0
106ag,47,106,89.66,0.07,715392,6+,816.49,0.08,726.83,(4+),,,0,E2,0.350649,0.649351,0,2.35429,758.269,1.04326,4.88946e-06,Weisskopf E2,0.692308,0.049249,0.865694,0.0534421,7.94798e+24,158.96,0,0
106ag,47,106,89.66,0.07,715392,6+,829.41,0.08,739.75,7-,,,1,E1,1.11022e-16,1,0,1.92135,739.75,1,0.596794,Weisskopf E1,1.15385,9671.76,0.881082,10311.9,5.04723e+19,0.00100945,0,0
106ag,47,106,89.66,0.07,715392,6+,874.24,0.08,784.58,8-,1.57e-10,,0,M2,0,1,0,2.65344,784.58,1,1.53399e-07,Weisskopf M2,1.30769,0.00250471,0.934477,0.00251791,1.49675e+26,2993.51,0,0
106ag,47,106,89.66,0.07,715392,6+,881.24,0.09,791.58,(6+),,,0,M1,0,1,0,2,791.58,1,0.0182826,Weisskopf M1,1,224.26,0.942814,223.448,2.23766e+21,0.0447532,0,0
106ag,47,106,89.66,0.07,715392,6+,887.68,0.08,798.02,(5+),,,0,M1,0.997521,0.00247908,0,4.1866,887.458,1.11207,0.0187325,Weisskopf M1,0.846154,191.302,0.950485,189.071,1.26332e+21,0.0252664,0,0
106ag,47,106,89.66,0.07,715392,6+,926.6,0.3,836.94,8-,,,0,M2,0,1,0,2,836.94,1,2.11889e-07,Weisskopf M2,1.30769,0.00304039,0.996841,0.00286519,1.74508e+26,3490.16,0,0
106ag,47,106,89.66,0.07,715392,6+,927.26,0.1,837.6,(6+),,,0,M1,0,1,0,2,837.6,1,0.0216603,Weisskopf M1,1,237.298,0.997627,223.448,2.23766e+21,0.0447532,0,0
106ag,47,106,89.66,0.07,715392,6+,933.18,0.1,843.52,(5+),,,0,M1,1,0,0,4.04877,933.18,1.10629,0.0221228,Weisskopf M1,0.846154,202.209,1.00468,189.071,1.30633e+21,0.0261265,0,0
106ag,47,106,89.66,0.07,715392,6+,961.76,0.09,872.1,8+,,,1,E2,0,1,0,1.60976,872.1,1,1.21598e-05,Weisskopf E2,1.30769,0.160696,1.03872,0.14533,4.27448e+24,85.4896,0,0
106ag,47,106,89.66,0.07,715392,6+,979.14,0.12,889.48,8+,,,0,E2,0,1,0,2.8547,889.48,1,1.34208e-05,Weisskopf E2,1.30769,0.170496,1.05942,0.151181,2.31709e+24,46.3418,0,0
106ag,47,106,89.66,0.07,715392,6+,1133.88,0.16,1044.22,(4+),,,0,E2,0,1,0,2,1044.22,1,2.99265e-05,Weisskopf E2,0.692308,0.146041,1.24372,0.110307,4.53282e+24,90.6564,0,0
107ag,47,107,93.125,0.019,44.3,7/2+,125.59,0.03,32.465,(9/2)+,2.85e-09,,1,M1,0,1,0,0.0793651,32.465,1,1.60083e-07,measured,1.25,1.45925,0.0384865,35.6181,3.53752e+23,7.07505,0,1
107ag,47,107,93.125,0.019,44.3,7/2+,324.81,0.03,231.685,3/2-,5e-12,,0,M2,1,0,0,0.982318,324.81,1.40195,3.46614e-10,Weisskopf M2,0.5,2.48155e-05,0.274657,8.48757e-05,1.1994e+28,239880,0,0
107ag,47,107,93.125,0.019,44.3,7/2+,423.15,0.024,330.025,5/2-,2.98e-11,,1,E1,0.997962,0.00203845,0,1.03189,422.96,1.2816,3.12086e-08,measured,0.75,0.00165175,0.391236,0.00396603,2.44348e+26,4886.96,0,0
107ag,47,107,93.125,0.019,44.3,7/2+,773.31,0.06,680.185,(11/2)+,1.5e-08,LT,1,E2,0,1,0,1.07445,680.185,1,3.5536e-06,Weisskopf E2,1.5,0.0885542,0.806342,0.103167,9.02138e+24,180.428,0,0
107ag,47,107,93.125,0.019,44.3,7/2+,786.59,0.25,693.465,3/2-,2.7e-13,,0,M2,0.999843,0.000156803,0,1.35644,786.575,1.13427,8.32682e-08,Weisskopf M2,0.5,0.000665431,0.822086,0.00076039,9.69533e+26,19390.7,0,0
107ag,47,107,93.125,0.019,44.3,7/2+,922.06,0.03,828.935,5/2+,6e-10,LE,1,M1,0.0321911,0.967809,0,1.05349,831.933,1.00362,0.020995,Weisskopf M1,0.75,176.132,0.982682,168.374,5.63759e+21,0.112752,0,0
107ag,47,107,93.125,0.019,44.3,7/2+,949.7,0.07,856.575,5/2-,1.36e-12,,1,E1,0.989408,0.010592,0,1.8784,948.714,1.10757,3.22411e-06,measured,0.75,0.0253305,1.01545,0.0234335,2.27183e+25,454.366,0,0
107ag,47,107,93.125,0.019,44.3,7/2+,973.3,0.3,880.175,(7/2)-,,,0,E1,0.998301,0.0016987,0,2.02363,973.142,1.10562,1.01157,Weisskopf E1,1,10036,1.04343,9035.44,5.46914e+19,0.00109383,0,0
107ag,47,107,93.125,0.019,44.3,7/2+,1143.06,0.08,1049.93,(5/2)-,,,1,E1,0.966829,0.0331705,0,2.00039,1139.97,1.08575,1.71702,Weisskopf E1,0.75,8978.73,1.24467,6776.58,7.3769e+19,0.00147538,0,0
107ag,47,107,93.125,0.019,44.3,7/2+,1146.9,0.5,1053.78,(9/2)-,,,0,E1,0.997962,0.00203845,0,2.03189,1146.71,1.08819,1.73593,Weisskopf E1,1.25,15019.3,1.24922,11294.3,4.35752e+19,0.000871504,0,0
107ag,47,107,93.125,0.019,44.3,7/2+,1223.01,0.05,1129.88,(5/2)+,,,1,M1,0.505731,0.494269,0,1.62464,1176.98,1.04168,0.0531688,Weisskopf M1,0.75,240.078,1.33945,168.374,3.65567e+21,0.0731134,0,0
107ag,47,107,93.125,0.019,44.3,7/2+,1258.89,0.24,1165.77,(3/2)+,,,1,E2,0.230769,0.769231,0,1.13601,1187.26,1.01843,5.25519e-05,Weisskopf E2,0.5,0.148607,1.38199,0.101015,8.71425e+24,174.285,0,0
107ag,47,107,93.125,0.019,44.3,7/2+,1325.8,0.3,1232.67,(3/2)+,,,1,E2,0.145299,0.854701,0,1,1246.21,1.01098,6.94667e-05,Weisskopf E2,0.5,0.175692,1.46131,0.112944,8.85397e+24,177.079,0,0
107ag,47,107,93.125,0.019,44.3,7/2+,1464.7,1,1371.58,(3/2)-,6e-13,LT,0,M2,1,0,0,1.98232,1464.7,1.0679,2.52031e-06,Weisskopf M2,0.5,0.00514859,1.62597,0.00297459,1.6959e+26,3391.8,0,0
107ag,47,107,93.125,0.019,44.3,7/2+,2026,5,1932.88,5/2+,,,0,M1,0,0,1,0,0,0,0.266174,Weisskopf M1,0.75,410.697,2.29138,168.374,,,0,0
108ag,47,108,109.466,0.007,1.38535e+10,6+,155.9,0.007,46.434,5+ 6+,,,1,,0,1,0,0.12987,46.434,1,,unknown,1,,0.0547909,,,,0,1
108ag,47,108,109.466,0.007,1.38535e+10,6+,364.97,0.19,255.504,,,,1,,0.00990099,0.990099,0,1.0191,256.588,1.00424,,unknown,1,,0.301488,,,,0,0
108ag,47,108,109.466,0.007,1.38535e+10,6+,374.56,0.15,265.094,(7+),,,1,M1,0,1,0,1,265.094,1,0.000686679,Weisskopf M1,1.15385,86.6572,0.312804,260.245,3.84253e+21,0.0768506,0,0
108ag,47,108,109.466,0.007,1.38535e+10,6+,438.71,0.23,329.244,(6-),,,1,E1,0,1,0,1,329.244,1,0.0532764,Weisskopf E1,1,3777.48,0.388499,9134.04,1.09481e+20,0.00218961,0,0
108ag,47,108,109.466,0.007,1.38535e+10,6+,497.25,0.19,387.784,(7-),,,1,E1,0,1,0,1.70899,387.784,1,0.0870465,Weisskopf E1,1.15385,5133.6,0.457575,10539.3,5.55199e+19,0.0011104,0,0
108ag,47,108,109.466,0.007,1.38535e+10,6+,522.47,0.17,413.004,(6+),,,1,M1,0.00270027,0.9973,0,1.87066,413.3,1.00072,0.00259667,Weisskopf M1,1,117.007,0.487334,225.546,2.37011e+21,0.0474023,0,0
108ag,47,108,109.466,0.007,1.38535e+10,6+,532.95,0.23,423.484,(8-),,,0,M2,0,1,0,2.49929,423.484,1,7.11598e-09,Weisskopf M2,1.30769,0.000398813,0.4997,0.000749739,5.3367e+26,10673.4,0,0
108ag,47,108,109.466,0.007,1.38535e+10,6+,587.375,0.005,477.909,(4)-,,,0,M2,0.186491,0.813509,0,1.99942,498.323,1.04272,1.30249e-08,Weisskopf M2,0.692308,0.00030345,0.56392,0.000505499,9.89406e+26,19788.1,0,0
108ag,47,108,109.466,0.007,1.38535e+10,6+,733.5,0.2,624.034,(7+),,,1,M1,0,1,0,1.50761,624.034,1,0.00895733,Weisskopf M1,1.15385,203.992,0.736344,260.245,2.54875e+21,0.050975,0,0
108ag,47,108,109.466,0.007,1.38535e+10,6+,800.22,0.22,690.754,(7+),,,0,M1,0.00109297,0.998907,0,2.35241,690.874,1.00017,0.0121485,Weisskopf M1,1.15385,225.802,0.815072,260.245,1.63344e+21,0.0326688,0,0
108ag,47,108,109.466,0.007,1.38535e+10,6+,808.68,0.2,699.214,(8+),,,1,E2,0,1,0,1.97155,699.214,1,4.1302e-06,Weisskopf E2,1.30769,0.0849101,0.825054,0.0966779,5.24645e+24,104.929,0,0
108ag,47,108,109.466,0.007,1.38535e+10,6+,917.71,0.24,808.244,(8+),,,0,E2,0.00246322,0.997537,0,2.94172,808.514,1.00033,8.52379e-06,Weisskopf E2,1.30769,0.131146,0.953707,0.129179,2.63152e+24,52.6305,0,0
108ag,47,108,109.466,0.007,1.38535e+10,6+,1096.52,0.21,987.054,(8+),,,1,E2,0,1,0,1.68493,987.054,1,2.31539e-05,Weisskopf E2,1.30769,0.238865,1.1647,0.192659,3.08055e+24,61.6111,0,0
109ag,47,109,88.0337,0.001,39.79,7/2+,132.762,0.008,44.7283,9/2+,2.6e-09,,1,M1,0,1,0,0.178571,44.7283,1,1.75476e-07,measured,1.25,0.842687,0.0525356,15.0683,3.71642e+23,7.43284,0,1
109ag,47,109,88.0337,0.001,39.79,7/2+,311.378,0.006,223.344,3/2-,5.9e-12,,0,M2,1,0,0,0.980392,311.378,1.39416,2.92141e-10,Weisskopf M2,0.5,2.25069e-05,0.262329,8.05973e-05,1.26555e+28,253110,0,0
109ag,47,109,88.0337,0.001,39.79,7/2+,415.193,0.008,327.159,5/2-,3.34e-11,,1,E1,0.995823,0.00417663,0,1.04233,414.825,1.26796,5.01009e-08,measured,0.75,0.0026983,0.384265,0.00659646,1.4544e+26,2908.8,0,0
109ag,47,109,88.0337,0.001,39.79,7/2+,697.38,0.14,609.346,,,,1,,0,1,0,1.1672,609.346,1,,unknown,1,,0.715707,,,,0,0
109ag,47,109,88.0337,0.001,39.79,7/2+,701.877,0.009,613.843,3/2-,2.7e-13,,0,M2,0.999832,0.00016817,0,1.23454,701.862,1.14339,4.58148e-08,Weisskopf M2,0.5,0.000467265,0.720989,0.000608815,1.33048e+27,26609.6,0,0
109ag,47,109,88.0337,0.001,39.79,7/2+,724.381,0.006,636.347,3/2+,3.2e-09,,1,E2,0.509154,0.490846,0,1.50477,681.17,1.07044,6.98696e-08,measured,0.5,0.000663091,0.747421,0.000833409,7.97389e+26,15947.8,0,0
109ag,47,109,88.0337,0.001,39.79,7/2+,735.32,0.007,647.286,5/2+,,,1,M1,0.027863,0.972137,0,1.0676,649.739,1.00379,0.00999639,Weisskopf M1,0.75,137.535,0.760269,169.941,5.51182e+21,0.110236,0,0
109ag,47,109,88.0337,0.001,39.79,7/2+,773.42,0.12,685.386,11/2+,,,0,E2,0,1,0,1.17531,685.386,1,3.78385e-06,Weisskopf E2,1.5,0.0928662,0.80502,0.108368,7.85136e+24,157.027,0,0
109ag,47,109,88.0337,0.001,39.79,7/2+,862.633,0.009,774.599,5/2-,1.39e-12,,0,E1,0.997839,0.00216088,0,1.9144,862.443,1.11341,0.698042,Weisskopf E1,0.75,6706.43,0.909805,6924.59,7.54352e+19,0.0015087,0,0
109ag,47,109,88.0337,0.001,39.79,7/2+,869.426,0.006,781.392,5/2+,,,1,M1,0.193385,0.806615,0,1.3337,798.417,1.02179,0.0175858,Weisskopf M1,0.75,166.03,0.917783,169.941,4.41208e+21,0.0882416,0,0
109ag,47,109,88.0337,0.001,39.79,7/2+,910.902,0.011,822.868,7/2+,,,1,M1,0,1,0,1.14963,822.868,1,0.0205374,Weisskopf M1,1,233.124,0.966499,226.588,3.8389e+21,0.0767779,0,0
109ag,47,109,88.0337,0.001,39.79,7/2+,912.205,0.025,824.171,7/2-,,,0,E1,0.996657,0.00334291,0,2.02429,911.911,1.10646,0.840819,Weisskopf E1,1,9514.16,0.968029,9232.78,5.3505e+19,0.0010701,0,0
109ag,47,109,88.0337,0.001,39.79,7/2+,929,8,840.966,(9/2+),,,0,M1,0,0,1,0,0,0,0.0219225,Weisskopf M1,1.25,297.814,0.987756,283.235,,,0,0
109ag,47,109,88.0337,0.001,39.79,7/2+,1090.7,0.5,1002.67,9/2-,1.9e-12,,0,E1,0.995823,0.00417663,0,2.03958,1090.33,1.08743,1.51398,Weisskopf E1,1.25,14468.4,1.17768,11541,4.24832e+19,0.000849664,0,0
109ag,47,109,88.0337,0.001,39.79,7/2+,1099.11,0.04,1011.08,(5/2 7/2-),,,1,,0.622665,0.377335,0,1.85588,1065.89,1.05422,,unknown,1,,1.18756,,,,0,0
109ag,47,109,88.0337,0.001,39.79,7/2+,1324.2,0.7,1236.17,3/2-,3.1e-13,,0,M2,0.99973,0.00026956,0,1.8568,1324.18,1.0712,1.51741e-06,Weisskopf M2,0.5,0.00381612,1.45194,0.00246902,2.18128e+26,4362.55,0,0
109ag,47,109,88.0337,0.001,39.79,7/2+,1500,5,1411.97,3/2-,,,0,M2,0,0,1,0,0,0,2.95012e-06,Weisskopf M2,0.5,0.00568675,1.65842,0.00322121,,,0,0
109ag,47,109,88.0337,0.001,39.79,7/2+,1839,5,1750.97,(5/2)-,,,0,E1,0,0,1,0,0,0,8.06275,Weisskopf E1,0.75,15159.8,2.0566,6924.59,,,0,0
109ag,47,109,88.0337,0.001,39.79,7/2+,2043,11,1954.97,(9/2+),,,0,M1,0,0,1,0,0,0,0.275405,Weisskopf M1,1.25,692.319,2.2962,283.235,,,0,0
109ag,47,109,88.0337,0.001,39.79,7/2+,2185,10,2096.97,(9/2+),,,0,M1,0,0,1,0,0,0,0.339882,Weisskopf M1,1.25,742.606,2.46299,283.235,,,0,0
110ag,47,110,117.59,0.05,2.15882e+07,6+,242.09,0.21,124.5,(6-),,,1,E1,0,1,0,1,124.5,1,0.0029161,Weisskopf E1,1,1445.99,0.145565,9331.68,1.07162e+20,0.00214324,0,0
111ag,47,111,59.82,0.04,64.8,7/2+,130.28,0.05,70.46,9/2+,1.22e-09,,1,M1,0,1,0,0.458716,70.46,1,3.73965e-07,measured,1.25,0.723701,0.0820098,8.2898,2.62974e+23,5.25947,0,1
111ag,47,111,59.82,0.04,64.8,7/2+,289.71,0.05,229.89,3/2-,,,0,M2,1,0,0,1,289.71,1.26021,3.41651e-10,Weisskopf M2,0.5,2.48437e-05,0.267573,8.72215e-05,1.14651e+28,229301,0,0
111ag,47,111,59.82,0.04,64.8,7/2+,376.71,0.05,316.89,3/2+,1.6e-08,,1,E2,0.967499,0.0325013,0,1.03076,374.766,1.18264,9.26771e-10,measured,0.5,3.54673e-05,0.368834,9.03332e-05,1.07398e+28,214795,0,0
111ag,47,111,59.82,0.04,64.8,7/2+,391.28,0.05,331.46,5/2-,,,0,E1,1,0,0,1.03426,391.28,1.18047,0.0553615,Weisskopf E1,0.75,2904.76,0.385793,7073.04,1.36698e+20,0.00273397,0,0
111ag,47,111,59.82,0.04,64.8,7/2+,545.72,0.06,485.9,7/2+,,,1,M1,0.232966,0.767034,0,1.47185,499.836,1.02868,0.00422858,Weisskopf M1,1,137.659,0.565548,228.657,2.97134e+21,0.0594268,0,0
111ag,47,111,59.82,0.04,64.8,7/2+,568.67,0.19,508.85,5/2+,,,1,M1,0.047619,0.952381,0,1.04762,511.699,1.0056,0.0048565,Weisskopf M1,0.75,108.12,0.59226,171.493,5.5661e+21,0.111322,0,0
111ag,47,111,59.82,0.04,64.8,7/2+,568.8,0.2,508.98,5/2+,,,1,M1,0,1,0,1.09174,508.98,1,0.00486022,Weisskopf M1,0.75,108.148,0.592412,171.493,5.34114e+21,0.106823,0,0
111ag,47,111,59.82,0.04,64.8,7/2+,606.87,0.06,547.05,5/2+,,,1,M1,0.078681,0.921319,0,1.15262,551.757,1.0086,0.00603441,Weisskopf M1,0.75,116.237,0.636722,171.493,5.05903e+21,0.101181,0,0
111ag,47,111,59.82,0.04,64.8,7/2+,641.93,0.07,582.11,3/2-,,,0,M2,1,0,0,1.29094,641.93,1.10276,3.55638e-08,Weisskopf M2,0.5,0.000403339,0.677529,0.000559234,1.38516e+27,27703.2,0,0
111ag,47,111,59.82,0.04,64.8,7/2+,683.05,0.07,623.23,9/2+,,,1,M1,0,1,0,1.02515,623.23,1,0.00892275,Weisskopf M1,1.25,220.707,0.725389,285.821,3.41287e+21,0.0682573,0,0
111ag,47,111,59.82,0.04,64.8,7/2+,705.42,0.09,645.6,11/2(+),,,1,E2,0,1,0,1.43275,645.6,1,2.87477e-06,Weisskopf E2,1.5,0.079519,0.751426,0.0994111,7.02093e+24,140.419,0,0
111ag,47,111,59.82,0.04,64.8,7/2+,710.29,0.07,650.47,(5/2+ 7/2+),,,1,,1.11022e-16,1,0,1.28341,650.47,1,,unknown,1,,0.757095,,,,0,0
111ag,47,111,59.82,0.04,64.8,7/2+,809.17,0.09,749.35,5/2-,,,0,E1,1,0,0,1.94797,809.17,1.07983,0.639689,Weisskopf E1,0.75,6566.95,0.872183,7073.04,7.25791e+19,0.00145158,0,0
111ag,47,111,59.82,0.04,64.8,7/2+,845.88,0.08,786.06,7/2-,,,0,E1,1,0,0,2.02834,845.88,1.0761,0.738383,Weisskopf E1,1,9184.87,0.91491,9430.73,5.22775e+19,0.00104555,0,0
111ag,47,111,59.82,0.04,64.8,7/2+,876.63,0.08,816.81,9/2+,,,1,M1,1.11022e-16,1,0,1.47125,816.81,1,0.0200871,Weisskopf M1,1.25,289.26,0.950701,285.821,2.37804e+21,0.0475608,0,0
111ag,47,111,59.82,0.04,64.8,7/2+,958.96,0.11,899.14,11/2+,,,0,E2,0.225742,0.774258,0,2.44043,912.644,1.01502,1.50634e-05,Weisskopf E2,1.5,0.214814,1.04653,0.192825,2.12506e+24,42.5011,0,0
111ag,47,111,59.82,0.04,64.8,7/2+,986.82,0.08,927,5/2-,,,0,E1,1,0,0,2.05259,986.82,1.06453,1.21103,Weisskopf E1,0.75,8123.78,1.07895,7073.04,6.88798e+19,0.0013776,0,0
111ag,47,111,59.82,0.04,64.8,7/2+,1013.06,0.12,953.24,9/2+,,,0,M1,0.0578341,0.942166,0,2.16458,956.7,1.00363,0.0319272,Weisskopf M1,1.25,337.574,1.10949,285.821,1.61634e+21,0.0323268,0,0
111ag,47,111,59.82,0.04,64.8,7/2+,1023.98,0.08,964.16,9/2-,,,0,E1,0.981354,0.0186457,0,2.02353,1022.86,1.06089,1.36258,Weisskopf E1,1.25,14082.4,1.1222,11788.4,4.19214e+19,0.000838427,0,0
111ag,47,111,59.82,0.04,64.8,7/2+,1062.27,0.15,1002.45,3/2+,,,1,E2,0.526489,0.473511,0,1.61462,1033.94,1.03142,2.59477e-05,Weisskopf E2,0.5,0.0992309,1.16677,0.0798936,7.75205e+24,155.041,0,0
111ag,47,111,59.82,0.04,64.8,7/2+,1085.48,0.08,1025.66,(7/2+),,,0,M1,0.0137692,0.986231,0,1.78588,1026.48,1.0008,0.0397708,Weisskopf M1,1,290.576,1.19379,228.657,2.44885e+21,0.048977,0,0
111ag,47,111,59.82,0.04,64.8,7/2+,1086.64,0.1,1026.82,(3/2+ 5/2+),,,1,,0.810955,0.189045,0,2.022,1075.33,1.04724,,unknown,1,,1.19514,,,,0,0
111ag,47,111,59.82,0.04,64.8,7/2+,1119.68,0.1,1059.86,(3/2+),,,1,E2,0.413887,0.586113,0,1.42961,1084.62,1.02336,3.4279e-05,Weisskopf E2,0.5,0.117275,1.23359,0.0893066,7.83246e+24,156.649,0,0
111ag,47,111,59.82,0.04,64.8,7/2+,1125.35,0.09,1065.53,11/2+,,,0,E2,-2.22045e-16,1,0,2.12809,1065.53,1,3.52058e-05,Weisskopf E2,1.5,0.357501,1.24019,0.270794,1.73528e+24,34.7056,0,0
111ag,47,111,59.82,0.04,64.8,7/2+,1153.41,0.08,1093.59,7/2-,,,0,E1,0.917603,0.082397,0,2.09199,1148.48,1.05019,1.98828,Weisskopf E1,1,12778.3,1.27285,9430.73,5.0687e+19,0.00101374,0,0
111ag,47,111,59.82,0.04,64.8,7/2+,1180.16,0.1,1120.34,5/2+,,,1,M1,0.259665,0.740335,0,1.48134,1135.87,1.01386,0.0518326,Weisskopf M1,0.75,238.05,1.30399,171.493,3.93641e+21,0.0787281,0,0
111ag,47,111,59.82,0.04,64.8,7/2+,1210.38,0.09,1150.56,3/2+,,,0,E2,0.450158,0.549842,0,2.06207,1177.49,1.0234,5.16812e-05,Weisskopf E2,0.5,0.150033,1.33916,0.105246,4.60778e+24,92.1556,0,0
111ag,47,111,59.82,0.04,64.8,7/2+,1276.6,0.5,1216.78,9/2+,,,0,M1,0.232966,0.767034,0,2.47185,1230.72,1.01145,0.0664033,Weisskopf M1,1.25,430.902,1.41623,285.821,1.41541e+21,0.0283083,0,0
111ag,47,111,59.82,0.04,64.8,7/2+,1376.8,0.3,1316.98,7/2-,,,0,E1,1,0,0,2.4133,1376.8,1.04542,3.47258,Weisskopf E1,1,15388.5,1.53286,9430.73,4.39383e+19,0.000878767,0,0
111ag,47,111,59.82,0.04,64.8,7/2+,1417.91,0.11,1358.09,5/2-,,,0,E1,1,0,0,2,1417.91,1.04405,3.80803,Weisskopf E1,0.75,11901.7,1.58071,7073.04,7.06909e+19,0.00141382,0,0
111ag,47,111,59.82,0.04,64.8,7/2+,1441.9,0.5,1382.08,(5/2-),,,0,E1,1,0,0,2.29094,1441.9,1.04328,4.01341,Weisskopf E1,0.75,12111.9,1.60863,7073.04,6.17134e+19,0.00123427,0,0
111ag,47,111,59.82,0.04,64.8,7/2+,1518.68,0.09,1458.86,5/2+ 7/2+,,,1,,0.00294315,0.997057,0,1.41067,1459.04,1.00012,,unknown,1,,1.698,,,,0,0
111ag,47,111,59.82,0.04,64.8,7/2+,1602.5,0.4,1542.68,5/2+,,,1,M1,0.259259,0.740741,0,1.25926,1558.19,1.01005,0.135326,Weisskopf M1,0.75,327.789,1.79555,171.493,4.63062e+21,0.0926124,0,0
111ag,47,111,59.82,0.04,64.8,7/2+,1621.3,0.4,1561.48,3/2+,,,0,E2,0.0510916,0.948908,0,2.13127,1564.54,1.00196,0.00023794,Weisskopf E2,0.5,0.375032,1.81744,0.193847,2.42048e+24,48.4095,0,0
111ag,47,111,59.82,0.04,64.8,7/2+,1674.5,0.4,1614.68,(3/2)-,,,0,M2,0.448312,0.551688,0,2.09139,1641.5,1.01661,5.84003e-06,Weisskopf M2,0.5,0.00860825,1.87936,0.00430285,1.11124e+26,2222.48,0,0
111ag,47,111,59.82,0.04,64.8,7/2+,1705.11,0.11,1645.29,(5/2+ 7/2+),,,1,,0.00812668,0.991873,0,1.44029,1645.78,1.0003,,unknown,1,,1.91498,,,,0,0
111ag,47,111,59.82,0.04,64.8,7/2+,1705.86,0.14,1646.04,(9/2-),,,0,E1,0.548452,0.451548,0,2.82596,1678.85,1.01993,6.78009,Weisskopf E1,1.25,24041.8,1.91586,11788.4,3.00178e+19,0.000600357,0,0
111ag,47,111,59.82,0.04,64.8,7/2+,1781.67,0.15,1721.85,(9/2+ 11/2+),,,1,,0,1,0,1.38597,1721.85,1,,unknown,1,,2.00409,,,,0,0
111ag,47,111,59.82,0.04,64.8,7/2+,1964.7,0.4,1904.88,,,,1,,0,1,0,2.13105,1904.88,1,,unknown,1,,2.21713,,,,0,0
111ag,47,111,59.82,0.04,64.8,7/2+,1965.8,0.6,1905.98,,,,1,,0.270228,0.729772,0,1.5572,1922.15,1.00848,,unknown,1,,2.21841,,,,0,0
111ag,47,111,59.82,0.04,64.8,7/2+,1985,9,1925.18,5/2+,,,0,M1,0,0,1,0,0,0,0.263007,Weisskopf M1,0.75,409.062,2.24075,171.493,,,0,0
111ag,47,111,59.82,0.04,64.8,7/2+,2093,10,2033.18,7/2+,,,0,M1,0,0,1,0,0,0,0.3098,Weisskopf M1,1,576.013,2.36646,228.657,,,0,0
113ag,47,113,43.5,0.1,68.7,7/2+,139.3,0.15,95.8,9/2+,,,1,M1,0,1,0,0.67659,95.8,1,3.24079e-05,Weisskopf M1,1.25,33.926,0.110512,288.385,5.1251e+21,0.102502,0,1
113ag,47,113,43.5,0.1,68.7,7/2+,222.08,0.13,178.58,3/2+,2.3e-08,,0,E2,1,0,0,0.983671,222.08,1.24359,4.7675e-09,Weisskopf E2,0.5,0.000574511,0.206005,0.00261982,3.88043e+26,7760.85,0,0
113ag,47,113,43.5,0.1,68.7,7/2+,270.82,0.14,227.32,(3/2-),,,0,M2,1,0,0,1,270.82,1.19136,3.26844e-10,Weisskopf M2,0.5,2.43074e-05,0.26223,8.70776e-05,1.1484e+28,229680,0,0
113ag,47,113,43.5,0.1,68.7,7/2+,366.84,0.2,323.34,(5/2-),,,0,E1,1,0,0,1.43182,366.84,1.13453,0.0520071,Weisskopf E1,0.75,2867.53,0.372996,7221.95,9.6707e+19,0.00193414,0,0
113ag,47,113,43.5,0.1,68.7,7/2+,369.8,0.17,326.3,7/2+,8e-10,LT,1,M1,0.498536,0.501464,0,1.54859,347.986,1.06646,0.00128057,Weisskopf M1,1,92.443,0.376411,230.708,2.799e+21,0.05598,0,0
113ag,47,113,43.5,0.1,68.7,7/2+,476.7,0.14,433.2,5/2+,5e-10,LT,1,M1,0.772727,0.227273,0,1.80167,466.814,1.07759,0.00299653,Weisskopf M1,0.75,92.0463,0.499728,173.031,3.20776e+21,0.0641553,0,0
113ag,47,113,43.5,0.1,68.7,7/2+,526.16,0.16,482.66,,,,1,,0.0150234,0.984977,0,1.12654,483.314,1.00135,,unknown,1,,0.556784,,,,0,0
113ag,47,113,43.5,0.1,68.7,7/2+,611.31,0.25,567.81,(3/2-),,,1,M2,0,1,0,1.04426,567.81,1,3.1781e-08,Weisskopf M2,0.5,0.000378822,0.65501,0.000543297,1.7626e+27,35251.9,0,0
113ag,47,113,43.5,0.1,68.7,7/2+,781.79,0.2,738.29,(5/2-),,,0,E1,1,0,0,1.97966,781.79,1.05892,0.619107,Weisskopf E1,0.75,6547.51,0.851671,7221.95,6.99448e+19,0.0013989,0,0
113ag,47,113,43.5,0.1,68.7,7/2+,783.16,0.14,739.66,(3/2 5/2 7/2),,,1,,0.000366425,0.999634,0,1.39419,739.676,1.00002,,unknown,1,,0.853252,,,,0,0
115ag,47,115,41.16,0.1,18,7/2+,166.56,0.12,125.4,9/2+,,,1,M1,0,1,0,0.818331,125.4,1,7.26853e-05,Weisskopf M1,1.25,44.4083,0.143395,290.926,4.20039e+21,0.0840077,0,0
115ag,47,115,41.16,0.1,18,7/2+,285.5,0.5,244.34,(11/2+),,,0,E2,0,1,0,1.81833,244.34,1,2.34023e-08,Weisskopf E2,1.5,0.00451922,0.279402,0.0151944,3.61945e+25,723.89,0,0
115ag,47,115,41.16,0.1,18,7/2+,303.84,0.08,262.68,(3/2)+,5.2e-09,,1,E2,0.986959,0.0130414,0,1.01184,303.303,1.15465,1.14423e-09,measured,0.5,6.3728e-05,0.300374,0.000199305,4.95873e+27,99174.5,0,0
115ag,47,115,41.16,0.1,18,7/2+,414.11,0.11,372.95,(7/2)+,1.6e-09,,1,M1,0.255283,0.744717,0,1.38414,383.457,1.02817,1.25109e-07,measured,1,0.00691338,0.426468,0.0152284,4.74422e+25,948.844,0,0
115ag,47,115,41.16,0.1,18,7/2+,564.91,0.13,523.75,,,,1,,0,1,0,1.40917,523.75,1,,unknown,1,,0.598907,,,,0,0
115ag,47,115,41.16,0.1,18,7/2+,597.41,0.1,556.25,(5/2+),8e-10,LT,1,M1,0.146356,0.853644,0,1.22485,562.274,1.01083,0.00634401,Weisskopf M1,0.75,118.192,0.636071,174.555,4.6772e+21,0.0935439,0,0
115ag,47,115,41.16,0.1,18,7/2+,664.16,0.16,623,(11/2+),,,0,E2,0,1,0,1.81833,623,1,2.52189e-06,Weisskopf E2,1.5,0.0749108,0.712399,0.0987805,5.56744e+24,111.349,0,0
115ag,47,115,41.16,0.1,18,7/2+,787.94,0.08,746.78,,,,1,,0.75,0.25,0,1.58031,777.65,1.04134,,unknown,1,,0.853941,,,,0,0
116ag,47,116,47.9,0.1,20,(3+),91.06,0.15,43.16,(1)-,,,0,M2,1,0,0,0.646831,91.06,2.10982,8.20628e-14,Weisskopf M2,0.428571,1.45114e-07,0.0491402,2.77411e-06,5.57296e+29,1.11459e+07,0,1
116ag,47,116,47.9,0.1,20,(3+),114.73,0.09,66.83,1+,,,0,E2,1,0,0,0.934665,114.73,1.71674,3.62374e-11,Weisskopf E2,0.428571,2.67264e-05,0.0760899,0.000329962,3.2425e+27,64850.1,0,1
116ag,47,116,47.9,0.1,20,(3+),129.8,0.22,81.9,(6-),9.3,,1,E3,0,1,0,0.0260417,81.9,1,4.90578e-17,measured,1.85714,1.04397e-10,0.0932479,1.05172e-09,3.65116e+34,7.30232e+11,0,1
116ag,47,116,47.9,0.1,20,(3+),393.42,0.24,345.52,1+,,,0,E2,1,0,0,2.61594,393.42,1.13863,1.33864e-07,Weisskopf E2,0.428571,0.00369356,0.393395,0.00881997,4.33416e+25,866.832,0,0
117ag,47,117,28.6,0.2,5.34,(7/2+),247.5,0.05,218.9,(3/2-),,,0,M2,1,0,0,0.965531,247.5,1.13065,2.76983e-10,Weisskopf M2,0.5,2.22144e-05,0.248163,8.40907e-05,1.23165e+28,246329,0,0
117ag,47,117,28.6,0.2,5.34,(7/2+),323.9,0.05,295.3,(5/2-),,,0,E1,1,0,0,1.09076,323.9,1.09685,0.0405459,Weisskopf E1,0.75,2680.3,0.334776,7521.07,1.21896e+20,0.00243793,0,0
118ag,47,118,127.63,0.1,2,4(+),279.37,0.2,151.74,(2+ 3+),1e-07,AP,1,,0,1,0,1,151.74,1,,unknown,1,,0.171295,,,,0,0
111cd,48,111,396.214,0.021,2910,11/2-,416.72,0.03,20.506,7/2+,1.2e-10,,0,M2,1,0,0,1.84337,416.72,20.3219,1.92924e-15,Weisskopf M2,0.666667,2.35092e-08,0.0238673,9.25303e-07,5.86279e+29,1.17256e+07,1,1
111cd,48,111,396.214,0.021,2910,11/2-,680.48,0.05,284.266,(9/2)-,,,1,M1,0,1,0,1,284.266,1,0.000846698,Weisskopf M1,0.833333,67.112,0.330863,190.547,5.24804e+21,0.104961,0,0
111cd,48,111,396.214,0.021,2910,11/2-,704.93,0.1,308.716,7/2+,,,0,M2,0,1,0,2,308.716,1,1.49203e-09,Weisskopf M2,0.666667,8.0218e-05,0.35932,0.00020972,2.38413e+27,47682.6,0,0
111cd,48,111,396.214,0.021,2910,11/2-,831.26,0.09,435.046,(7/2-),,,1,E2,0,1,0,1,435.046,1,3.99449e-07,Weisskopf E2,0.666667,0.0108144,0.506358,0.020063,4.9843e+25,996.86,0,0
111cd,48,111,396.214,0.021,2910,11/2-,853.94,0.07,457.726,7/2+,,,0,M2,1,0,0,2.18399,853.94,1.86561,1.06908e-08,Weisskopf M2,0.666667,0.000261463,0.532756,0.000461034,9.93151e+26,19863,0,0
111cd,48,111,396.214,0.021,2910,11/2-,967.9,0.07,571.686,15/2-,,,1,E2,0,1,0,1,571.686,1,1.56521e-06,Weisskopf E2,1.33333,0.0490795,0.665396,0.06929,1.44321e+25,288.642,0,0
111cd,48,111,396.214,0.021,2910,11/2-,986.53,0.09,590.316,9/2+,,,0,E1,1,0,0,2.58991,986.53,1.67119,0.312729,Weisskopf E1,0.833333,5748.05,0.68708,7858.94,4.91305e+19,0.000982609,0,0
111cd,48,111,396.214,0.021,2910,11/2-,1046.76,0.07,650.546,(7/2+),,,0,M2,1,0,0,2.06469,1046.76,1.60905,6.19973e-08,Weisskopf M2,0.666667,0.000750634,0.757183,0.000931275,5.20076e+26,10401.5,0,0
111cd,48,111,396.214,0.021,2910,11/2-,1118.41,0.07,722.196,7/2+,,,0,M2,1,0,0,2.17004,1118.41,1.54862,1.04534e-07,Weisskopf M2,0.666667,0.00102697,0.840578,0.00114771,4.01513e+26,8030.27,0,0
111cd,48,111,396.214,0.021,2910,11/2-,1256.59,0.09,860.376,11/2+,,,0,E1,1,0,0,2.87892,1256.59,1.46051,0.968232,Weisskopf E1,1,10053.2,1.00141,9430.73,3.6832e+19,0.00073664,0,0
111cd,48,111,396.214,0.021,2910,11/2-,1288.89,0.25,892.676,,,,1,,0,1,0,1.97521,892.676,1,,unknown,1,,1.039,,,,0,0
111cd,48,111,396.214,0.021,2910,11/2-,1339.72,0.12,943.506,(13/2-),,,1,M1,0,1,0,1.03195,943.506,1,0.0309591,Weisskopf M1,1.16667,311.852,1.09816,266.766,3.63255e+21,0.072651,0,0
111cd,48,111,396.214,0.021,2910,11/2-,1506.05,0.1,1109.84,(9/2-),,,1,M1,0,1,0,1.64516,1109.84,1,0.0503884,Weisskopf M1,0.833333,262.02,1.29176,190.547,3.18998e+21,0.0637996,0,0
111cd,48,111,396.214,0.021,2910,11/2-,1565.72,0.1,1169.51,(11/2-),,,1,M1,0,1,0,1.375,1169.51,1,0.0589605,Weisskopf M1,1,331.329,1.36121,228.657,3.18063e+21,0.0636125,0,0
111cd,48,111,396.214,0.021,2910,11/2-,1800.94,0.14,1404.73,(7/2-),,,1,E2,0,1,0,1.74429,1404.73,1,0.000140199,Weisskopf E2,0.666667,0.36406,1.63499,0.209174,2.74078e+24,54.8155,0,0
111cd,48,111,396.214,0.021,2910,11/2-,1921.1,1,1524.89,(13/2+),,,0,E1,1,0,0,3.58991,1921.1,1.25983,5.39047,Weisskopf E1,1.16667,20787.5,1.77484,11002.5,2.53177e+19,0.000506354,0,0
111cd,48,111,396.214,0.021,2910,11/2-,1971.8,0.12,1575.59,7/2-,,,1,E2,0,1,0,1.51923,1575.59,1,0.000248884,Weisskopf E2,0.666667,0.513717,1.83385,0.263154,2.5013e+24,50.0261,0,0
111cd,48,111,396.214,0.021,2910,11/2-,2195.7,1,1799.49,(15/2+),,,0,M2,1,0,0,3.87892,2195.7,1.22018,1.00398e-05,Weisskopf M2,1.33333,0.0317738,2.09446,0.0142511,1.80901e+25,361.802,0,0
113cd,48,113,263.54,0.03,4.38326e+08,11/2-,458.633,0.017,195.093,7/2+,,,0,M2,1,0,0,1.84931,458.633,2.35084,1.52181e-10,Weisskopf M2,0.666667,2.04875e-05,0.225054,8.55172e-05,6.32321e+27,126464,0,0
113cd,48,113,263.54,0.03,4.38326e+08,11/2-,522.259,0.024,258.719,7/2-,3.22e-10,,1,E2,0.0116955,0.988304,0,0.961489,261.801,1.01191,1.40032e-06,measured,0.666667,0.107197,0.298451,0.33741,3.08246e+24,61.6492,0,0
113cd,48,113,263.54,0.03,4.38326e+08,11/2-,638.19,0.03,374.65,9/2-,,,1,M1,0.00128387,0.998716,0,1.09352,374.988,1.0009,0.00193834,Weisskopf M1,0.833333,88.4507,0.432186,192.256,4.75657e+21,0.0951314,0,0
113cd,48,113,263.54,0.03,4.38326e+08,11/2-,815.34,0.03,551.8,15/2-,,,1,E2,0,1,0,0.994985,551.8,1,1.34287e-06,Weisskopf E2,1.33333,0.0451974,0.636542,0.0667017,1.50677e+25,301.353,0,0
113cd,48,113,263.54,0.03,4.38326e+08,11/2-,816.707,0.022,553.167,7/2+,,,0,M2,1,0,0,2.2064,816.707,1.47642,2.78891e-08,Weisskopf M2,0.666667,0.000467018,0.638119,0.000687515,6.59225e+26,13184.5,0,0
113cd,48,113,263.54,0.03,4.38326e+08,11/2-,869.81,0.22,606.27,15/2-,,,1,E2,0,1,0,0.996125,606.27,1,2.15009e-06,Weisskopf E2,1.33333,0.0599469,0.699377,0.0805204,1.24675e+25,249.35,0,0
113cd,48,113,263.54,0.03,4.38326e+08,11/2-,939.788,0.019,676.248,9/2+,,,0,E1,1,0,0,2.55605,939.788,1.38971,0.475776,Weisskopf E1,0.833333,6663.65,0.780102,8024.39,4.8755e+19,0.000975099,0,0
113cd,48,113,263.54,0.03,4.38326e+08,11/2-,1037.4,0.03,773.86,(7/2+),,,0,M2,1,0,0,1.80257,1037.4,1.34055,1.49439e-07,Weisskopf M2,0.666667,0.00127865,0.892704,0.00134553,4.123e+26,8246,0,0
113cd,48,113,263.54,0.03,4.38326e+08,11/2-,1047.65,0.04,784.11,7/2+,,,0,M2,1,0,0,2.25293,1047.65,1.3361,1.59602e-07,Weisskopf M2,0.666667,0.00133013,0.904528,0.00138141,3.21313e+26,6426.26,0,0
113cd,48,113,263.54,0.03,4.38326e+08,11/2-,1109.32,0.03,845.78,13/2-,,,1,M1,4.33581e-05,0.999957,0,1.22274,845.791,1.00001,0.0223011,Weisskopf M1,1.16667,279.551,0.975669,269.159,3.03849e+21,0.0607697,0,0
113cd,48,113,263.54,0.03,4.38326e+08,11/2-,1124.64,0.02,861.096,9/2+,,,0,E1,1,0,0,2.68952,1124.64,1.30605,0.982289,Weisskopf E1,0.833333,8485.12,0.993337,8024.39,4.63354e+19,0.000926708,0,0
113cd,48,113,263.54,0.03,4.38326e+08,11/2-,1177.72,0.023,914.183,(9/2-),,,0,M1,0.0474885,0.952511,0,2.42001,926.698,1.01369,0.0281613,Weisskopf M1,0.833333,215.828,1.05458,192.256,2.14932e+21,0.0429865,0,0
113cd,48,113,263.54,0.03,4.38326e+08,11/2-,1209.53,0.15,945.99,13/2-,,,1,M1,0,1,0,0.998497,945.99,1,0.0312042,Weisskopf M1,1.16667,312.673,1.09127,269.159,3.72087e+21,0.0744173,0,0
113cd,48,113,263.54,0.03,4.38326e+08,11/2-,1214.67,0.024,951.134,11/2+,,,0,E1,1,0,0,2.89274,1214.67,1.27708,1.32376,Weisskopf E1,1,11246.8,1.0972,9629.27,3.59002e+19,0.000718005,0,0
113cd,48,113,263.54,0.03,4.38326e+08,11/2-,1261.92,0.04,998.38,(7/2+),,,0,M2,1,0,0,2.51302,1261.92,1.26397,5.34112e-07,Weisskopf M2,0.666667,0.00274569,1.1517,0.00223955,1.77681e+26,3553.63,0,0
113cd,48,113,263.54,0.03,4.38326e+08,11/2-,1312.9,1.2,1049.36,(11/2-),,,0,M1,0,0,1,0,0,0,0.0425919,Weisskopf M1,1,297.291,1.21051,230.708,,,0,0
113cd,48,113,263.54,0.03,4.38326e+08,11/2-,1313.75,0.03,1050.21,(9/2+),,,0,E1,1,0,0,2.23175,1313.75,1.25094,1.78202,Weisskopf E1,0.833333,10348.6,1.21149,8024.39,5.58395e+19,0.00111679,0,0
113cd,48,113,263.54,0.03,4.38326e+08,11/2-,1322.03,0.12,1058.49,(7/2- 9/2-),,,1,,0.00575872,0.994241,0,1.47342,1060.01,1.00143,,unknown,1,,1.22105,,,,0,0
113cd,48,113,263.54,0.03,4.38326e+08,11/2-,1327.6,0.4,1064.06,(7/2+),,,0,M2,1,0,0,2.19164,1327.6,1.24767,7.34486e-07,Weisskopf M2,0.666667,0.00332401,1.22747,0.00254391,1.79361e+26,3587.23,0,0
113cd,48,113,263.54,0.03,4.38326e+08,11/2-,1346.53,0.04,1082.99,11/2-,,,0,M1,0.0116955,0.988304,0,1.95971,1086.07,1.00285,0.0468195,Weisskopf M1,1,306.818,1.24931,230.708,2.2118e+21,0.0442361,0,0
113cd,48,113,263.54,0.03,4.38326e+08,11/2-,1367.57,0.024,1104.03,7/2+,,,0,M2,1,0,0,3.28603,1367.57,1.23871,8.83192e-07,Weisskopf M2,0.666667,0.00371284,1.27358,0.00273861,1.11122e+26,2222.43,0,0
113cd,48,113,263.54,0.03,4.38326e+08,11/2-,1395.83,0.03,1132.29,9/2+,,,0,E1,1,0,0,2.35652,1395.83,1.23275,2.23335,Weisskopf E1,0.833333,11157.4,1.30618,8024.39,5.2883e+19,0.00105766,0,0
113cd,48,113,263.54,0.03,4.38326e+08,11/2-,1407.5,0.3,1143.96,9/2+,,,0,E1,1,0,0,2.23466,1407.5,1.23038,2.30312,Weisskopf E1,0.833333,11272.4,1.31964,8024.39,5.57668e+19,0.00111534,0,0
113cd,48,113,263.54,0.03,4.38326e+08,11/2-,1433,1.4,1169.46,7/2+,,,0,M2,0,0,1,0,0,0,1.17782e-06,Weisskopf M2,0.666667,0.00441286,1.34906,0.00307285,,,0,0
113cd,48,113,263.54,0.03,4.38326e+08,11/2-,1450.3,0.07,1186.76,11/2-,,,0,M1,1,0,0,2.23759,1450.3,1.22207,0.0616088,Weisskopf M1,1,336.217,1.36901,230.708,1.93712e+21,0.0387424,0,0
113cd,48,113,263.54,0.03,4.38326e+08,11/2-,1479.08,0.05,1215.54,11/2-,,,0,M1,0.582498,0.417502,0,2.20055,1369.05,1.12629,0.0662005,Weisskopf M1,1,344.371,1.40221,230.708,1.96973e+21,0.0393945,0,0
113cd,48,113,263.54,0.03,4.38326e+08,11/2-,1504.9,0.04,1241.36,7/2+,,,0,M2,1,0,0,2.19027,1504.9,1.2123,1.58724e-06,Weisskopf M2,0.666667,0.00527786,1.432,0.00346231,1.31868e+26,2637.35,0,0
113cd,48,113,263.54,0.03,4.38326e+08,11/2-,1575.66,0.14,1312.12,7/2-,,,1,E2,0.000833682,0.999166,0,1.71007,1312.34,1.00017,0.000102093,Weisskopf E2,0.666667,0.30385,1.51363,0.188578,3.10094e+24,62.0189,0,0
113cd,48,113,263.54,0.03,4.38326e+08,11/2-,1657.41,0.05,1393.87,11/2-,,,0,M1,0,1,0,1.99329,1393.87,1,0.0998207,Weisskopf M1,1,394.893,1.60793,230.708,2.17454e+21,0.0434907,0,0
113cd,48,113,263.54,0.03,4.38326e+08,11/2-,1658.51,0.07,1394.97,3/2+,,,1,M4,0.00422512,0.995775,0,1.58597,1396.08,1.0008,,unknown,0.333333,,1.6092,,,,0,0
113cd,48,113,263.54,0.03,4.38326e+08,11/2-,1670.89,0.1,1407.35,(11/2-),,,0,M1,4.33581e-05,0.999957,0,2.22274,1407.36,1.00001,0.102745,Weisskopf M1,1,398.712,1.62348,230.708,1.95007e+21,0.0390013,0,0
113cd,48,113,263.54,0.03,4.38326e+08,11/2-,1700.1,1.4,1436.56,(11/2-),,,0,M1,0,0,1,0,0,0,0.109276,Weisskopf M1,1,406.987,1.65718,230.708,,,0,0
113cd,48,113,263.54,0.03,4.38326e+08,11/2-,1732.84,0.04,1469.3,11/2+,,,0,E1,1,0,0,3.7349,1732.84,1.17936,4.87996,Weisskopf E1,1,17373.9,1.69494,9629.27,2.78053e+19,0.000556107,0,0
113cd,48,113,263.54,0.03,4.38326e+08,11/2-,1735,1.2,1471.46,11/2-,,,0,M1,0,0,1,0,0,0,0.117435,Weisskopf M1,1,416.874,1.69744,230.708,,,0,0
113cd,48,113,263.54,0.03,4.38326e+08,11/2-,1778.92,0.18,1515.38,9/2-,,,1,M1,0,1,0,1.17255,1515.38,1,0.128268,Weisskopf M1,0.833333,357.764,1.7481,192.256,4.43595e+21,0.088719,0,0
113cd,48,113,263.54,0.03,4.38326e+08,11/2-,1813.1,1.4,1549.56,(7/2+),,,0,M2,0,0,1,0,0,0,4.81055e-06,Weisskopf M2,0.666667,0.0102657,1.78753,0.00539494,,,0,0
113cd,48,113,263.54,0.03,4.38326e+08,11/2-,1823.24,0.04,1559.7,(13/2-),,,0,M1,1.69497e-05,0.999983,0,2.0829,1559.7,1,0.139855,Weisskopf M1,1.16667,515.519,1.79923,269.159,1.7837e+21,0.035674,0,0
113cd,48,113,263.54,0.03,4.38326e+08,11/2-,1867.86,0.08,1604.32,7/2- 9/2-,,,1,,0.019822,0.980178,0,2.25426,1609.54,1.00326,,unknown,1,,1.8507,,,,0,0
113cd,48,113,263.54,0.03,4.38326e+08,11/2-,1892.32,0.11,1628.78,7/2-,,,1,E2,0.0224523,0.977548,0,2.34081,1634.7,1.00363,0.000300911,Weisskopf E2,0.666667,0.5812,1.87892,0.290582,1.47016e+24,29.4032,0,0
113cd,48,113,263.54,0.03,4.38326e+08,11/2-,1904.35,0.11,1640.81,7/2-,,,0,E2,1,0,0,2.87571,1904.35,1.16062,0.000312189,Weisskopf E2,0.666667,0.594173,1.89279,0.29489,1.17922e+24,23.5844,0,0
113cd,48,113,263.54,0.03,4.38326e+08,11/2-,1970.8,1.2,1707.26,(7/2+),,,0,M2,0,0,1,0,0,0,7.81e-06,Weisskopf M2,0.666667,0.0137298,1.96945,0.00654891,,,0,0
113cd,48,113,263.54,0.03,4.38326e+08,11/2-,1998.8,0.3,1735.26,(11/2-),,,0,M1,0,0,1,0,0,0,0.192596,Weisskopf M1,1,491.611,2.00175,230.708,,,0,0
113cd,48,113,263.54,0.03,4.38326e+08,11/2-,2046.23,0.07,1782.69,(15/2+),,,0,M2,1,0,0,3.891,2046.23,1.14783,9.69465e-06,Weisskopf M2,1.33333,0.0312624,2.05646,0.0142808,1.79965e+25,359.93,0,0
113cd,48,113,263.54,0.03,4.38326e+08,11/2-,2113.04,0.22,1849.5,7/2-,,,0,E2,0.00791541,0.992085,0,2.00881,1851.59,1.00113,0.000568065,Weisskopf E2,0.666667,0.850945,2.13353,0.374673,1.32864e+24,26.5729,0,0
113cd,48,113,263.54,0.03,4.38326e+08,11/2-,2146.81,0.05,1883.27,(7/2-),,,0,E2,0.561587,0.438413,0,3.48813,2031.27,1.07859,0.000621856,Weisskopf E2,0.666667,0.898413,2.17249,0.38848,7.3797e+23,14.7594,0,0
113cd,48,113,263.54,0.03,4.38326e+08,11/2-,2203.5,2.5,1939.96,7/2+,,,0,M2,0,0,1,0,0,0,1.47951e-05,Weisskopf M2,0.666667,0.0201439,2.23789,0.00845582,,,0,0
113cd,48,113,263.54,0.03,4.38326e+08,11/2-,2214.6,2.5,1951.06,7/2-,,,0,E2,0,0,1,0,0,0,0.000742129,Weisskopf E2,0.666667,0.998965,2.25069,0.416951,,,0,0
113cd,48,113,263.54,0.03,4.38326e+08,11/2-,2242.1,2.5,1978.56,(7/2-),,,0,E2,0,0,1,0,0,0,0.000795926,Weisskopf E2,0.666667,1.0418,2.28241,0.428788,,,0,0
113cd,48,113,263.54,0.03,4.38326e+08,11/2-,2268.2,2.5,2004.66,7/2-,,,0,E2,0,0,1,0,0,0,0.000849826,Weisskopf E2,0.666667,1.08358,2.31252,0.440175,,,0,0
113cd,48,113,263.54,0.03,4.38326e+08,11/2-,2292.9,2.5,2029.36,7/2+,,,0,M2,0,0,1,0,0,0,1.85331e-05,Weisskopf M2,0.666667,0.0230591,2.34102,0.00925312,,,0,0
113cd,48,113,263.54,0.03,4.38326e+08,11/2-,2327.4,2.5,2063.86,7/2-,,,0,E2,0,0,1,0,0,0,0.000982942,Weisskopf E2,0.666667,1.18244,2.38081,0.466556,,,0,0
113cd,48,113,263.54,0.03,4.38326e+08,11/2-,2537.9,2.5,2274.36,(7/2-),,,0,E2,0,0,1,0,0,0,0.00159743,Weisskopf E2,0.666667,1.5824,2.62364,0.566581,,,0,0
115cd,48,115,181,0.5,3.84998e+06,(11/2)-,393.9,0.4,212.9,(7/2)-,7.5e-10,,1,E2,0,1,0,0.905961,212.9,1,6.08317e-07,measured,0.666667,0.0687686,0.243451,0.265357,4.15969e+24,83.1937,0,0
115cd,48,115,181,0.5,3.84998e+06,(11/2)-,417.2,0.6,236.2,(9/2-),,,1,M1,0,1,0,1,236.2,1,0.000485728,Weisskopf M1,0.833333,55.7642,0.270094,193.95,5.15596e+21,0.103119,0,0
115cd,48,115,181,0.5,3.84998e+06,(11/2)-,700.5,0.2,519.5,(15/2-),,,1,E2,0,1,0,1,519.5,1,1.01675e-06,Weisskopf E2,1.33333,0.0386086,0.594047,0.0610539,1.6379e+25,327.579,0,0
117cd,48,117,136.4,0.2,12387.6,(11/2)-,278.4,0.2,142,(9/2)-,,,1,M1,0,1,0,0.851789,142,1,0.00010554,Weisskopf M1,0.833333,33.5246,0.160983,195.63,6.00114e+21,0.120023,0,0
117cd,48,117,136.4,0.2,12387.6,(11/2)-,293.5,0.2,157.1,(7/2)-,3.6e-09,,1,E2,0,1,0,0.769231,157.1,1,1.26733e-07,measured,0.666667,0.0263117,0.178102,0.138781,9.36725e+24,187.345,0,0
117cd,48,117,136.4,0.2,12387.6,(11/2)-,498,0.2,361.6,(7/2)+,9.5e-10,,0,M2,0.160052,0.839948,0,1.78508,383.431,1.06037,3.40696e-09,Weisskopf M2,0.666667,0.000133512,0.40994,0.000305951,1.83101e+27,36620.1,0,0
117cd,48,117,136.4,0.2,12387.6,(11/2)-,639.4,0.2,503,(15/2-),,,1,E2,0,1,0,1,503,1,8.85339e-07,Weisskopf E2,1.33333,0.0358604,0.570242,0.0590754,1.69275e+25,338.55,0,0
117cd,48,117,136.4,0.2,12387.6,(11/2)-,2382.6,0.3,2246.2,(3/2-),,,1,E4,0,1,0,1.65944,2246.2,1,,unknown,0.333333,,2.54648,,,,0,0
119cd,48,119,146.54,0.11,132,(11/2-),213.91,0.11,67.37,(9/2-),1.5e-09,LE,1,M1,0,1,0,0.411862,67.37,1,1.12708e-05,Weisskopf M1,0.833333,15.9053,0.0757316,197.295,1.23065e+22,0.246129,0,1
119cd,48,119,146.54,0.11,132,(11/2-),228.27,0.09,81.73,(7/2- 9/2-),4.3e-08,,1,,0,1,0,0.285203,81.73,1,8.67799e-09,measured,1,0.00998526,0.0918739,0.102098,3.43422e+25,686.844,0,1
119cd,48,119,146.54,0.11,132,(11/2-),427.28,0.08,280.74,(7/2+),1.6e-09,,0,M2,0.0854643,0.914536,0,1.30486,293.264,1.04461,9.71971e-10,Weisskopf M2,0.666667,6.31912e-05,0.315584,0.000188101,4.07421e+27,81484.1,0,0
119cd,48,119,146.54,0.11,132,(11/2-),682.34,0.2,535.8,(15/2-),,,1,E2,0,1,0,1,535.8,1,1.24193e-06,Weisskopf E2,1.33333,0.0443337,0.602301,0.0691467,1.4462e+25,289.24,0,0
121cd,48,121,214.86,0.15,8.3,(11/2-),329.92,0.17,115.06,(9/2- 11/2-),2e-09,LT,1,,0,1,0,0.761615,115.06,1,,unknown,1,,0.128267,,,,0,0
121cd,48,121,214.86,0.15,8.3,(11/2-),508.39,0.17,293.53,(7/2- 9/2),2e-09,LT,1,,0,1,0,1.44801,293.53,1,,unknown,1,,0.327223,,,,0,0
121cd,48,121,214.86,0.15,8.3,(11/2-),825.5,0.4,610.64,(15/2-),,,1,E2,0,1,0,1,610.64,1,2.44153e-06,Weisskopf E2,1.33333,0.0671017,0.680733,0.0925991,1.07992e+25,215.985,0,0
121cd,48,121,214.86,0.15,8.3,(11/2-),880.09,0.18,665.23,(7/2- 9/2),,,1,,0,1,0,1.61282,665.23,1,,unknown,1,,0.741589,,,,0,0
121cd,48,121,214.86,0.15,8.3,(11/2-),1341.1,0.25,1126.24,(7/2- 9/2),,,1,,0,1,0,1.58586,1126.24,1,,unknown,1,,1.25552,,,,0,0
123cd,48,123,144,4,1.82,11/2(-),263.867,0.02,119.867,(7/2+),8e-08,,1,M2,0.672862,0.327138,0,0.743494,216.759,1.80833,1.86566e-09,measured,0.666667,0.000665341,0.132535,0.00471589,2.85206e+26,5704.13,0,0
123cd,48,123,144,4,1.82,11/2(-),514.65,0.05,370.65,(9/2+),,,1,E1,0.192246,0.807754,0,1.21243,398.333,1.07469,0.0828949,Weisskopf E1,0.833333,3864.75,0.409822,8858.83,9.31039e+19,0.00186208,0,0
123cd,48,123,144,4,1.82,11/2(-),806.7,1,662.7,(15/2-),,,0,E2,0,0,1,0,0,0,3.75676e-06,Weisskopf E2,1.33333,0.087664,0.732738,0.112389,,,0,0
123cd,48,123,144,4,1.82,11/2(-),829.75,0.2,685.75,(9/2+),,,0,E1,0,0,1,0,0,0,0.524969,Weisskopf E1,0.833333,7150.29,0.758224,8858.83,,,0,0
104in,49,104,93.48,0.1,15.7,(3+),226.19,0.13,132.71,(2+),,,1,M1,0,1,0,0.813008,132.71,1,8.61519e-05,Weisskopf M1,0.714286,26.8554,0.159577,158.093,7.78025e+21,0.155605,0,0
104in,49,104,93.48,0.1,15.7,(3+),241.34,0.12,147.86,(4+),,,0,M1,1,0,0,1.46857,241.34,1.63222,0.000119153,Weisskopf M1,1.28571,53.8582,0.177795,284.567,2.39287e+21,0.0478575,0,0
104in,49,104,93.48,0.1,15.7,(3+),396.06,0.12,302.58,(3+),,,1,M1,0.480769,0.519231,0,1.77249,347.522,1.14853,0.00102111,Weisskopf M1,1,85.7229,0.363838,221.33,2.54903e+21,0.0509807,0,0
104in,49,104,93.48,0.1,15.7,(3+),738.19,0.18,644.71,(2+),,,1,M1,0.199489,0.800511,0,1.92102,663.358,1.02893,0.0098775,Weisskopf M1,0.714286,130.465,0.775233,158.093,3.29274e+21,0.0658548,0,0
104in,49,104,93.48,0.1,15.7,(3+),1139.25,0.23,1045.77,1+,,,1,E2,0.0546738,0.945326,0,2.09782,1050.88,1.00489,2.93932e-05,Weisskopf E2,0.428571,0.0885322,1.25749,0.0661375,7.20747e+24,144.149,0,0
104in,49,104,93.48,0.1,15.7,(3+),1382.4,0.5,1288.92,1+,,,0,E2,0,1,0,1.81301,1288.92,1,8.35981e-05,Weisskopf E2,0.428571,0.165756,1.54986,0.100468,5.49001e+24,109.8,0,0
104in,49,104,93.48,0.1,15.7,(3+),1441.6,0.3,1348.12,1+,,,0,E2,0.096127,0.903873,0,2.34692,1357.11,1.00667,0.000104643,Weisskopf E2,0.428571,0.189661,1.62105,0.109909,3.87676e+24,77.5353,0,0
104in,49,104,93.48,0.1,15.7,(3+),1499.7,0.05,1406.22,(1+),,,0,E2,0,1,0,1.81301,1406.22,1,0.000129221,Weisskopf E2,0.428571,0.215255,1.69091,0.119586,4.61231e+24,92.2461,0,0
104in,49,104,93.48,0.1,15.7,(3+),1633.3,0.4,1539.82,1+,,,0,E2,0.0707865,0.929213,0,2.20617,1546.44,1.0043,0.000203431,Weisskopf E2,0.428571,0.28262,1.85156,0.143389,3.16115e+24,63.223,0,0
104in,49,104,93.48,0.1,15.7,(3+),1651,0.4,1557.52,1+,,,0,E2,0.149992,0.850008,0,2.6461,1571.54,1.009,0.000215394,Weisskopf E2,0.428571,0.292478,1.87284,0.146704,2.57603e+24,51.5207,0,0
104in,49,104,93.48,0.1,15.7,(3+),2072,0.5,1978.52,(1+),,,0,E2,0,1,0,1.81301,1978.52,1,0.000712473,Weisskopf E2,0.428571,0.599534,2.37907,0.236732,2.32994e+24,46.5987,0,0
105in,49,105,674.09,0.25,48,(1/2-),1209.7,0.4,535.61,,,,1,,0,1,0,1,535.61,1,,unknown,1,,0.640971,,,,0,0
105in,49,105,674.09,0.25,48,(1/2-),1302.9,0.5,628.81,,,,1,,0,1,0,1,628.81,1,,unknown,1,,0.752505,,,,0,0
105in,49,105,674.09,0.25,48,(1/2-),1932.2,0.5,1258.11,(3/2+),,,1,E1,0.0878487,0.912151,0,1.68379,1317.33,1.04707,2.9173,Weisskopf E1,2,28332,1.5056,17677.4,3.35965e+19,0.000671929,0,0
105in,49,105,674.09,0.25,48,(1/2-),1942.4,0.5,1268.31,(5/2+:11/2+),,,0,M2,1,0,0,1.64516,1942.4,1.53149,1.68275e-06,Weisskopf M2,3,0.0241209,1.5178,0.014929,4.07157e+25,814.315,0,0
105in,49,105,674.09,0.25,48,(1/2-),2222.1,0.8,1548.01,(3/2+ 5/2+ 7/2+),,,1,,0.520833,0.479167,0,1.84896,1899.1,1.2268,,unknown,1,,1.85252,,,,0,0
105in,49,105,674.09,0.25,48,(1/2-),2590.3,0.4,1916.21,(3/2+),,,1,E1,0,1,0,1,1916.21,1,10.3075,Weisskopf E1,2,43152,2.29315,17677.4,5.65693e+19,0.00113139,0,0
105in,49,105,674.09,0.25,48,(1/2-),2782.1,0.4,2108.01,(3/2+),,,1,E1,0.630996,0.369004,0,1.631,2533.36,1.20178,13.7228,Weisskopf E1,2,47471.3,2.52268,17677.4,3.46839e+19,0.000693678,0,0
105in,49,105,674.09,0.25,48,(1/2-),2958.2,1.1,2284.11,(3/2+ 5/2+ 7/2+),,,1,,0.0373609,0.962639,0,1.71609,2309.29,1.01103,,unknown,1,,2.73342,,,,0,0
105in,49,105,674.09,0.25,48,(1/2-),2964.4,0.8,2290.31,(3/2+),,,1,E1,0.518135,0.481865,0,1.51813,2639.58,1.1525,17.5998,Weisskopf E1,2,51576.6,2.74084,17677.4,3.72624e+19,0.000745247,0,0
105in,49,105,674.09,0.25,48,(1/2-),3262.2,1.1,2588.11,(3/2+ 5/2+ 7/2+),,,1,,0.332427,0.667573,0,1.61511,2812.2,1.08658,,unknown,1,,3.09722,,,,0,0
105in,49,105,674.09,0.25,48,(1/2-),3626.8,0.8,2952.71,(3/2+),,,1,E1,0.529101,0.470899,0,1.5291,3309.37,1.12079,37.7127,Weisskopf E1,2,66493.5,3.53354,17677.4,3.69952e+19,0.000739903,0,0
106in,49,106,28.6,0.3,312,(2)+,151.1,0.4,122.5,(2)+,,,1,M1,0,1,0,1,122.5,1,6.77582e-05,Weisskopf M1,1,34.7051,0.145904,223.448,4.47532e+21,0.0895064,0,0
106in,49,106,28.6,0.3,312,(2)+,203.7,0.4,175.1,(3)+,,,0,M1,0,1,0,2,175.1,1,0.000197885,Weisskopf M1,1.4,69.4498,0.208554,312.827,1.59833e+21,0.0319666,0,0
106in,49,106,28.6,0.3,312,(2)+,253,0.4,224.4,(3)+,,,1,M1,0,1,0,1.32,224.4,1,0.000416507,Weisskopf M1,1.4,89.0036,0.267272,312.827,2.42171e+21,0.0484342,0,0
106in,49,106,28.6,0.3,312,(2)+,506.3,0.5,477.7,(1+),,,1,M1,0,1,0,1.64236,477.7,1,0.00401809,Weisskopf M1,0.6,81.2014,0.568966,134.069,4.54155e+21,0.0908309,0,0
106in,49,106,28.6,0.3,312,(2)+,753.3,0.5,724.7,(3 4),,,1,,0,1,0,2.16059,724.7,1,,unknown,1,,0.863157,,,,0,0
106in,49,106,28.6,0.3,312,(2)+,893,0.6,864.4,1+,,,1,M1,0,1,0,2.0138,864.4,1,0.0238066,Weisskopf M1,0.6,146.934,1.02955,134.069,3.70387e+21,0.0740774,0,0
106in,49,106,28.6,0.3,312,(2)+,1218.7,0.9,1190.1,1+,,,1,M1,1.11022e-16,1,0,1.83599,1190.1,1,0.0621304,Weisskopf M1,0.6,202.298,1.41747,134.069,4.06258e+21,0.0812516,0,0
106in,49,106,28.6,0.3,312,(2)+,1602.2,1.5,1573.6,1+,,,0,M1,0,1,0,2.64236,1573.6,1,0.143627,Weisskopf M1,0.6,267.487,1.87424,134.069,2.8228e+21,0.056456,0,0
106in,49,106,28.6,0.3,312,(2)+,1925.3,1.5,1896.7,1+,,,0,M1,0,1,0,2.64236,1896.7,1,0.251507,Weisskopf M1,0.6,322.409,2.25907,134.069,2.8228e+21,0.056456,0,0
107in,49,107,678.5,0.3,50.4,1/2-,1107.1,0.4,428.6,(3/2)-,,,1,M1,0,1,0,1,428.6,1,0.00290209,Weisskopf M1,2,242.85,0.508095,448.999,2.22718e+21,0.0445436,0,0
107in,49,107,678.5,0.3,50.4,1/2-,1129.3,0.4,450.8,(5/2)+,,,0,M2,1,0,0,1,1129.3,2.5051,9.66665e-09,Weisskopf M2,3,0.00109681,0.534412,0.001928,5.18673e+26,10373.5,0,0
107in,49,107,678.5,0.3,50.4,1/2-,1166.1,0.5,487.6,(1/2)+,,,1,E1,0,1,0,1,487.6,1,0.171981,Weisskopf E1,1,5559.75,0.578038,9035.44,1.10675e+20,0.00221351,0,0
107in,49,107,678.5,0.3,50.4,1/2-,1396,0.5,717.5,(5/2+),,,0,M2,1,0,0,1,1396,1.94564,9.87338e-08,Weisskopf M2,3,0.00442228,0.850578,0.00488408,2.04747e+26,4094.94,0,0
107in,49,107,678.5,0.3,50.4,1/2-,1490.9,0.5,812.4,(3/2)+,,,0,E1,0.925926,0.0740741,0,2,1440.64,1.77331,0.795423,Weisskopf E1,2,18526.4,0.96308,18070.9,2.76688e+19,0.000553376,0,0
107in,49,107,678.5,0.3,50.4,1/2-,1518.9,0.5,840.4,(1/2 3/2 5/2)-,,,1,,0,1,0,1,840.4,1,,unknown,1,,0.996273,,,,0,0
107in,49,107,678.5,0.3,50.4,1/2-,1840,20,1161.5,(1/2+),,,0,E1,0,0,1,0,0,0,2.32459,Weisskopf E1,1,13243.7,1.37693,9035.44,,,0,0
107in,49,107,678.5,0.3,50.4,1/2-,3223.8,0.9,2545.3,,,,1,,0.308706,0.691294,0,1.97403,2754.76,1.08229,,unknown,1,,3.01739,,,,0,0
108in,49,108,29.75,0.05,2376,2+,198.36,0.06,168.61,3+,,,1,M1,0,1,0,1,168.61,1,0.000176687,Weisskopf M1,1.4,66.8757,0.198955,315.764,3.16692e+21,0.0633384,0,0
108in,49,108,29.75,0.05,2376,2+,230.7,0.07,200.95,(4)+,,,0,E2,0,1,0,2,200.95,1,8.09768e-09,Weisskopf E2,1.8,0.00277434,0.237116,0.0109913,4.54904e+25,909.809,0,0
108in,49,108,29.75,0.05,2376,2+,266.02,0.06,236.27,3+,,,1,M1,0,1,0,1,236.27,1,0.00048616,Weisskopf M1,1.4,93.7116,0.278792,315.764,3.16692e+21,0.0633384,0,0
108in,49,108,29.75,0.05,2376,2+,302.49,0.06,272.74,2+,,,1,M1,1.11022e-16,1,0,1.24076,272.74,1,0.000747826,Weisskopf M1,1,77.2691,0.321826,225.546,3.57338e+21,0.0714675,0,0
108in,49,108,29.75,0.05,2376,2+,481.55,0.06,451.8,4+,,,0,E2,0,1,0,2,451.8,1,4.65213e-07,Weisskopf E2,1.8,0.0315308,0.533112,0.0555605,8.99919e+24,179.984,0,0
108in,49,108,29.75,0.05,2376,2+,698.85,0.06,669.1,1+,,,1,M1,1.11022e-16,1,0,1.92805,669.1,1,0.0110415,Weisskopf M1,0.6,113.736,0.789521,135.328,3.83261e+21,0.0766523,0,0
108in,49,108,29.75,0.05,2376,2+,764.25,0.06,734.5,2-,,,1,E1,0,1,0,1.85655,734.5,1,0.591503,Weisskopf E1,1,8427.07,0.866691,9134.04,5.89701e+19,0.0011794,0,0
108in,49,108,29.75,0.05,2376,2+,1010.09,0.06,980.34,(2 3)+,,,1,,0.00134569,0.998654,0,1.33816,980.38,1.00004,,unknown,1,,1.15678,,,,0,0
108in,49,108,29.75,0.05,2376,2+,1094.77,0.06,1065.02,1 2 3,,,1,,0,1,0,1.98636,1065.02,1,,unknown,1,,1.2567,,,,0,0
108in,49,108,29.75,0.05,2376,2+,1109.82,0.06,1080.07,2 3 4,,,1,,0.000937152,0.999063,0,2.13212,1080.1,1.00003,,unknown,1,,1.27445,,,,0,0
108in,49,108,29.75,0.05,2376,2+,1114.38,0.09,1084.63,,,,1,,0,1,0,1.46524,1084.63,1,,unknown,1,,1.27984,,,,0,0
108in,49,108,29.75,0.05,2376,2+,1183.44,0.07,1153.69,,,,1,,1.11022e-16,1,0,2.18488,1153.69,1,,unknown,1,,1.36132,,,,0,0
108in,49,108,29.75,0.05,2376,2+,1191.44,0.06,1161.69,1+,,,1,M1,0,1,0,2.11313,1161.69,1,0.0577863,Weisskopf M1,0.6,197.469,1.37076,135.328,3.49694e+21,0.0699388,0,0
109in,49,109,649.79,0.1,80.4,1/2-,980.92,0.11,331.13,3/2-,6.2e-13,,1,M1,0,1,0,0.980104,331.13,1,0.000735867,measured,2,103.166,0.388928,249.182,4.0946e+21,0.081892,0,0
109in,49,109,649.79,0.1,80.4,1/2-,1099.31,0.08,449.52,5/2+,4.5e-13,,0,M2,0.997795,0.00220535,0,1.00097,1097.88,2.44233,9.64858e-09,Weisskopf M2,3,0.00110101,0.527983,0.00195893,5.09988e+26,10199.8,0,0
109in,49,109,649.79,0.1,80.4,1/2-,1171.71,0.16,521.92,1/2+,,,1,E1,0,1,0,0.997964,521.92,1,0.213531,Weisskopf E1,1,6025,0.613021,9232.78,1.08531e+20,0.00217061,0,0
109in,49,109,649.79,0.1,80.4,1/2-,1321.25,0.11,671.46,5/2+,,,0,M2,0.980385,0.019615,0,1.02339,1308.5,1.94875,7.17495e-08,Weisskopf M2,3,0.00366947,0.788663,0.00437081,2.2356e+26,4471.21,0,0
109in,49,109,649.79,0.1,80.4,1/2-,1440.7,0.21,790.91,5/2-,,,1,E2,0,1,0,1.07631,790.91,1,7.7427e-06,Weisskopf E2,3,0.285406,0.928962,0.288613,3.21921e+24,64.3842,0,0
109in,49,109,649.79,0.1,80.4,1/2-,1483.75,0.18,833.96,5/2+,,,0,M2,0.710488,0.289512,0,1.98833,1295.63,1.55359,2.12053e-07,Weisskopf M2,3,0.00703037,0.979527,0.00674237,7.4593e+25,1491.86,0,0
109in,49,109,649.79,0.1,80.4,1/2-,1816.65,0.13,1166.86,(3/2 5/2)-,,,1,,0.199431,0.800569,0,1.82518,1296.45,1.11106,,unknown,1,,1.37053,,,,0,0
109in,49,109,649.79,0.1,80.4,1/2-,1957.1,0.11,1307.31,5/2+,,,0,M2,0.270452,0.729548,0,1.88077,1483.05,1.13443,2.00729e-06,Weisskopf M2,3,0.0270818,1.5355,0.0165683,3.20912e+25,641.824,0,0
109in,49,109,649.79,0.1,80.4,1/2-,2138.43,0.12,1488.64,(3/2+),,,1,E1,0.550397,0.449603,0,1.56479,1846.28,1.24025,4.95472,Weisskopf E1,2,34369.5,1.74848,18465.6,3.46083e+19,0.000692166,0,0
109in,49,109,649.79,0.1,80.4,1/2-,2151.4,0.3,1501.61,(3/2 5/2-),,,1,,0,1,0,1.81664,1501.61,1,,unknown,1,,1.76371,,,,0,0
109in,49,109,649.79,0.1,80.4,1/2-,2271.4,0.5,1621.61,(3/2+),,,1,E1,0,1,0,1.24318,1621.61,1,6.40456,Weisskopf E1,2,37439.5,1.90466,18465.6,4.35614e+19,0.000871229,0,0
109in,49,109,649.79,0.1,80.4,1/2-,2305.2,0.4,1655.41,(3/2 5/2-),,,1,,0.446527,0.553473,0,1.44795,1945.56,1.17527,,unknown,1,,1.94436,,,,0,0
109in,49,109,649.79,0.1,80.4,1/2-,2508.33,0.13,1858.54,(3/2 5/2-),,,1,,0.698401,0.301599,0,1.70789,2312.35,1.24418,,unknown,1,,2.18295,,,,0,0
109in,49,109,649.79,0.1,80.4,1/2-,2561.02,0.19,1911.23,3/2+,,,1,E1,0.23026,0.76974,0,1.35665,2060.85,1.07829,10.4855,Weisskopf E1,2,44126.2,2.24483,18465.6,3.99182e+19,0.000798363,0,0
109in,49,109,649.79,0.1,80.4,1/2-,2564.2,0.7,1914.41,(5/2+),,,0,M2,1,0,0,1,2564.2,1.33942,1.35174e-05,Weisskopf M2,3,0.0850447,2.24857,0.0355297,2.81455e+25,562.909,0,0
109in,49,109,649.79,0.1,80.4,1/2-,2808.8,0.3,2159.01,3/2,,,1,,0.114791,0.885209,0,1.11516,2233.6,1.03455,,unknown,2,,2.53586,,,,0,0
109in,49,109,649.79,0.1,80.4,1/2-,2812,7,2162.21,(1/2+),,,0,E1,0,0,1,0,0,0,15.1825,Weisskopf E1,1,24960.4,2.53962,9232.78,,,0,0
109in,49,109,649.79,0.1,80.4,1/2-,2845.77,0.12,2195.98,3/2,,,1,,0.383313,0.616687,0,1.77042,2445.05,1.11342,,unknown,2,,2.57929,,,,0,0
109in,49,109,649.79,0.1,80.4,1/2-,2871.19,0.14,2221.4,5/2+,,,0,M2,0.449075,0.550925,0,2.24831,2513.2,1.13136,2.84349e-05,Weisskopf M2,3,0.132869,2.60914,0.0478383,9.29754e+24,185.951,0,0
109in,49,109,649.79,0.1,80.4,1/2-,3029.69,0.21,2379.9,(5/2+),,,0,M2,0.745744,0.254256,0,2.17918,2864.48,1.20361,4.01339e-05,Weisskopf M2,3,0.163387,2.79531,0.0549085,8.35734e+24,167.147,0,0
110in,49,110,62.08,0.04,4146,2+,202.38,0.04,140.3,3+,,,1,M1,0,1,0,0.834028,140.3,1,0.000101795,Weisskopf M1,1.4,55.6471,0.164038,318.675,3.76246e+21,0.0752492,0,0
110in,49,110,62.08,0.04,4146,2+,321.2,0.04,259.12,4+,,,1,E2,0,1,0,1.5811,259.12,1,2.95835e-08,Weisskopf E2,1.8,0.0060957,0.302963,0.018901,3.34622e+25,669.245,0,0
110in,49,110,62.08,0.04,4146,2+,334.09,0.05,272.01,2+,4.9e-12,GE,1,M1,0,1,0,0.970656,272.01,1,0.000741837,Weisskopf M1,1,77.0622,0.318034,227.625,4.52601e+21,0.0905202,0,0
110in,49,110,62.08,0.04,4146,2+,342.55,0.05,280.47,1+,4.9e-12,GE,1,M1,0,1,0,0.969838,280.47,1,0.000813229,Weisskopf M1,0.6,47.6754,0.327925,136.575,7.54971e+21,0.150994,0,0
110in,49,110,62.08,0.04,4146,2+,346.32,0.04,284.24,4+,,,1,E2,0,1,0,1.6535,284.24,1,4.69863e-08,Weisskopf E2,1.8,0.00804594,0.332333,0.0227433,2.65914e+25,531.827,0,0
110in,49,110,62.08,0.04,4146,2+,541.24,0.05,479.16,3+,2.4e-12,,1,M1,0,1,0,1.43517,479.16,1,0.000100206,measured,1.4,4.69638,0.560233,7.8749,8.84816e+22,1.76963,0,0
110in,49,110,62.08,0.04,4146,2+,756.55,0.05,694.47,2-,,,1,E1,0,1,0,1.80176,694.47,1,0.506121,Weisskopf E1,1,8065.86,0.811973,9331.68,5.94761e+19,0.00118952,0,0
110in,49,110,62.08,0.04,4146,2+,793.04,0.05,730.96,4+,1.7e-12,,0,E2,2.22045e-16,1,0,2.16103,730.96,1,5.28462e-06,Weisskopf E2,1.8,0.136836,0.854637,0.150408,3.07658e+24,61.5316,0,0
110in,49,110,62.08,0.04,4146,2+,958.46,0.05,896.38,3+,,,1,M1,0,1,0,2.24376,896.38,1,0.0265479,Weisskopf M1,1.4,355.531,1.04805,318.675,1.39855e+21,0.0279709,0,0
110in,49,110,62.08,0.04,4146,2+,989.84,0.05,927.76,2-,,,1,E1,0,1,0,1.81393,927.76,1,1.20671,Weisskopf E1,1,10775.4,1.08473,9331.68,5.90773e+19,0.00118155,0,0
110in,49,110,62.08,0.04,4146,2+,1023.4,0.05,961.32,3-,,,1,E1,-2.22045e-16,1,0,1.48226,961.32,1,1.34245,Weisskopf E1,1.4,15631.2,1.12397,13064.4,5.16401e+19,0.0010328,0,0
110in,49,110,62.08,0.04,4146,2+,1049.88,0.05,987.8,1+ 2+,1e-12,,1,,1.11022e-16,1,0,1.73653,987.8,1,0.000108489,measured,1,0.854572,1.15493,0.695092,8.28469e+23,16.5694,0,0
110in,49,110,62.08,0.04,4146,2+,1119.82,0.06,1057.74,(0)-,,,0,M2,0,1,0,2.1852,1057.74,1,7.00256e-07,Weisskopf M2,0.2,0.000962126,1.23671,0.000730829,6.26172e+26,12523.4,0,0
110in,49,110,62.08,0.04,4146,2+,1176.23,0.06,1114.15,2+ 3,,,1,,1.11022e-16,1,0,1.57588,1114.15,1,,unknown,1,,1.30266,,,,0,0
110in,49,110,62.08,0.04,4146,2+,1239.93,0.06,1177.85,1- 2- 3-,,,1,,0,1,0,1.9958,1177.85,1,,unknown,1,,1.37714,,,,0,0
111in,49,111,536.99,0.07,462,1/2-,802.92,0.07,265.93,3/2-,,,1,M1,0,1,0,0.965251,265.93,1,0.000693196,Weisskopf M1,2,150.679,0.309521,457.314,2.2654e+21,0.045308,0,0
111in,49,111,536.99,0.07,462,1/2-,1101.8,0.07,564.81,5/2+,,,0,M2,0.962464,0.0375361,0,1.03623,1081.64,1.91506,3.0584e-08,Weisskopf M2,3,0.00221062,0.657393,0.00315892,3.05495e+26,6109.9,0,0
111in,49,111,536.99,0.07,462,1/2-,1187.62,0.07,650.63,1/2+,1.4e-10,,1,E1,0,1,0,1.00595,650.63,1,3.23876e-06,measured,1,0.0588049,0.757281,0.072947,1.36275e+25,272.551,0,0
111in,49,111,536.99,0.07,462,1/2-,1217.51,0.07,680.52,5/2+,1.2e-12,,0,M2,0.912409,0.0875912,0,1.08455,1170.47,1.71997,7.76581e-08,Weisskopf M2,3,0.0038666,0.79207,0.00458581,2.01064e+26,4021.29,0,0
111in,49,111,536.99,0.07,462,1/2-,1279.69,0.21,742.7,(5/2)-,1.5e-10,LE,1,E2,0,1,0,1.11029,742.7,1,5.79233e-06,Weisskopf E2,3,0.242131,0.864443,0.263127,3.42294e+24,68.4587,0,0
111in,49,111,536.99,0.07,462,1/2-,1344.74,0.07,807.75,3/2+,,,1,E1,0.881589,0.118411,0,1.9956,1281.15,1.58608,0.801208,Weisskopf E1,2,18876.6,0.940156,18861.5,2.65675e+19,0.000531351,0,0
111in,49,111,536.99,0.07,462,1/2-,2067.01,0.12,1530.02,(1/2 3/2 5/2-),,,1,,0,1,0,1.25551,1530.02,1,,unknown,1,,1.78082,,,,0,0
111in,49,111,536.99,0.07,462,1/2-,2085,7,1548.01,1/2+,,,0,E1,0,0,1,0,0,0,5.63944,Weisskopf E1,1,18088,1.80176,9430.73,,,0,0
111in,49,111,536.99,0.07,462,1/2-,2090.11,0.1,1553.12,(5/2),,,1,,0.115183,0.884817,0,1.72377,1614.97,1.03982,,unknown,3,,1.80771,,,,0,0
111in,49,111,536.99,0.07,462,1/2-,2142.07,0.09,1605.08,(1/2+ 3/2),,,1,,0.715514,0.284486,0,1.98931,1989.3,1.23938,,unknown,1,,1.86818,,,,0,0
111in,49,111,536.99,0.07,462,1/2-,2212.24,0.15,1675.25,5/2+,,,0,M2,0.987255,0.0127446,0,1.40345,2205.4,1.31646,7.0207e-06,Weisskopf M2,3,0.0576827,1.94986,0.0277903,2.56395e+25,512.79,0,0
111in,49,111,536.99,0.07,462,1/2-,2364.58,0.16,1827.59,(1/2+ 3/2 5/2-),,,1,,0.76907,0.23093,0,1.83824,2240.57,1.22597,,unknown,1,,2.12717,,,,0,0
111in,49,111,536.99,0.07,462,1/2-,2529.93,0.13,1992.94,(5/2+),,,0,M2,0.423436,0.576564,0,1.80644,2220.32,1.11409,1.67284e-05,Weisskopf M2,3,0.0971157,2.31962,0.0393299,1.40752e+25,281.504,0,0
111in,49,111,536.99,0.07,462,1/2-,2616,7,2079.01,1/2+,,,0,E1,0,0,1,0,0,0,13.6611,Weisskopf E1,1,24292.6,2.4198,9430.73,,,0,0
111in,49,111,536.99,0.07,462,1/2-,2620.36,0.13,2083.37,1/2+,,,0,E1,0.461155,0.538845,0,2.13751,2331.01,1.11886,13.7472,Weisskopf E1,1,24343.5,2.42487,9430.73,4.96074e+19,0.000992147,0,0
111in,49,111,536.99,0.07,462,1/2-,2697.5,0.4,2160.51,(1/2- 3/2 5/2-),,,1,,1.11022e-16,1,0,1.47219,2160.51,1,,unknown,1,,2.51466,,,,0,0
111in,49,111,536.99,0.07,462,1/2-,2767.78,0.25,2230.79,5/2+,1.4e-12,GT,0,M2,0.386503,0.613497,0,1.61715,2438.34,1.09304,2.93952e-05,Weisskopf M2,3,0.136202,2.59646,0.0492779,1.25487e+25,250.974,0,0
111in,49,111,536.99,0.07,462,1/2-,2886,7,2349.01,1/2+,,,0,E1,0,0,1,0,0,0,19.7047,Weisskopf E1,1,27447.5,2.73406,9430.73,,,0,0
111in,49,111,536.99,0.07,462,1/2-,3015,7,2478.01,1/2+,,,0,E1,0,0,1,0,0,0,23.1326,Weisskopf E1,1,28954.8,2.8842,9430.73,,,0,0
111in,49,111,536.99,0.07,462,1/2-,3028,7,2491.01,1/2+,,,0,E1,0,0,1,0,0,0,23.4985,Weisskopf E1,1,29106.7,2.89933,9430.73,,,0,0
111in,49,111,536.99,0.07,462,1/2-,3130.05,0.25,2593.06,3/2+,,,1,E1,0,1,0,1.40078,2593.06,1,26.5065,Weisskopf E1,2,60598.2,3.01811,18861.5,3.78491e+19,0.000756983,0,0
111in,49,111,536.99,0.07,462,1/2-,3244,7,2707.01,1/2+,,,0,E1,0,0,1,0,0,0,30.1567,Weisskopf E1,1,31630.6,3.15074,9430.73,,,0,0
111in,49,111,536.99,0.07,462,1/2-,3254,7,2717.01,1/2+,,,0,E1,0,0,1,0,0,0,30.4922,Weisskopf E1,1,31747.4,3.16238,9430.73,,,0,0
112in,49,112,156.592,0.025,1240.2,4+,162.89,0.04,6.298,(5)+,,,1,M1,0,1,0,0.00414938,6.298,1,9.20792e-09,Weisskopf M1,1.22222,2.18077,0.00729757,280.726,8.58489e+23,17.1698,1,1
112in,49,112,156.592,0.025,1240.2,4+,206.717,0.02,50.125,(2)+,,,0,E2,1,0,0,0.935279,206.717,4.12403,8.20826e-12,Weisskopf E2,0.555556,1.395e-05,0.0580804,0.000225628,4.73876e+27,94775.3,0,1
112in,49,112,156.592,0.025,1240.2,4+,456.426,0.024,299.834,(3)+,,,0,M1,1,0,0,1.86993,456.426,1.52226,0.000993565,Weisskopf M1,0.777778,66.0683,0.347421,178.644,2.99356e+21,0.0598712,0,0
112in,49,112,156.592,0.025,1240.2,4+,562.78,0.04,406.188,(5)+,,,1,M1,0,1,0,0.989253,406.188,1,0.00247022,Weisskopf M1,1.22222,140.648,0.470655,280.726,3.6009e+21,0.0720179,0,0
112in,49,112,156.592,0.025,1240.2,4+,592.08,0.04,435.488,(4)+,,,0,M1,0.931587,0.0684134,0,2.54145,581.367,1.33498,0.00304426,Weisskopf M1,1,123.377,0.504605,229.685,1.71312e+21,0.0342623,0,0
112in,49,112,156.592,0.025,1240.2,4+,594.888,0.022,438.296,2+,,,0,E2,1,0,0,1.28614,594.888,1.35727,4.19582e-07,Weisskopf E2,0.555556,0.00932636,0.507859,0.0172512,4.50705e+25,901.409,0,0
112in,49,112,156.592,0.025,1240.2,4+,676.29,0.06,519.698,(6+),,,0,E2,0,1,0,2.09039,519.698,1,9.8341e-07,Weisskopf E2,1.44444,0.0404237,0.60218,0.0630609,7.58597e+24,151.719,0,0
112in,49,112,156.592,0.025,1240.2,4+,729.87,0.04,573.278,(3)+,,,1,M1,0.774194,0.225806,0,2.27109,694.511,1.21147,0.00694464,Weisskopf M1,0.777778,126.322,0.664264,178.644,2.46477e+21,0.0492955,0,0
112in,49,112,156.592,0.025,1240.2,4+,795.25,0.06,638.658,(5)+,,,0,M1,0.931587,0.0684134,0,3.47385,784.537,1.22841,0.00960194,Weisskopf M1,1.22222,221.144,0.74002,280.726,1.02543e+21,0.0205087,0,0
112in,49,112,156.592,0.025,1240.2,4+,822.32,0.06,665.728,(5+),,,0,M1,0,1,0,2.93965,665.728,1,0.0108754,Weisskopf M1,1.22222,230.517,0.771387,280.726,1.21177e+21,0.0242355,0,0
112in,49,112,156.592,0.025,1240.2,4+,883.72,0.05,727.128,3+,,,1,M1,0.64757,0.35243,0,1.87429,828.532,1.13946,0.0141705,Weisskopf M1,0.777778,160.222,0.842532,178.644,2.98658e+21,0.0597317,0,0
112in,49,112,156.592,0.025,1240.2,4+,1007.42,0.07,850.828,(4+),,,0,M1,0,1,0,3.85448,850.828,1,0.0227028,Weisskopf M1,1,241.045,0.985864,229.685,1.12954e+21,0.0225908,0,0
112in,49,112,156.592,0.025,1240.2,4+,1062.9,0.04,906.308,3+,,,0,M1,0.988652,0.0113482,0,1.33844,1061.12,1.17082,0.0274398,Weisskopf M1,0.777778,199.705,1.05015,178.644,4.18228e+21,0.0836455,0,0
113in,49,113,391.699,0.003,5968.44,1/2-,646.83,0.007,255.131,3/2-,,,1,M1,1.73572e-06,0.999998,0,0.956023,255.132,1,0.00061213,Weisskopf M1,2,144.561,0.294312,461.416,2.26694e+21,0.0453387,0,0
113in,49,113,391.699,0.003,5968.44,1/2-,1024.28,0.05,632.581,5/2+,3.6e-12,,0,M2,0.906239,0.0937615,0,1.08922,987.554,1.56115,5.45423e-08,Weisskopf M2,3,0.00314286,0.729728,0.0040459,2.26919e+26,4538.37,0,0
113in,49,113,391.699,0.003,5968.44,1/2-,1029.65,0.05,637.951,1/2+ 3/2+,3.3e-10,,1,,1.09433e-07,1,0,1.06,637.951,1,1.29537e-06,measured,1,0.0244638,0.735923,0.0312278,3.02101e+25,604.201,0,0
113in,49,113,391.699,0.003,5968.44,1/2-,1063.93,0.06,672.231,3/2+,5.8e-10,,1,E1,3.40338e-08,1,0,1.01875,672.231,1,7.71193e-07,measured,2,0.0262337,0.775468,0.0317794,3.08879e+25,617.758,0,0
113in,49,113,391.699,0.003,5968.44,1/2-,1106.46,0.07,714.761,3/2- 5/2-,,,1,,1.72941e-07,1,0,1.09178,714.761,1,,unknown,1,,0.824529,,,,0,0
113in,49,113,391.699,0.003,5968.44,1/2-,1131.48,0.05,739.781,5/2+,9.7e-13,,0,M2,0.859034,0.140966,0,1.14552,1076.26,1.45484,1.19308e-07,Weisskopf M2,3,0.00502674,0.853391,0.00553336,1.57764e+26,3155.29,0,0
113in,49,113,391.699,0.003,5968.44,1/2-,1380.79,0.06,989.091,1/2- 3/2- 5/2-,,,1,,1.54308e-07,1,0,1.86585,989.091,1,,unknown,1,,1.14099,,,,0,0
113in,49,113,391.699,0.003,5968.44,1/2-,1471.93,0.08,1080.23,3/2- 5/2- 7/2-,,,1,,1.19781e-06,0.999999,0,1.65833,1080.23,1,,unknown,1,,1.24613,,,,0,0
113in,49,113,391.699,0.003,5968.44,1/2-,1535.96,0.09,1144.26,1/2- 3/2- 5/2-,,,1,,0.100589,0.899411,0,1.90428,1183.66,1.03443,,unknown,1,,1.31999,,,,0,0
113in,49,113,391.699,0.003,5968.44,1/2-,1569.58,0.07,1177.88,-,,,1,,1.32548e-06,0.999999,0,1.72885,1177.88,1,,unknown,1,,1.35877,,,,0,0
113in,49,113,391.699,0.003,5968.44,1/2-,1700,5,1308.3,1/2+,,,0,E1,0,0,1,0,0,0,3.44515,Weisskopf E1,1,15470.2,1.50922,9629.27,,,0,0
113in,49,113,391.699,0.003,5968.44,1/2-,1707.38,0.08,1315.68,+,,,1,,0.638964,0.361036,0,1.99074,1565.96,1.19023,,unknown,1,,1.51773,,,,0,0
113in,49,113,391.699,0.003,5968.44,1/2-,1822.55,0.1,1430.85,,,,1,,1.02562e-07,1,0,1.99344,1430.85,1,,unknown,1,,1.65059,,,,0,0
113in,49,113,391.699,0.003,5968.44,1/2-,1835.72,0.18,1444.02,1/2+,,,0,E1,0.986852,0.0131477,0,2.10966,1830.57,1.26769,4.63239,Weisskopf E1,1,17075,1.66578,9629.27,4.9226e+19,0.000984519,0,0
113in,49,113,391.699,0.003,5968.44,1/2-,1937.94,0.09,1546.24,,,,1,,1.50874e-06,0.999998,0,1.85777,1546.24,1,,unknown,1,,1.7837,,,,0,0
113in,49,113,391.699,0.003,5968.44,1/2-,1947.64,0.09,1555.94,,,,1,,1.21135e-06,0.999999,0,1.8894,1555.94,1,,unknown,1,,1.79489,,,,0,0
113in,49,113,391.699,0.003,5968.44,1/2-,2153,10,1761.3,1/2+,,,0,E1,0,0,1,0,0,0,8.40592,Weisskopf E1,1,20826.7,2.03179,9629.27,,,0,0
113in,49,113,391.699,0.003,5968.44,1/2-,2253.44,0.09,1861.74,,,,1,,7.73514e-07,0.999999,0,1.50749,1861.74,1,,unknown,1,,2.14765,,,,0,0
113in,49,113,391.699,0.003,5968.44,1/2-,2295.29,0.13,1903.59,,,,1,,0.206169,0.793831,0,1.65733,1984.35,1.04242,,unknown,1,,2.19593,,,,0,0
113in,49,113,391.699,0.003,5968.44,1/2-,2339.51,0.16,1947.81,,,,1,,5.18053e-07,0.999999,0,1.93243,1947.81,1,,unknown,1,,2.24694,,,,0,0
113in,49,113,391.699,0.003,5968.44,1/2-,2383.86,0.15,1992.16,,,,1,,0.243987,0.756013,0,1.37905,2087.73,1.04797,,unknown,1,,2.2981,,,,0,0
114in,49,114,190.268,0.0008,4.27766e+06,5+,221.057,0.003,30.7888,4+,,,1,M1,0,1,0,0.0613497,30.7888,1,1.0758e-06,Weisskopf M1,0.818182,7.13673,0.035361,189.594,8.59731e+22,1.71946,0,1
114in,49,114,190.268,0.0008,4.27766e+06,5+,497.156,0.003,306.888,5+,1.5e-10,,1,M1,1.11022e-16,1,0,0.996435,306.888,1,1.88431e-06,measured,1,0.153778,0.352461,0.409859,2.44859e+24,48.9719,0,0
114in,49,114,190.268,0.0008,4.27766e+06,5+,501.948,0.003,311.68,8-,0.0431,,1,E3,0,1,0,1,311.68,1,1.05856e-14,measured,1.54545,1.29436e-09,0.357965,3.39677e-09,2.94398e+32,5.88795e+09,0,0
114in,49,114,190.268,0.0008,4.27766e+06,5+,536.297,0.003,346.029,7-,,,0,M2,0,1,0,1.0821,346.029,1,2.68698e-09,Weisskopf M2,1.36364,0.000235203,0.397415,0.000555966,1.6622e+27,33244,0,0
114in,49,114,190.268,0.0008,4.27766e+06,5+,574.422,0.003,384.154,6-,,,1,E1,0,1,0,1.18698,384.154,1,0.0877306,Weisskopf E1,1.18182,5400.01,0.441202,11497.6,7.3274e+19,0.00146548,0,0
114in,49,114,190.268,0.0008,4.27766e+06,5+,600.354,0.008,410.086,3-,,,0,M2,1,0,0,1.97182,600.354,1.46397,6.2817e-09,Weisskopf M2,0.636364,0.000182699,0.470985,0.000364402,1.39172e+27,27834.5,0,0
114in,49,114,190.268,0.0008,4.27766e+06,5+,628.032,0.003,437.764,3+,6.9e-11,LT,0,E2,1,0,0,1.97182,628.032,1.43464,4.27e-07,Weisskopf E2,0.636364,0.0108982,0.502773,0.0203627,2.49057e+25,498.113,0,0
114in,49,114,190.268,0.0008,4.27766e+06,5+,641.745,0.003,451.477,7+,4.3e-09,,1,E2,0,1,0,1.22257,451.477,1,8.06895e-08,measured,1.36364,0.00414904,0.518522,0.00751676,1.08816e+26,2176.33,0,0
114in,49,114,190.268,0.0008,4.27766e+06,5+,696.38,0.08,506.112,5-,1.04e-10,LT,1,E1,0,1,0,1.92907,506.112,1,0.20062,Weisskopf E1,1,6019.84,0.581271,9728.76,5.32837e+19,0.00106567,0,0
114in,49,114,190.268,0.0008,4.27766e+06,5+,725.104,0.004,534.836,3+,,,0,E2,0.209486,0.790514,0,1.25208,574.694,1.07452,1.16233e-06,Weisskopf E2,0.636364,0.0198746,0.61426,0.0303946,2.62767e+25,525.535,0,0
114in,49,114,190.268,0.0008,4.27766e+06,5+,728.53,0.0025,538.262,4+,,,1,M1,1.11022e-16,1,0,1.06281,538.262,1,0.00574823,Weisskopf M1,0.818182,124.767,0.618195,189.594,4.9627e+21,0.099254,0,0
114in,49,114,190.268,0.0008,4.27766e+06,5+,775.336,0.003,585.068,4+,1.4e-10,LT,1,M1,0.948561,0.0514385,0,2.82581,765.549,1.30848,0.00738197,Weisskopf M1,0.818182,135.617,0.671952,189.594,1.86652e+21,0.0373303,0,0
114in,49,114,190.268,0.0008,4.27766e+06,5+,835.664,0.003,645.396,4-,1.4e-10,LT,0,E1,0,1,0,2.92907,645.396,1,0.41602,Weisskopf E1,0.818182,6280.8,0.741239,7959.89,4.28907e+19,0.000857813,0,0
114in,49,114,190.268,0.0008,4.27766e+06,5+,909.503,0.004,719.235,6+,,,1,M1,0,1,0,1.55052,719.235,1,0.0137141,Weisskopf M1,1.18182,240.812,0.826043,273.858,2.35504e+21,0.0471007,0,0
114in,49,114,190.268,0.0008,4.27766e+06,5+,1003.13,0.004,812.865,5+,,,1,M1,0,1,0,1.70965,812.865,1,0.0197974,Weisskopf M1,1,230.29,0.933577,231.726,2.52416e+21,0.0504832,0,0
114in,49,114,190.268,0.0008,4.27766e+06,5+,1006.41,0.007,816.139,4-,,,1,E1,0.225806,0.774194,0,1.58239,859.103,1.05264,0.841255,Weisskopf E1,0.818182,7942.41,0.937337,7959.89,7.93927e+19,0.00158785,0,0
114in,49,114,190.268,0.0008,4.27766e+06,5+,1019.75,0.004,829.482,7+,,,0,E2,0,1,0,2.22257,829.482,1,1.04295e-05,Weisskopf E2,1.36364,0.158873,0.952662,0.156662,2.87198e+24,57.4396,0,0
114in,49,114,190.268,0.0008,4.27766e+06,5+,1032.05,0.004,841.785,3-,1.04e-10,LT,0,M2,0.0933817,0.906618,0,3.75132,859.552,1.02111,2.28933e-07,Weisskopf M2,0.636364,0.00158021,0.966792,0.00153544,1.73613e+26,3472.27,0,0
114in,49,114,190.268,0.0008,4.27766e+06,5+,1044.9,0.005,854.637,6+,,,0,M1,-5.55112e-17,0.861111,0.138889,2.31719,735.937,0.861111,0.023009,Weisskopf M1,1.18182,286.147,0.981552,273.858,1.57584e+21,0.0315168,0,0
114in,49,114,190.268,0.0008,4.27766e+06,5+,1047.21,0.004,856.938,3+,,,0,E2,0.363057,0.636943,0,1.51974,926.016,1.08061,1.22737e-05,Weisskopf E2,0.636364,0.0817494,0.984195,0.0780286,8.43288e+24,168.658,0,0
114in,49,114,190.268,0.0008,4.27766e+06,5+,1062.53,0.003,872.26,3+,,,0,E2,0.641451,0.358549,0,1.7366,994.308,1.13992,1.34109e-05,Weisskopf E2,0.636364,0.0862133,1.00179,0.0808439,7.12285e+24,142.457,0,0
114in,49,114,190.268,0.0008,4.27766e+06,5+,1170.25,0.04,979.982,2+ 3+ 4+,,,1,,0.312138,0.682989,0.00487329,2.37241,1034.6,1.05573,,unknown,1,,1.12551,,,,0,0
114in,49,114,190.268,0.0008,4.27766e+06,5+,1198.95,0.004,1008.68,4-,,,0,E1,0.306835,0.693165,0,3.1105,1067.06,1.05788,1.58816,Weisskopf E1,0.818182,9816.15,1.15847,7959.89,4.0389e+19,0.000807779,0,0
114in,49,114,190.268,0.0008,4.27766e+06,5+,1201.53,0.007,1011.26,3-,,,0,M2,0.481865,0.518135,0,3.01183,1102.95,1.09066,5.72825e-07,Weisskopf M2,0.636364,0.0027397,1.16144,0.00221594,1.49834e+26,2996.69,0,0
114in,49,114,190.268,0.0008,4.27766e+06,5+,1205.33,0.006,1015.06,3+,,,0,E2,0.789266,0.210734,0,1.99099,1165.23,1.14794,2.86208e-05,Weisskopf E2,0.636364,0.135865,1.1658,0.109481,4.58768e+24,91.7536,0,0
114in,49,114,190.268,0.0008,4.27766e+06,5+,1271,0.009,1080.73,3-,,,0,M2,0.180328,0.819672,0,3.58581,1115.04,1.03175,7.98534e-07,Weisskopf M2,0.636364,0.003344,1.24122,0.00253085,1.10191e+26,2203.82,0,0
114in,49,114,190.268,0.0008,4.27766e+06,5+,1272.2,0.004,1081.93,4+,,,0,M1,0.203876,0.796124,0,2.70547,1120.73,1.03585,0.0466828,Weisskopf M1,0.818182,250.789,1.2426,189.594,1.94954e+21,0.0389908,0,0
114in,49,114,190.268,0.0008,4.27766e+06,5+,1303.56,0.005,1113.29,3-,,,0,M2,0.280576,0.719424,0,3.47048,1166.67,1.04795,9.26281e-07,Weisskopf M2,0.636364,0.00365541,1.27861,0.00268563,1.07291e+26,2145.83,0,0
114in,49,114,190.268,0.0008,4.27766e+06,5+,1328.92,0.008,1138.65,6+,,,0,M1,0,1,0,2.42492,1138.65,1,0.054416,Weisskopf M1,1.18182,381.24,1.30774,273.858,1.50583e+21,0.0301166,0,0
114in,49,114,190.268,0.0008,4.27766e+06,5+,1431.62,0.009,1241.35,4-,,,0,E1,0.0346511,0.965349,0,3.01869,1247.94,1.00531,2.96019,Weisskopf E1,0.818182,12080.4,1.42569,7959.89,4.16174e+19,0.000832348,0,0
115in,49,115,336.244,0.017,16149.6,1/2-,597.144,0.018,260.9,3/2-,2.5e-10,LE,1,M1,0,1,0,0.963763,260.9,1,0.0006546,Weisskopf M1,2,147.829,0.298339,465.481,2.22909e+21,0.0445818,0,0
115in,49,115,336.244,0.017,16149.6,1/2-,828.588,0.017,492.344,3/2+,5.78e-09,,1,E1,0,1,0,1.0812,492.344,1,7.21707e-08,measured,2,0.00457674,0.562994,0.00763665,1.21114e+26,2422.27,0,0
115in,49,115,336.244,0.017,16149.6,1/2-,864.139,0.018,527.895,1/2+,9.1e-10,,1,E1,0,1,0,1.02876,527.895,1,4.17891e-07,measured,1,0.0115258,0.603647,0.0179365,5.41933e+25,1083.87,0,0
115in,49,115,336.244,0.017,16149.6,1/2-,941.424,0.007,605.18,5/2+,1.51e-11,,0,M2,0.897666,0.102334,0,1.09863,907.015,1.49875,4.42237e-08,Weisskopf M2,3,0.00278426,0.692022,0.00377956,2.40829e+26,4816.59,0,0
115in,49,115,336.244,0.017,16149.6,1/2-,1041.44,0.23,705.196,5/2-,,,1,E2,0,1,0,1.11836,705.196,1,4.68635e-06,Weisskopf E2,3,0.21729,0.80639,0.253131,3.53244e+24,70.6488,0,0
115in,49,115,336.244,0.017,16149.6,1/2-,1078.16,0.07,741.916,5/2+,9.9e-13,,0,M2,0.843133,0.156867,0,1.16117,1025.41,1.38212,1.22463e-07,Weisskopf M2,3,0.00513004,0.848379,0.00568043,1.51608e+26,3032.17,0,0
115in,49,115,336.244,0.017,16149.6,1/2-,1192.49,0.021,856.247,(3/2),,,1,,0.0061316,0.993868,0,1.87571,858.309,1.00241,,unknown,2,,0.979117,,,,0,0
115in,49,115,336.244,0.017,16149.6,1/2-,1287.41,0.05,951.166,1/2 3/2- 5/2-,,,1,,0,1,0,1.66011,951.166,1,,unknown,1,,1.08766,,,,0,0
115in,49,115,336.244,0.017,16149.6,1/2-,1347.5,0.7,1011.26,(5/2-),,,0,E2,0,1,0,2.03904,1011.26,1,2.84179e-05,Weisskopf E2,3,0.640757,1.15637,0.520532,9.42165e+23,18.8433,0,0
115in,49,115,336.244,0.017,16149.6,1/2-,1801,0.8,1464.76,(5/2+),,,0,M2,0.994965,0.00503542,0,2.00261,1799.31,1.2284,3.67332e-06,Weisskopf M2,3,0.0394778,1.67495,0.0221413,2.25529e+25,451.057,0,0
115in,49,115,336.244,0.017,16149.6,1/2-,1830.9,0.8,1494.66,(5/2+),,,0,M2,0.994965,0.00503542,0,2.00261,1829.21,1.22383,4.06386e-06,Weisskopf M2,3,0.041945,1.70914,0.0230544,2.16596e+25,433.191,0,0
115in,49,115,336.244,0.017,16149.6,1/2-,2057.3,1,1721.06,(5/2+),,,0,M2,1,0,0,1,2057.3,1.19537,8.22635e-06,Weisskopf M2,3,0.0640386,1.96802,0.0305676,3.27143e+25,654.287,0,0
115in,49,115,336.244,0.017,16149.6,1/2-,2170.7,1,1834.46,(5/2+),,,0,M2,1,0,0,1,2170.7,1.18329,1.1318e-05,Weisskopf M2,3,0.0775494,2.0977,0.0347285,2.87948e+25,575.895,0,0
115in,49,115,336.244,0.017,16149.6,1/2-,2208,2,1871.76,1/2+,,,0,E1,0,0,1,0,0,0,10.2073,Weisskopf E1,1,22393.2,2.14035,9828.39,,,0,0
115in,49,115,336.244,0.017,16149.6,1/2-,2234,1,1897.76,(5/2+),,,0,M2,1,0,0,1,2234,1.17718,1.34102e-05,Weisskopf M2,3,0.0858574,2.17008,0.0371666,2.69059e+25,538.118,0,0
115in,49,115,336.244,0.017,16149.6,1/2-,2815,0.5,2478.76,1/2+,,,0,E1,0,0,1,0,0,0,23.7064,Weisskopf E1,1,29655.2,2.83445,9828.39,,,0,0
116in,49,116,127.267,0.006,3257.4,5+,223.33,0.006,96.063,4+,1.39e-10,LT,1,M1,0,1,0,0.634115,96.063,1,3.26755e-05,Weisskopf M1,0.818182,22.2671,0.109373,191.25,8.24574e+21,0.164915,0,1
116in,49,116,127.267,0.006,3257.4,5+,289.66,0.006,162.393,8-,2.18,,1,E3,0,1,0,0.3663,162.393,1,2.09283e-16,measured,1.54545,9.42669e-11,0.184894,4.78947e-10,5.70001e+33,1.14e+11,0,0
116in,49,116,127.267,0.006,3257.4,5+,313.476,0.005,186.209,4+ 5+,6.31e-10,,1,,0,1,0,1.00106,186.209,1,7.19628e-07,measured,1,0.159518,0.21201,0.706812,1.4133e+24,28.2661,0,0
116in,49,116,127.267,0.006,3257.4,5+,350.576,0.006,223.309,7-,,,0,M2,1,0,0,1,60.916,0.272788,3.04278e-10,Weisskopf M2,1.36364,6.39528e-05,0.25425,0.000236292,4.23206e+27,84641.2,0,0
116in,49,116,127.267,0.006,3257.4,5+,373.373,0.009,246.106,6-,,,1,E1,0.969932,0.0300679,0,1.96993,88.5958,0.35999,0.0233366,Weisskopf E1,1.18182,3499.83,0.280206,11733.3,4.32642e+19,0.000865284,0,0
116in,49,116,127.267,0.006,3257.4,5+,425.93,0.005,298.663,4+,2.08e-10,LT,1,M1,1.11022e-16,1,0,1.17782,298.663,1,0.00098197,Weisskopf M1,0.818182,69.229,0.340045,191.25,4.43936e+21,0.0887871,0,0
116in,49,116,127.267,0.006,3257.4,5+,458.942,0.009,331.675,5-,,,0,E1,0.969932,0.0300679,0,2.96993,174.165,0.525107,0.0571228,Weisskopf E1,1,3991.05,0.377631,9928.17,3.39144e+19,0.000678288,0,0
116in,49,116,127.267,0.006,3257.4,5+,508.241,0.004,380.974,3+,1.04e-10,LT,0,E2,0.398842,0.601158,0,1.78285,431.733,1.13324,2.1816e-07,Weisskopf E2,0.636364,0.0073518,0.433761,0.0159218,3.52283e+25,704.566,0,0
116in,49,116,127.267,0.006,3257.4,5+,554.979,0.01,427.712,4-,1.39e-10,LT,0,E1,0.969932,0.0300679,0,3.60365,270.202,0.631738,0.122497,Weisskopf E1,0.818182,4210.9,0.486975,8123.05,3.41616e+19,0.000683233,0,0
116in,49,116,127.267,0.006,3257.4,5+,648.916,0.009,521.649,6+ (4+ 5+),,,1,,0,1,0,1.84123,521.649,1,,unknown,1,,0.593928,,,,0,0
116in,49,116,127.267,0.006,3257.4,5+,658.073,0.008,530.806,3+,1.39e-10,LT,0,E2,1,0,0,2,658.073,1.23976,1.14546e-06,Weisskopf E2,0.636364,0.0198845,0.604354,0.0309083,1.61769e+25,323.538,0,0
116in,49,116,127.267,0.006,3257.4,5+,728.865,0.011,601.598,3-,1.04e-10,LT,0,M2,0.969932,0.0300679,0,4.60365,444.088,0.73818,4.31788e-08,Weisskopf M2,0.636364,0.000583535,0.684955,0.000800305,2.7142e+26,5428.41,0,0
116in,49,116,127.267,0.006,3257.4,5+,735.688,0.01,608.421,4+ 5+,,,1,,0,1,0,1.32007,608.421,1,,unknown,1,,0.692723,,,,0,0
116in,49,116,127.267,0.006,3257.4,5+,744.823,0.008,617.556,3+,,,1,E2,0.353357,0.646643,0,1.53933,662.527,1.07282,2.44164e-06,Weisskopf E2,0.636364,0.0313139,0.703124,0.0418365,1.55279e+25,310.557,0,0
116in,49,116,127.267,0.006,3257.4,5+,760.997,0.01,633.73,6 7+,,,1,,0.76891,0.23109,0,1.36246,508.864,0.802967,,unknown,1,,0.721539,,,,0,0
116in,49,116,127.267,0.006,3257.4,5+,789.372,0.009,662.105,+,,,1,,2.22045e-16,1,0,2.40087,662.105,1,,unknown,1,,0.753845,,,,0,0
116in,49,116,127.267,0.006,3257.4,5+,790.921,0.018,663.654,3+,,,0,E2,0.669421,0.330579,0,1.97841,748.849,1.12837,3.49952e-06,Weisskopf E2,0.636364,0.0388627,0.755609,0.0483155,1.04616e+25,209.231,0,0
116in,49,116,127.267,0.006,3257.4,5+,813.346,0.008,686.079,4+,,,0,M1,0.798619,0.201381,0,2.73829,787.717,1.14814,0.0119035,Weisskopf M1,0.818182,159.031,0.781141,191.25,1.9095e+21,0.03819,0,0
116in,49,116,127.267,0.006,3257.4,5+,829.131,0.008,701.864,4+,1.39e-10,LT,0,M1,0.730369,0.269631,0,2.60078,794.816,1.13244,0.0127442,Weisskopf M1,0.818182,162.69,0.799113,191.25,2.01046e+21,0.0402091,0,0
116in,49,116,127.267,0.006,3257.4,5+,850.491,0.023,723.224,3-,,,0,M2,0.984501,0.0154989,0,3.34209,703.699,0.973002,1.08418e-07,Weisskopf M2,0.636364,0.00101383,0.823433,0.00115661,2.58699e+26,5173.97,0,0
116in,49,116,127.267,0.006,3257.4,5+,875.287,0.033,748.02,3-,,,0,M2,1,0,0,2,875.287,1.17014,1.28323e-07,Weisskopf M2,0.636364,0.00112173,0.851665,0.00123728,4.04111e+26,8082.22,0,0
116in,49,116,127.267,0.006,3257.4,5+,892.667,0.012,765.4,4-,,,0,E1,0.832942,0.167058,0,3.8136,668.776,0.873761,0.701999,Weisskopf E1,0.818182,7535.51,0.871453,8123.05,3.22809e+19,0.000645619,0,0
116in,49,116,127.267,0.006,3257.4,5+,951.476,0.015,824.209,4-,,,0,E1,0.913912,0.0860885,0,3.84894,715.605,0.868232,0.876563,Weisskopf E1,0.818182,8114.49,0.93841,8123.05,3.19845e+19,0.00063969,0,0
116in,49,116,127.267,0.006,3257.4,5+,1007.66,0.013,880.396,6-,,,0,E1,0.963249,0.0367511,0,3.3156,727.926,0.826817,1.06833,Weisskopf E1,1.18182,12520,1.00238,11733.3,2.5705e+19,0.0005141,0,0
116in,49,116,127.267,0.006,3257.4,5+,1031.23,0.025,903.959,4+,,,0,M1,0.526035,0.473965,0,2.52882,970.906,1.07406,0.027227,Weisskopf M1,0.818182,209.534,1.02921,191.25,2.06767e+21,0.0413534,0,0
116in,49,116,127.267,0.006,3257.4,5+,1052.68,0.019,925.413,5-,,,0,E1,0.963185,0.0368149,0,4.52923,812.412,0.877892,1.24073,Weisskopf E1,1,11135.5,1.05364,9928.17,2.22385e+19,0.000444771,0,0
116in,49,116,127.267,0.006,3257.4,5+,1081.58,0.18,954.313,6-,,,0,E1,0.969932,0.0300679,0,3.96993,796.803,0.834949,1.36064,Weisskopf E1,1.18182,13571.1,1.08654,11733.3,2.14683e+19,0.000429365,0,0
116in,49,116,127.267,0.006,3257.4,5+,1088.1,1.1,960.833,6+,,,0,M1,0,0,1,0,0,0,0.0326962,Weisskopf M1,1.18182,321.703,1.09396,276.25,,,0,0
116in,49,116,127.267,0.006,3257.4,5+,1097.7,0.3,970.433,3-,,,0,M2,0,0,1,0,0,0,4.71593e-07,Weisskopf M2,0.636364,0.00244931,1.10489,0.00208245,,,0,0
116in,49,116,127.267,0.006,3257.4,5+,1119.4,1.3,992.133,3+,,,0,E2,0,0,1,0,0,0,2.61306e-05,Weisskopf E2,0.636364,0.129843,1.1296,0.10798,,,0,0
116in,49,116,127.267,0.006,3257.4,5+,1252.65,0.005,1125.38,3+,,,0,E2,0,0,1,0,0,0,4.90683e-05,Weisskopf E2,0.636364,0.1895,1.28131,0.138932,,,0,0
116in,49,116,127.267,0.006,3257.4,5+,1258.5,0.4,1131.23,3-,,,0,M2,0,0,1,0,0,0,1.01508e-06,Weisskopf M2,0.636364,0.00387975,1.28797,0.00282974,,,0,0
116in,49,116,127.267,0.006,3257.4,5+,1292.5,0.8,1165.23,3-,,,0,M2,0,0,1,0,0,0,1.17707e-06,Weisskopf M2,0.636364,0.00424019,1.32669,0.0030024,,,0,0
116in,49,116,127.267,0.006,3257.4,5+,1318.2,0.6,1190.93,6-,,,0,E1,0,0,1,0,0,0,2.64444,Weisskopf E1,1.18182,16936,1.35595,11733.3,,,0,0
116in,49,116,127.267,0.006,3257.4,5+,1399.77,0.08,1272.5,5+,,,0,M1,0.51663,0.48337,0,3.05594,1338.25,1.05167,0.0759504,Weisskopf M1,1,360.509,1.44882,233.75,1.39992e+21,0.0279984,0,0
116in,49,116,289.66,0.006,2.18,8-,350.576,0.006,60.916,7-,,,1,M1,0,1,0,1,60.916,1,8.33197e-06,Weisskopf M1,0.882353,15.2276,0.0693564,206.25,4.84848e+21,0.0969696,0,1
116in,49,116,289.66,0.006,2.18,8-,366.418,0.006,76.758,7- 8- 9-,,,1,,0,1,0,1,76.758,1,,unknown,1,,0.0873935,,,,0,1
116in,49,116,289.66,0.006,2.18,8-,373.373,0.009,83.713,6-,,,0,E2,0.0300679,0.969932,0,1.96993,88.5958,1.05833,1.11754e-10,Weisskopf E2,0.764706,9.37293e-05,0.0953121,0.0009238,5.49504e+26,10990.1,0,1
116in,49,116,289.66,0.006,2.18,8-,665.616,0.01,375.956,7+ 8+,,,1,,1.11022e-16,1,0,1.24981,375.956,1,,unknown,1,,0.428048,,,,0,0
116in,49,116,289.66,0.006,2.18,8-,760.997,0.01,471.337,6 7+,,,1,,0.23109,0.76891,0,1.36246,508.864,1.07962,,unknown,1,,0.536645,,,,0,0
116in,49,116,289.66,0.006,2.18,8-,1007.66,0.013,718.003,6-,,,0,E2,0.0504061,0.949594,0,3.3156,727.926,1.01382,5.18717e-06,Weisskopf E2,0.764706,0.0591392,0.817488,0.0679586,4.43806e+24,88.7613,0,0
116in,49,116,289.66,0.006,2.18,8-,1081.58,0.18,791.92,6-,,,0,E2,0.0300679,0.969932,0,3.96993,796.803,1.00617,8.46654e-06,Weisskopf E2,0.764706,0.0793489,0.901647,0.0826713,3.04693e+24,60.9386,0,0
116in,49,116,289.66,0.006,2.18,8-,1088.1,1.1,798.44,6+,,,0,M2,0,0,1,0,0,0,1.77808e-07,Weisskopf M2,0.764706,0.00163932,0.909071,0.00169401,,,0,0
116in,49,116,289.66,0.006,2.18,8-,1318.2,0.6,1028.54,6-,,,0,E2,0,0,1,0,0,0,3.129e-05,Weisskopf E2,0.764706,0.173844,1.17105,0.139455,,,0,0
117in,49,117,315.303,0.011,6972,1/2-,588.653,0.015,273.35,3/2-,1.92e-10,,1,M1,0,1,0,0.965251,273.35,1,2.37624e-06,measured,2,0.48886,0.309892,1.48192,6.99093e+23,13.9819,0,0
117in,49,117,315.303,0.011,6972,1/2-,659.765,0.013,344.462,3/2+,5.36e-08,,1,E1,1.11022e-16,1,0,1.02024,344.462,1,8.24722e-09,measured,2,0.00106846,0.390511,0.00257025,3.8135e+26,7627.01,0,0
117in,49,117,315.303,0.011,6972,1/2-,749.488,0.014,434.185,1/2+,4.73e-09,,1,E1,0,1,0,1.17987,434.185,1,4.56541e-08,measured,1,0.00186137,0.492228,0.00355236,2.38588e+26,4771.76,0,0
117in,49,117,315.303,0.011,6972,1/2-,880.72,0.013,565.417,5/2+,,,0,M2,0.68482,0.31518,0,1.31998,781.343,1.38189,3.1847e-08,Weisskopf M2,3,0.00229697,0.641003,0.00336624,2.25054e+26,4501.08,0,0
117in,49,117,315.303,0.011,6972,1/2-,1028.04,0.03,712.737,(5/2-),,,1,E2,0,1,0,1.15412,712.737,1,5.05727e-06,Weisskopf E2,3,0.229552,0.808017,0.266877,3.24668e+24,64.9335,0,0
117in,49,117,315.303,0.011,6972,1/2-,1051.71,0.019,736.406,5/2+,,,0,M2,0.832472,0.167528,0,1.1676,998.887,1.35644,1.19347e-07,Weisskopf M2,3,0.00507459,0.834851,0.00571008,1.49991e+26,2999.81,0,0
117in,49,117,315.303,0.011,6972,1/2-,1376.28,0.06,1060.98,(3/2)+,,,0,E1,0,1,0,2.0611,1060.98,1,1.8805,Weisskopf E1,2,25680,1.20281,20056.2,2.41909e+19,0.000483819,0,0
117in,49,117,315.303,0.011,6972,1/2-,1712.55,0.024,1397.24,3/2+,,,0,E1,0.442716,0.557284,0,2.23382,1536.83,1.0999,4.2951,Weisskopf E1,2,33819.1,1.58403,20056.2,2.23205e+19,0.000446409,0,0
117in,49,117,315.303,0.011,6972,1/2-,1784.97,0.05,1469.67,3/2+,,,0,E1,0,1,0,2.07621,1469.67,1,4.99819,Weisskopf E1,2,35572,1.66614,20056.2,2.40149e+19,0.000480297,0,0
117in,49,117,315.303,0.011,6972,1/2-,1891.93,0.019,1576.63,1/2+,4.2e-10,,1,E1,0.0220785,0.977922,0,1.65209,1583.59,1.00442,3.75365e-07,measured,1,0.00116064,1.78739,0.000609999,9.92286e+26,19845.7,0,0
117in,49,117,315.303,0.011,6972,1/2-,1997.37,0.019,1682.07,3/2+,,,1,E1,0.268657,0.731343,0,2.07613,1766.77,1.05036,7.4935,Weisskopf E1,2,40712.9,1.90693,20056.2,2.40158e+19,0.000480315,0,0
117in,49,117,315.303,0.011,6972,1/2-,2022.23,0.03,1706.93,3/2+,,,1,E1,1.11022e-16,1,0,1.55835,1706.93,1,7.83071,Weisskopf E1,2,41314.7,1.93511,20056.2,3.19954e+19,0.000639907,0,0
117in,49,117,315.303,0.011,6972,1/2-,2064.16,0.04,1748.86,3/2+,,,1,E1,0.110874,0.889126,0,2.04693,1783.82,1.01999,8.42208,Weisskopf E1,2,42329.5,1.98265,20056.2,2.43584e+19,0.000487167,0,0
117in,49,117,315.303,0.011,6972,1/2-,2109.83,0.04,1794.53,(3/2+),,,0,E1,0.334611,0.665389,0,2.29548,1900.03,1.05879,9.09927,Weisskopf E1,2,43435,2.03442,20056.2,2.17209e+19,0.000434419,0,0
117in,49,117,315.303,0.011,6972,1/2-,2171.74,0.03,1856.44,3/2+,,,1,E1,0.354216,0.645784,0,2.08699,1968.12,1.06016,10.0739,Weisskopf E1,2,44933.4,2.10461,20056.2,2.38908e+19,0.000477816,0,0
117in,49,117,315.303,0.011,6972,1/2-,2327.79,0.05,2012.49,(1/2)+,,,1,E1,0.0523933,0.947607,0,1.78978,2029.01,1.00821,12.8338,Weisskopf E1,1,24355.2,2.28152,10028.1,5.57163e+19,0.00111433,0,0
117in,49,117,315.303,0.011,6972,1/2-,2345.5,0.05,2030.2,3/2+,,,1,E1,0.270038,0.729962,0,2.10048,2115.34,1.04194,13.1756,Weisskopf E1,2,49139.1,2.3016,20056.2,2.37374e+19,0.000474747,0,0
117in,49,117,315.303,0.011,6972,1/2-,2455.97,0.1,2140.67,1/2+,,,0,E1,0,1,0,1.96525,2140.67,1,15.4456,Weisskopf E1,1,25906.5,2.42684,10028.1,5.07415e+19,0.00101483,0,0
117in,49,117,315.303,0.011,6972,1/2-,2525,15,2209.7,1/2+,,,0,E1,0,0,1,0,0,0,16.9885,Weisskopf E1,1,26741.9,2.50509,10028.1,,,0,0
119in,49,119,311.37,0.03,1080,1/2-,604.18,0.07,292.81,3/2-,1e-09,LT,1,M1,0,1,0,0.968992,292.81,1,0.000925362,Weisskopf M1,2,165.91,0.329152,473.507,2.17948e+21,0.0435896,0,0
119in,49,119,311.37,0.03,1080,1/2-,654.27,0.07,342.9,(3/2)+,1.3e-07,,1,E1,0,1,0,1.01314,342.9,1,3.35519e-09,measured,2,0.000438646,0.385459,0.00106902,9.233e+26,18466,0,0
119in,49,119,311.37,0.03,1080,1/2-,788.26,0.09,476.89,1/2+ 3/2+,2e-09,,1,,0,1,0,1.64364,476.89,1,1.79445e-08,measured,1,0.000606454,0.536079,0.00106272,5.72499e+26,11450,0,0
119in,49,119,311.37,0.03,1080,1/2-,941.43,0.08,630.06,5/2+,,,0,M2,0.747943,0.252057,0,1.26047,862.947,1.36963,5.53403e-08,Weisskopf M2,3,0.00321441,0.70826,0.00426343,1.86084e+26,3721.67,0,0
119in,49,119,311.37,0.03,1080,1/2-,1044.44,0.2,733.07,5/2-,,,1,E2,0,1,0,1.19995,733.07,1,5.95404e-06,Weisskopf E2,3,0.255473,0.824055,0.291232,2.86152e+24,57.2304,0,0
119in,49,119,311.37,0.03,1080,1/2-,1050.21,0.08,738.84,(5/2+),,,0,M2,0.78125,0.21875,0,1.21197,982.098,1.32924,1.22711e-07,Weisskopf M2,3,0.00518331,0.830541,0.00586268,1.40738e+26,2814.77,0,0
119in,49,119,311.37,0.03,1080,1/2-,1920.99,0.08,1609.62,1/2+ 3/2+,,,1,,0.0188301,0.98117,0,1.50719,1615.48,1.00364,,unknown,1,,1.8094,,,,0,0
119in,49,119,311.37,0.03,1080,1/2-,2064.15,0.18,1752.78,1/2+ 3/2 5/2-,,,1,,0.361019,0.638981,0,1.84957,1865.19,1.06413,,unknown,1,,1.97033,,,,0,0
119in,49,119,311.37,0.03,1080,1/2-,2338.04,0.08,2026.67,1/2+ 3/2+,,,1,,0.146503,0.853497,0,1.98326,2072.29,1.02251,,unknown,1,,2.27821,,,,0,0
119in,49,119,311.37,0.03,1080,1/2-,2367.95,0.1,2056.58,1/2+ 3/2+,,,1,,0.0776934,0.922307,0,1.94873,2080.77,1.01176,,unknown,1,,2.31183,,,,0,0
119in,49,119,311.37,0.03,1080,1/2-,2667.86,0.19,2356.49,1/2+ 3/2+,,,1,,0,1,0,1.06254,2356.49,1,,unknown,1,,2.64897,,,,0,0
121in,49,121,313.68,0.07,232.8,1/2-,637.9,0.07,324.22,3/2-,,,1,M1,0,1,0,0.976562,324.22,1,0.00125624,Weisskopf M1,2,183.707,0.361436,477.47,2.14464e+21,0.0428928,0,0
121in,49,121,313.68,0.07,232.8,1/2-,987.17,0.1,673.49,(3/2+),5.5e-09,,1,E1,0,1,0,1.77117,673.49,1,1.70586e-08,measured,2,0.000578114,0.750797,0.000723339,7.80544e+26,15610.9,0,0
121in,49,121,313.68,0.07,232.8,1/2-,1040.33,0.08,726.65,(5/2)+,,,0,M2,0.826446,0.173554,0,1.16949,985.89,1.35676,1.14178e-07,Weisskopf M2,3,0.00498606,0.81006,0.00578217,1.47882e+26,2957.63,0,0
121in,49,121,313.68,0.07,232.8,1/2-,1078.98,0.1,765.3,5/2-,,,1,E2,0,1,0,1.21954,765.3,1,7.54909e-06,Weisskopf E2,3,0.297204,0.853146,0.327252,2.50566e+24,50.1132,0,0
121in,49,121,313.68,0.07,232.8,1/2-,1197.34,0.12,883.66,(1/2+),2e-09,LT,0,E1,2.22045e-16,1,0,2.46621,883.66,1,1.11108,Weisskopf E1,1,10936.5,0.985092,10429.2,3.88794e+19,0.000777587,0,0
121in,49,121,313.68,0.07,232.8,1/2-,1315.22,0.07,1001.54,(5/2+),,,0,M2,0.576679,0.423321,0,1.65948,1182.43,1.18061,5.67935e-07,Weisskopf M2,3,0.0130553,1.1165,0.0109844,5.48593e+25,1097.19,0,0
121in,49,121,313.68,0.07,232.8,1/2-,1483.26,0.09,1169.58,(5/2+),,,0,M2,1,0,0,1,1483.26,1.2682,1.23341e-06,Weisskopf M2,3,0.0207908,1.30383,0.0149796,6.67574e+25,1335.15,0,0
121in,49,121,313.68,0.07,232.8,1/2-,1961.23,0.15,1647.55,(1/2+ 3/2+),,,1,,0,1,0,1.22536,1647.55,1,,unknown,1,,1.83667,,,,0,0
121in,49,121,313.68,0.07,232.8,1/2-,2136.36,0.12,1822.68,(3/2+),,,1,E1,0.417397,0.582603,0,2.23303,1953.61,1.07183,9.75036,Weisskopf E1,2,45116.2,2.0319,20858.4,2.14696e+19,0.000429392,0,0
121in,49,121,313.68,0.07,232.8,1/2-,2264.91,0.1,1951.23,(5/2)+,,,0,M2,0.23104,0.76896,0,2.54961,2023.7,1.03714,1.59404e-05,Weisskopf M2,3,0.0965399,2.1752,0.0416925,9.40737e+24,188.147,0,0
121in,49,121,313.68,0.07,232.8,1/2-,2336.95,0.1,2023.27,(1/2+ 3/2+),,,1,,0.329623,0.670377,0,2.03093,2126.67,1.0511,,unknown,1,,2.25551,,,,0,0
123in,49,123,327.21,0.04,47.4,1/2-,698.52,0.05,371.31,(3/2)-,,,1,M1,0,1,0,0.985057,371.31,1,0.00188696,Weisskopf M1,2,210.389,0.410552,481.399,2.10879e+21,0.0421758,0,0
123in,49,123,327.21,0.04,47.4,1/2-,1052.29,0.022,725.084,(5/2+),,,0,M2,0.873362,0.126638,0,1.12475,1010.86,1.39412,1.14195e-07,Weisskopf M2,3,0.00500833,0.801715,0.00586845,1.51503e+26,3030.07,0,0
123in,49,123,327.21,0.04,47.4,1/2-,1137.55,0.05,810.34,(3/2- 5/2-),,,1,,0,1,0,1.26075,810.34,1,,unknown,1,,0.895982,,,,0,0
123in,49,123,327.21,0.04,47.4,1/2-,1615.72,0.07,1288.51,(1/2 3/2 5/2-),,,1,,0,1,0,1.90705,1288.51,1,,unknown,1,,1.42469,,,,0,0
123in,49,123,327.21,0.04,47.4,1/2-,1926.49,0.06,1599.28,(1/2 3/2 5/2-),,,1,,0,1,0,1.67011,1599.28,1,,unknown,1,,1.7683,,,,0,0
123in,49,123,327.21,0.04,47.4,1/2-,2029.91,0.07,1702.7,(1/2+ 3/2+),,,1,,0,1,0,1.74064,1702.7,1,,unknown,1,,1.88265,,,,0,0
123in,49,123,327.21,0.04,47.4,1/2-,2136.63,0.05,1809.42,(1/2+ 3/2+),,,1,,0.267714,0.732286,0,1.94748,1897.02,1.04841,,unknown,1,,2.00065,,,,0,0
123in,49,123,327.21,0.04,47.4,1/2-,2393.31,0.05,2066.1,(5/2+),,,0,M2,0.4212,0.5788,0,2.14911,2203.92,1.06671,2.14516e-05,Weisskopf M2,3,0.115873,2.28446,0.0476485,9.76546e+24,195.309,0,0
123in,49,123,327.21,0.04,47.4,1/2-,2529.26,0.06,2202.05,(1/2+ 3/2+),,,1,,0,1,0,1.76691,2202.05,1,,unknown,1,,2.43478,,,,0,0
123in,49,123,327.21,0.04,47.4,1/2-,2541.35,0.06,2214.14,(1/2+ 3/2+),,,1,,0.125363,0.874637,0,2.14829,2255.16,1.01853,,unknown,1,,2.44814,,,,0,0
113sn,50,113,77.389,0.019,1284,7/2+,409.83,0.04,332.441,5/2+,,,1,M1,0.00862496,0.991375,0,1,333.108,1.00201,0.00135425,Weisskopf M1,0.75,70.6371,0.383495,173.031,5.77932e+21,0.115586,0,0
113sn,50,113,77.389,0.019,1284,7/2+,498.07,0.05,420.681,3/2+,3.5e-13,GT,1,E2,0.964603,0.0353971,0,1.03279,495.331,1.17745,3.45853e-07,Weisskopf E2,0.5,0.00751032,0.485286,0.0145382,6.66007e+25,1332.01,0,0
113sn,50,113,77.389,0.019,1284,7/2+,738.4,0.3,661.011,11/2-,8.6e-08,,1,M2,0,1,0,0.986875,661.011,1,5.30509e-09,measured,1.5,0.000139981,0.762525,0.000172451,5.87586e+27,117517,0,0
113sn,50,113,77.389,0.019,1284,7/2+,1013.94,0.14,936.551,3/2+,2e-13,,1,E2,0.488205,0.511795,0,1.00331,974.333,1.04034,0.00116002,measured,0.5,5.0825,1.08038,4.41928,2.25536e+23,4.51072,0,0
113sn,50,113,77.389,0.019,1284,7/2+,1018.08,0.05,940.691,5/2+,1e-12,,1,M1,0.0911638,0.908836,0,1.57471,947.746,1.0075,0.000154701,measured,0.75,1.00778,1.08516,0.872414,7.27907e+23,14.5581,0,0
113sn,50,113,77.389,0.019,1284,7/2+,1284.06,0.11,1206.67,5/2+,5e-13,,1,M1,0.876207,0.123793,0,1.13983,1274.48,1.05619,6.5022e-05,measured,0.75,0.257423,1.39198,0.173725,5.05005e+24,101.001,0,0
113sn,50,113,77.389,0.019,1284,7/2+,1314.07,0.15,1236.68,3/2+,,,0,E2,0.994524,0.00547562,0,1.15976,1313.65,1.06224,7.59303e-05,Weisskopf E2,0.5,0.190797,1.4266,0.125638,6.86294e+24,137.259,0,0
113sn,50,113,77.389,0.019,1284,7/2+,1355.9,0.2,1278.51,3/2+,7e-13,,0,E2,1,0,0,1,1355.9,1.06053,8.96704e-05,Weisskopf E2,0.5,0.210821,1.47486,0.134281,7.44708e+24,148.942,0,0
113sn,50,113,77.389,0.019,1284,7/2+,1472.54,0.15,1395.15,5/2+,8e-13,,0,M1,1,0,0,1,1472.54,1.05547,0.100096,Weisskopf M1,0.75,296.442,1.60941,173.031,5.77932e+21,0.115586,0,0
113sn,50,113,77.389,0.019,1284,7/2+,1539,0.7,1461.61,5/2+,6e-13,,0,M1,0.00862496,0.991375,0,2,1462.28,1.00046,0.115093,Weisskopf M1,0.75,310.563,1.68608,173.031,2.88966e+21,0.0577932,0,0
113sn,50,113,77.389,0.019,1284,7/2+,1539.9,0.4,1462.51,(11/2-),2e-13,,0,M2,0,1,0,1.98687,1462.51,1,3.60287e-06,Weisskopf M2,1.5,0.0194198,1.68711,0.0108131,4.65456e+25,930.912,0,0
113sn,50,113,77.389,0.019,1284,7/2+,1556.5,0.1,1479.11,3/2+,,,1,E2,0.650144,0.349856,0,1.37314,1529.42,1.03402,0.000185836,Weisskopf E2,0.5,0.326439,1.70626,0.179724,4.05209e+24,81.0419,0,0
113sn,50,113,77.389,0.019,1284,7/2+,1646.06,0.14,1568.67,3/2+ 5/2+,,,1,,0.832816,0.167184,0,1.40939,1633.12,1.04109,,unknown,1,,1.80958,,,,0,0
113sn,50,113,77.389,0.019,1284,7/2+,1651.62,0.17,1574.23,5/2+,,,1,M1,0.00574998,0.99425,0,1.66667,1574.68,1.00028,0.1438,Weisskopf M1,0.75,334.493,1.81599,173.031,3.46759e+21,0.0693518,0,0
113sn,50,113,77.389,0.019,1284,7/2+,1732.22,0.17,1654.83,(3/2+ 5/2+),,,1,,0.834003,0.165997,0,1.92767,1719.37,1.039,,unknown,1,,1.90897,,,,0,0
113sn,50,113,77.389,0.019,1284,7/2+,1744.81,0.14,1667.42,3/2+ 5/2+,3.1e-13,,1,,0.0980156,0.901984,0,1.77124,1675.01,1.00455,0.000372476,measured,1,1.0297,1.92349,0.502888,1.12267e+24,22.4534,0,0
113sn,50,113,77.389,0.019,1284,7/2+,1781.1,0.3,1703.71,9/2-,1.9e-13,,1,E1,0,1,0,1.93988,1703.71,1,0.000114345,measured,1.25,0.378477,1.96536,0.180904,2.84955e+24,56.991,0,0
113sn,50,113,77.389,0.019,1284,7/2+,1867.28,0.2,1789.89,5/2+,3.3e-13,,0,M1,0.888776,0.111224,0,2.12563,1858.67,1.03843,0.211365,Weisskopf M1,0.75,380.316,2.06477,173.031,2.71887e+21,0.0543773,0,0
113sn,50,113,77.389,0.019,1284,7/2+,1935.4,0.4,1858.01,(11/2-),1.9e-12,,0,M2,0,1,0,1.98687,1858.01,1,1.19232e-05,Weisskopf M2,1.5,0.0398191,2.14335,0.0174522,2.8839e+25,576.78,0,0
113sn,50,113,77.389,0.019,1284,7/2+,1945.3,0.4,1867.91,(9/2-),4e-13,,0,E1,0,1,0,1.98687,1867.91,1,10.0266,Weisskopf E1,1.25,27609.2,2.15477,12036.6,4.18144e+19,0.000836289,0,0
113sn,50,113,77.389,0.019,1284,7/2+,1957.05,0.16,1879.66,3/2(+) 5/2(+),,,1,,0.575012,0.424988,0,1.59052,1924.16,1.02367,,unknown,1,,2.16833,,,,0,0
113sn,50,113,77.389,0.019,1284,7/2+,2039.88,0.19,1962.49,7/2+,2e-13,,0,M1,0.952064,0.0479356,0,2.31473,2036.17,1.03754,0.278597,Weisskopf M1,1,555.987,2.26388,230.708,1.87257e+21,0.0374513,0,0
113sn,50,113,77.389,0.019,1284,7/2+,2045.47,0.2,1968.08,(3/2+ 5/2+),,,1,,0.597624,0.402376,0,1.87362,2014.33,1.0235,,unknown,1,,2.27033,,,,0,0
113sn,50,113,77.389,0.019,1284,7/2+,2105,5,2027.61,(3/2-),,,0,M2,0,0,1,0,0,0,1.84534e-05,Weisskopf M2,0.5,0.0172496,2.339,0.00692788,,,0,0
113sn,50,113,77.389,0.019,1284,7/2+,2176.27,0.18,2098.88,7/2+,3e-13,,1,M1,0.258817,0.741183,0,1.78613,2118.91,1.00954,0.000387111,measured,1,0.675403,2.42121,0.262048,2.13652e+24,42.7303,0,0
113sn,50,113,77.389,0.019,1284,7/2+,2200.7,0.3,2123.31,5/2+,2.4e-13,GT,0,M1,0.964603,0.0353971,0,2.03279,2197.96,1.03516,0.352854,Weisskopf M1,0.75,451.161,2.44939,173.031,2.84305e+21,0.056861,0,0
113sn,50,113,77.389,0.019,1284,7/2+,2258.6,0.3,2181.21,5/2+,3e-13,,0,M1,0.925873,0.0741274,0,2.08373,2252.86,1.03285,0.382514,Weisskopf M1,0.75,463.464,2.51619,173.031,2.77354e+21,0.0554708,0,0
113sn,50,113,77.389,0.019,1284,7/2+,2336.7,0.4,2259.31,11/2-,3.5e-13,,0,M2,0,1,0,1.98687,2259.31,1,3.16981e-05,Weisskopf M2,1.5,0.0715937,2.60628,0.025805,1.95041e+25,390.081,0,0
113sn,50,113,77.389,0.019,1284,7/2+,2385.77,0.25,2308.38,7/2+,7e-13,,0,M1,0.972337,0.0276635,0,2.16102,2383.63,1.0326,0.453395,Weisskopf M1,1,653.98,2.66289,230.708,2.00576e+21,0.0401152,0,0
113sn,50,113,77.389,0.019,1284,7/2+,2448.38,0.23,2370.99,7/2+,,,0,M1,0.930375,0.0696247,0,2.07865,2442.99,1.03037,0.491296,Weisskopf M1,1,671.718,2.73511,230.708,2.08525e+21,0.0417049,0,0
113sn,50,113,77.389,0.019,1284,7/2+,2649,0.4,2571.61,(9/2-),,,0,E1,0,1,0,1.98687,2571.61,1,26.1638,Weisskopf E1,1.25,38010.5,2.96654,12036.6,4.18144e+19,0.000836289,0,0
113sn,50,113,77.389,0.019,1284,7/2+,2717.8,0.4,2640.41,(11/2-),,,0,M2,1.11022e-16,1,0,2.61093,2640.41,1,6.91052e-05,Weisskopf M2,1.5,0.114278,3.04591,0.0352448,1.0867e+25,217.339,0,0
113sn,50,113,77.389,0.019,1284,7/2+,2764,5,2686.61,(7/2)-,,,0,E1,0,0,1,0,0,0,29.8331,Weisskopf E1,1,31768.2,3.0992,9629.27,,,0,0
113sn,50,113,77.389,0.019,1284,7/2+,2862,5,2784.61,(7/2)-,,,0,E1,0,0,1,0,0,0,33.2184,Weisskopf E1,1,32927,3.21225,9629.27,,,0,0
113sn,50,113,77.389,0.019,1284,7/2+,2932.2,0.5,2854.81,,,,1,,0.619048,0.380952,0,1.75892,2902.72,1.01678,,unknown,1,,3.29323,,,,0,0
117sn,50,117,314.58,0.04,1.20433e+06,11/2-,711.54,0.1,396.96,7/2+,9.8e-10,,1,M2,0.998183,0.00181721,0,1.85801,710.968,1.79103,8.45998e-10,measured,0.666667,2.75098e-05,0.450027,5.74248e-05,9.37243e+27,187449,0,0
117sn,50,117,314.58,0.04,1.20433e+06,11/2-,1304.3,0.5,989.72,(7/2-),,,1,E2,0,1,0,0.998685,989.72,1,2.61115e-05,Weisskopf E2,0.666667,0.13659,1.12203,0.114358,8.75601e+24,175.12,0,0
117sn,50,117,314.58,0.04,1.20433e+06,11/2-,1588,0.5,1273.42,(11/2-),,,0,M1,0,0,1,0,0,0,0.0761147,Weisskopf M1,1,360.768,1.44365,234.756,,,0,0
117sn,50,117,314.58,0.04,1.20433e+06,11/2-,1593.1,0.3,1278.52,(15/2-),,,1,E2,0,1,0,0.999221,1278.52,1,9.39307e-05,Weisskopf E2,1.33333,0.58889,1.44944,0.381668,2.62212e+24,52.4424,0,0
117sn,50,117,314.58,0.04,1.20433e+06,11/2-,1625.4,0.3,1310.82,(13/2-),,,1,M1,0,1,0,0.999181,1310.82,1,0.08302,Weisskopf M1,1.16667,433.258,1.48605,273.882,3.65421e+21,0.0730842,0,0
117sn,50,117,314.58,0.04,1.20433e+06,11/2-,1874.5,0.4,1559.92,(11/2+),,,0,E1,0.998183,0.00181721,0,2.85708,1873.93,1.2013,5.97673,Weisskopf E1,1,18878.2,1.76845,10028.1,3.49027e+19,0.000698054,0,0
119sn,50,119,89.531,0.013,2.53238e+07,11/2-,787.01,0.04,697.479,7/2+,1.9e-10,,1,M2,0.995087,0.00491289,0,1.16176,786.57,1.12773,1.17971e-08,measured,0.666667,0.000124258,0.784047,0.000148879,5.78161e+27,115632,0,0
119sn,50,119,89.531,0.013,2.53238e+07,11/2-,1062.4,1,972.869,7/2-,,,1,E2,0,1,0,0.998492,972.869,1,2.45107e-05,Weisskopf E2,0.666667,0.132696,1.09362,0.113984,8.78639e+24,175.728,0,0
119sn,50,119,89.531,0.013,2.53238e+07,11/2-,1304.4,0.1,1214.87,GE7/2,,,1,,0,1,0,1,1214.87,1,,unknown,1,,1.36565,,,,0,0
119sn,50,119,89.531,0.013,2.53238e+07,11/2-,1309.3,0.9,1219.77,(15/2-),,,1,E2,0,1,0,1,1219.77,1,7.59403e-05,Weisskopf E2,1.33333,0.523069,1.37116,0.358361,2.79048e+24,55.8096,0,0
119sn,50,119,89.531,0.013,2.53238e+07,11/2-,1378.8,0.9,1289.27,(13/2-),,,1,M1,0,1,0,1,1289.27,1,0.0789922,Weisskopf M1,1.16667,426.135,1.44929,276.212,3.6204e+21,0.072408,0,0
121sn,50,121,6.31,0.06,1.38535e+09,11/2-,663.63,0.06,657.32,7/2- 9/2-,,,1,,0,1,0,0.996214,657.32,1,,unknown,1,,0.732771,,,,0,0
121sn,50,121,6.31,0.06,1.38535e+09,11/2-,925.59,0.05,919.28,7/2+,2.5e-10,,1,M2,0.87929,0.12071,0,1.07945,924.828,1.00604,7.54638e-08,measured,0.666667,0.000457567,1.0248,0.000419436,2.20867e+27,44173.4,0,0
121sn,50,121,6.31,0.06,1.38535e+09,11/2-,949.2,0.5,942.89,7/2-,,,1,E2,0,1,0,0.998373,942.89,1,2.14309e-05,Weisskopf E2,0.666667,0.123518,1.05112,0.11039,9.07358e+24,181.472,0,0
121sn,50,121,6.31,0.06,1.38535e+09,11/2-,1157,0.5,1150.69,(15/2-),,,1,E2,0,1,0,1,1150.69,1,5.80133e-05,Weisskopf E2,1.33333,0.449006,1.28277,0.328816,3.04121e+24,60.8243,0,0
121sn,50,121,6.31,0.06,1.38535e+09,11/2-,1247,0.5,1240.69,(13/2-),,,1,M1,0,1,0,1,1240.69,1,0.0703953,Weisskopf M1,1.16667,410.078,1.3831,278.524,3.59036e+21,0.0718071,0,0
121sn,50,121,6.31,0.06,1.38535e+09,11/2-,2589,2.3,2582.69,7/2-,,,0,E2,0,0,1,0,0,0,0.00330443,Weisskopf E2,0.666667,2.53843,2.87915,0.82823,,,0,0
121sn,50,121,6.31,0.06,1.38535e+09,11/2-,2666,2,2659.69,7/2-,,,0,E2,0,0,1,0,0,0,0.00382729,Weisskopf E2,0.666667,2.7723,2.96499,0.878352,,,0,0
121sn,50,121,6.31,0.06,1.38535e+09,11/2-,2930,7,2923.69,(7/2-),,,0,E2,0,0,1,0,0,0,0.00614317,Weisskopf E2,0.666667,3.68249,3.25929,1.06138,,,0,0
123sn,50,123,24.6,0.4,2403.6,3/2+,150.4,0.4,125.8,1/2+,,,1,M1,0,1,0,0.772201,125.8,1,7.3383e-05,Weisskopf M1,0.5,17.82,0.139095,120.35,1.07603e+22,0.215206,0,0
123sn,50,123,24.6,0.4,2403.6,3/2+,870.1,0.5,845.5,(5/2)+,,,1,M1,0,1,0,1.08458,845.5,1,0.0222789,Weisskopf M1,1.5,359.304,0.934857,361.05,2.55372e+21,0.0510743,0,0
123sn,50,123,24.6,0.4,2403.6,3/2+,920,0.5,895.4,(3/2)+,,,1,M1,0,1,0,1.19827,895.4,1,0.0264609,Weisskopf M1,1,253.673,0.990031,240.7,3.46712e+21,0.0693425,0,0
123sn,50,123,24.6,0.4,2403.6,3/2+,931.4,0.5,906.8,7/2-,,,0,M2,1,0,0,0.998492,931.4,1.02713,3.49351e-07,Weisskopf M2,2,0.00653088,1.00264,0.00611897,1.63673e+26,3273.46,0,0
123sn,50,123,24.6,0.4,2403.6,3/2+,1044.3,0.5,1019.7,(7/2)+,1e-10,LT,1,E2,0.0049519,0.995048,0,1.01021,1019.82,1.00012,3.24034e-05,Weisskopf E2,2,0.479048,1.12747,0.39914,2.48007e+24,49.6015,0,0
123sn,50,123,24.6,0.4,2403.6,3/2+,1072,0.6,1047.4,(1/2 3/2)+,,,1,,0,1,0,1.41016,1047.4,1,,unknown,1,,1.1581,,,,0,0
123sn,50,123,24.6,0.4,2403.6,3/2+,1136.3,0.8,1111.7,(1/2 3/2 5/2)+,,,1,,0,1,0,1.00652,1111.7,1,,unknown,1,,1.22919,,,,0,0
123sn,50,123,24.6,0.4,2403.6,3/2+,1155.03,0.14,1130.43,7/2+,1e-10,LT,1,E2,0.0162353,0.983765,0,1.01743,1130.83,1.00035,5.42559e-05,Weisskopf E2,2,0.652669,1.2499,0.490533,2.00368e+24,40.0736,0,0
123sn,50,123,24.6,0.4,2403.6,3/2+,1194.6,0.7,1170,(5/2)+,,,1,M1,0,1,0,0.998991,1170,1,0.0590352,Weisskopf M1,1.5,497.203,1.29365,361.05,2.7725e+21,0.05545,0,0
123sn,50,123,24.6,0.4,2403.6,3/2+,1488.8,1.1,1464.2,(5/2)+,,,1,M1,0,1,0,1,1464.2,1,0.115706,Weisskopf M1,1.5,622.226,1.61895,361.05,2.7697e+21,0.0553941,0,0
123sn,50,123,24.6,0.4,2403.6,3/2+,2425,0.5,2400.4,1/2+,,,0,M1,0,0,1,0,0,0,0.509806,Weisskopf M1,0.5,340.025,2.65409,120.35,,,0,0
123sn,50,123,24.6,0.4,2403.6,3/2+,2615.2,1.1,2590.6,(1/2+),,,0,M1,0,0,1,0,0,0,0.640848,Weisskopf M1,0.5,366.967,2.86439,120.35,,,0,0
123sn,50,123,24.6,0.4,2403.6,3/2+,2621,2.2,2596.4,(1/2+),,,1,M1,0,1,0,1.23595,2596.4,1,0.645162,Weisskopf M1,0.5,367.789,2.8708,120.35,6.72285e+21,0.134457,0,0
123sn,50,123,24.6,0.4,2403.6,3/2+,2716,15,2691.4,(7/2)-,,,0,M2,0,0,1,0,0,0,8.04628e-05,Weisskopf M2,2,0.170754,2.97584,0.0539029,,,0,0
125sn,50,125,27.5,0.14,586.2,3/2+,215.12,0.15,187.62,1/2+,,,1,M1,0,1,0,0.884956,187.62,1,0.00024344,Weisskopf M1,0.5,26.577,0.205783,121.324,9.31388e+21,0.186278,0,0
125sn,50,125,27.5,0.14,586.2,3/2+,854.69,0.17,827.19,7/2+,,,1,E2,0,1,0,0.998014,827.19,1,1.16304e-05,Weisskopf E2,2,0.261287,0.907266,0.270541,3.70365e+24,74.073,0,0
125sn,50,125,27.5,0.14,586.2,3/2+,930.38,0.23,902.88,1/2 3/2,,,1,,0,1,0,1.19358,902.88,1,,unknown,1,,0.990283,,,,0,0
125sn,50,125,27.5,0.14,586.2,3/2+,936.49,0.08,908.99,(7/2)-,,,0,M2,1,0,0,0.998511,936.49,1.03025,3.57412e-07,Weisskopf M2,2,0.00664943,0.996985,0.00626536,1.59846e+26,3196.91,0,0
125sn,50,125,27.5,0.14,586.2,3/2+,1059.25,0.18,1031.75,7/2+,,,1,E2,0,1,0,1,1031.75,1,3.51108e-05,Weisskopf E2,2,0.50702,1.13163,0.420893,2.3759e+24,47.518,0,0
125sn,50,125,27.5,0.14,586.2,3/2+,1072,0.4,1044.5,1/2 3/2,,,1,,0,1,0,1.40917,1044.5,1,,unknown,1,,1.14561,,,,0,0
125sn,50,125,27.5,0.14,586.2,3/2+,1187.5,0.7,1160,1/2+ 3/2+ 5/2+,,,1,,0,1,0,1.42997,1160,1,,unknown,1,,1.27229,,,,0,0
125sn,50,125,27.5,0.14,586.2,3/2+,1258.9,0.6,1231.4,(5/2)+,,,1,M1,0,1,0,1.20337,1231.4,1,0.0688258,Weisskopf M1,1.5,523.296,1.35061,363.973,2.28314e+21,0.0456627,0,0
125sn,50,125,27.5,0.14,586.2,3/2+,1362.52,0.07,1335.02,7/2+,,,1,E2,0.0986912,0.901309,0,1.10065,1337.73,1.00203,0.000127353,Weisskopf E2,2,1.09841,1.46426,0.70469,1.2893e+24,25.786,0,0
125sn,50,125,27.5,0.14,586.2,3/2+,1540.3,1,1512.8,(5/2)+,,,1,M1,0,1,0,1,1512.8,1,0.127614,Weisskopf M1,1.5,642.879,1.65925,363.973,2.74746e+21,0.0549491,0,0
125sn,50,125,27.5,0.14,586.2,3/2+,2249.5,0.9,2222,(3/2+ 5/2+),,,1,,0,1,0,1.73746,2222,1,,unknown,1,,2.4371,,,,0,0
125sn,50,125,27.5,0.14,586.2,3/2+,2284.2,1,2256.7,,,,1,,0,1,0,1,2256.7,1,,unknown,1,,2.47516,,,,0,0
125sn,50,125,27.5,0.14,586.2,3/2+,2760,10,2732.5,7/2-,,,0,M2,0,0,1,0,0,0,8.77354e-05,Weisskopf M2,2,0.180629,2.99702,0.0566172,,,0,0
127sn,50,127,5.07,0.06,247.8,3/2+,257.76,0.08,252.69,(1/2)+,,,1,M1,0,1,0,0.957304,252.69,1,0.000594727,Weisskopf M1,0.5,35.7944,0.274961,122.291,8.54191e+21,0.170838,0,0
127sn,50,127,5.07,0.06,247.8,3/2+,809.94,0.06,804.87,(5/2+),,,1,M1,0,1,0,1,804.87,1,0.019219,Weisskopf M1,1.5,342.038,0.875807,366.873,2.72574e+21,0.0545147,0,0
127sn,50,127,5.07,0.06,247.8,3/2+,953.95,0.09,948.88,(1/2 3/2),,,1,,0,1,0,1.27748,948.88,1,,unknown,1,,1.03251,,,,0,0
127sn,50,127,5.07,0.06,247.8,3/2+,963.61,0.06,958.54,(7/2-),,,0,M2,1,0,0,1.03368,963.61,1.00529,4.71e-07,Weisskopf M2,2,0.00788013,1.04302,0.00709727,1.36308e+26,2726.16,0,0
127sn,50,127,5.07,0.06,247.8,3/2+,1053.62,0.06,1048.55,(7/2+),,,1,E2,0,1,0,1.06603,1048.55,1,3.88782e-05,Weisskopf E2,2,0.543577,1.14096,0.447548,2.096e+24,41.9199,0,0
127sn,50,127,5.07,0.06,247.8,3/2+,1090.61,0.12,1085.54,(1/2 3/2),,,1,,0,1,0,1.42547,1085.54,1,,unknown,1,,1.18121,,,,0,0
127sn,50,127,5.07,0.06,247.8,3/2+,1233.41,0.24,1228.34,(3/2+),,,1,M1,0,1,0,1.50384,1228.34,1,0.068314,Weisskopf M1,1,347.997,1.3366,244.582,2.71877e+21,0.0543754,0,0
127sn,50,127,5.07,0.06,247.8,3/2+,1331.55,0.11,1326.48,(5/2+),,,1,M1,0,1,0,1.04559,1326.48,1,0.0860312,Weisskopf M1,1.5,563.701,1.44339,366.873,2.6069e+21,0.052138,0,0
127sn,50,127,5.07,0.06,247.8,3/2+,1602.65,0.06,1597.58,(7/2+),,,1,E2,0.137417,0.862583,0,1.16966,1598.28,1.00044,0.000319208,Weisskopf E2,2,1.92257,1.73838,1.03893,8.22913e+23,16.4583,0,0
127sn,50,127,5.07,0.06,247.8,3/2+,1702.59,0.07,1697.52,(7/2+),,,1,E2,0,1,0,1.83408,1697.52,1,0.000432349,Weisskopf E2,2,2.30642,1.84713,1.17298,4.64827e+23,9.29654,0,0
127sn,50,127,5.07,0.06,247.8,3/2+,1819.9,0.3,1814.83,(1/2 3/2),,,1,,0,1,0,1,1814.83,1,,unknown,1,,1.97478,,,,0,0
127sn,50,127,5.07,0.06,247.8,3/2+,1909.54,0.07,1904.47,(7/2+),,,1,E2,0.265114,0.734886,0,2.0405,1905.81,1.00071,0.000768477,Weisskopf E2,2,3.25698,2.07232,1.47642,3.31935e+23,6.63871,0,0
127sn,50,127,5.07,0.06,247.8,3/2+,2024.21,0.08,2019.14,(7/2+),,,0,E2,0.288087,0.711913,0,2.26927,2020.6,1.00072,0.00102942,Weisskopf E2,2,3.88144,2.1971,1.65956,2.65534e+23,5.31068,0,0
127sn,50,127,5.07,0.06,247.8,3/2+,2042.52,0.11,2037.45,(7/2+),,,0,E2,0.220726,0.779274,0,2.44928,2038.57,1.00055,0.00107695,Weisskopf E2,2,3.98799,2.21702,1.6898,2.41616e+23,4.83233,0,0
128sn,50,128,2091.5,0.11,6.5,(7-),2120.91,0.08,29.41,(5-),8.6e-09,,0,E2,1,0,0,2.90342,2120.91,72.1153,6.81988e-13,Weisskopf E2,0.733333,4.44418e-06,0.0318768,0.000130969,2.6298e+27,52595.9,1,1
128sn,50,128,2091.5,0.11,6.5,(7-),2378.08,0.13,286.58,(7-),,,0,M1,1,0,0,3.90342,2378.08,8.29814,0.000867544,Weisskopf M1,1,81.19,0.310617,245.543,1.04334e+21,0.0208668,0,0
128sn,50,128,2091.5,0.11,6.5,(7-),2412.71,0.12,321.21,(8+),4e-08,LT,1,E1,0,1,0,0.992891,321.21,1,0.0554038,Weisskopf E1,1.13333,4677.59,0.348152,12621.3,7.97984e+19,0.00159597,0,0
128sn,50,128,2091.5,0.11,6.5,(7-),2547.1,0.11,455.6,(7-),,,0,M1,1,0,0,3.90342,2547.1,5.59065,0.00348582,Weisskopf M1,1,129.075,0.493814,245.543,1.04334e+21,0.0208668,0,0
128sn,50,128,2091.5,0.11,6.5,(7-),3146.7,0.3,1055.2,(9-),,,1,E2,0,1,0,1,1055.2,1,4.05486e-05,Weisskopf E2,1.26667,0.354545,1.14371,0.291211,3.43393e+24,68.6787,0,0
128sn,50,128,2091.5,0.11,6.5,(7-),3175.78,0.11,1084.28,(7-),,,0,M1,0.840336,0.159664,0,3.59838,2841.84,2.62095,0.046987,Weisskopf M1,1,307.184,1.17522,245.543,1.13179e+21,0.0226357,0,0
128sn,50,128,2091.5,0.11,6.5,(7-),3383.14,0.15,1291.64,(7-),,,0,M1,0.946074,0.0539262,0,4.13814,3270.35,2.53194,0.0794288,Weisskopf M1,1,365.93,1.39998,245.543,9.84161e+20,0.0196832,0,0
128sn,50,128,2091.5,0.11,6.5,(7-),3871.48,0.15,1779.98,(7- 8- 9-),,,1,,0,1,0,1,1779.98,1,,unknown,1,,1.92928,,,,0,0
128sn,50,128,2091.5,0.11,6.5,(7-),3958.55,0.15,1867.05,(7- 8- 9-),,,1,,0,1,0,1,1867.05,1,,unknown,1,,2.02365,,,,0,0
128sn,50,128,2091.5,0.11,6.5,(7-),4065.36,0.14,1973.86,(9-),,,1,E2,0,1,0,1.05314,1973.86,1,0.000928718,Weisskopf E2,1.26667,2.32069,2.13942,1.01899,9.31841e+23,18.6368,0,0
128sn,50,128,2091.5,0.11,6.5,(7-),4213.63,0.15,2122.13,(7- 8- 9-),,,1,,0,1,0,1,2122.13,1,,unknown,1,,2.30012,,,,0,0
129sn,50,129,35.15,0.05,414,11/2-,763.7,0.05,728.55,(9/2-),,,1,M1,0,1,0,1,728.55,1,0.0142538,Weisskopf M1,0.833333,172.003,0.786591,205.417,4.86814e+21,0.0973629,0,0
129sn,50,129,35.15,0.05,414,11/2-,1043.66,0.05,1008.51,(7/2-),,,1,E2,0,1,0,1.04031,1008.51,1,3.26745e-05,Weisskopf E2,0.666667,0.164612,1.08885,0.142017,6.76857e+24,135.371,0,0
129sn,50,129,35.15,0.05,414,11/2-,1047.35,0.06,1012.2,(7/2+),,,0,M2,1,0,0,1.40476,1047.35,1.03473,6.24921e-07,Weisskopf M2,0.666667,0.00312539,1.09284,0.00268658,2.64971e+26,5299.42,0,0
129sn,50,129,35.15,0.05,414,11/2-,1054.21,0.08,1019.06,(7/2+),,,0,M2,1,0,0,1.24586,1054.21,1.03449,6.46387e-07,Weisskopf M2,0.666667,0.00318937,1.10024,0.00272311,2.94757e+26,5895.13,0,0
129sn,50,129,35.15,0.05,414,11/2-,1171.48,0.07,1136.33,(15/2-),,,1,E2,0,1,0,1,1136.33,1,5.93377e-05,Weisskopf E2,1.33333,0.470938,1.22686,0.360595,2.77319e+24,55.4638,0,0
129sn,50,129,35.15,0.05,414,11/2-,1359.4,0.07,1324.25,(13/2-),,,1,M1,0,1,0,1,1324.25,1,0.085598,Weisskopf M1,1.16667,437.697,1.42975,287.584,3.47725e+21,0.0695449,0,0
129sn,50,129,35.15,0.05,414,11/2-,1534.35,0.11,1499.2,(7/2- 9/2+),,,1,,0.630597,0.369403,0,1.72234,1521.37,1.01478,,unknown,1,,1.61864,,,,0,0
129sn,50,129,35.15,0.05,414,11/2-,1701.1,0.11,1665.95,(7/2-),,,0,E2,0.37037,0.62963,0,2.0112,1678.97,1.00781,0.0004019,Weisskopf E2,0.666667,0.742003,1.79867,0.38753,1.28304e+24,25.6608,0,0
129sn,50,129,35.15,0.05,414,11/2-,1741.89,0.07,1706.74,(15/2+),,,0,M2,0,1,0,2,1706.74,1,8.51786e-06,Weisskopf M2,1.33333,0.0299666,1.84271,0.0152768,3.27295e+25,654.589,0,0
129sn,50,129,35.15,0.05,414,11/2-,1865.05,0.04,1829.9,(7/2+),,,1,M2,0.928182,0.0718175,0,1.1573,1862.53,1.01783,1.20679e-05,Weisskopf M2,0.666667,0.0184666,1.97568,0.00878054,9.84086e+25,1968.17,0,0
129sn,50,129,35.15,0.05,414,11/2-,2118.34,0.05,2083.19,(7/2+),,,1,M2,0.919246,0.0807539,0,1.15218,2115.5,1.01551,2.30748e-05,Weisskopf M2,0.666667,0.0272453,2.24915,0.0113795,7.627e+25,1525.4,0,0
129sn,50,129,35.15,0.05,414,11/2-,2981.81,0.17,2946.66,(7/2+),,,0,M2,1,0,0,1.91575,2981.81,1.01193,0.00013066,Weisskopf M2,0.666667,0.0771073,3.18141,0.0227681,2.29263e+25,458.527,0,0
130sn,50,130,1946.88,0.1,102,(7-),2084.84,0.08,137.96,(5-),5.2e-08,,1,E2,0.623008,0.376992,0,1.99303,1350.88,9.79184,3.30765e-09,measured,0.733333,0.000979531,0.148377,0.00620159,8.09066e+25,1618.13,0,0
130sn,50,130,1946.88,0.1,102,(7-),2256.96,0.22,310.08,(6+),,,0,E1,1,0,0,3,2256.96,7.27864,0.0503596,Weisskopf E1,0.866667,3488.91,0.333493,9827.75,3.39175e+19,0.000678351,0,0
130sn,50,130,1946.88,0.1,102,(7-),2338.26,0.11,391.38,(8+),4e-08,LT,1,E1,0,1,0,1,391.38,1,0.101264,Weisskopf E1,1.13333,5758.65,0.420931,12851.7,7.78108e+19,0.00155622,0,0
130sn,50,130,1946.88,0.1,102,(7-),4205.73,0.13,2258.85,(9-),,,1,E2,1.11022e-16,1,0,1.04451,2258.85,1,0.00186087,Weisskopf E2,1.26667,3.55065,2.42941,1.37296,6.97319e+23,13.9464,0,0
118sb,51,118,250,6,18036,8-,511,0.3,261,,,,1,,0,1,0,1,261,1,,unknown,1,,0.294635,,,,0,0
118sb,51,118,250,6,18036,8-,568.23,0.03,318.23,(6 7 8)-,,,1,,0,1,0,0.972006,318.23,1,,unknown,1,,0.35924,,,,0,0
118sb,51,118,250,6,18036,8-,821.66,0.04,571.66,(6- 7 8),,,1,,0,1,0,1.82373,571.66,1,,unknown,1,,0.645329,,,,0,0
118sb,51,118,250,6,18036,8-,837.35,0.21,587.35,(6+),,,0,M2,1,0,0,2.83319,837.35,1.42564,3.87412e-08,Weisskopf M2,0.764706,0.00066005,0.663041,0.000935162,3.77431e+26,7548.63,0,0
118sb,51,118,250,6,18036,8-,926.48,0.04,676.48,7 8 9-,,,1,,0,1,0,1.20057,676.48,1,,unknown,1,,0.763657,,,,0,0
118sb,51,118,250,6,18036,8-,964.88,0.04,714.88,(7)+,2.26e-08,,1,E1,0,1,0,1.73573,714.88,1,4.43514e-09,measured,0.882353,5.88553e-05,0.807005,6.85109e-05,8.40925e+27,168185,0,0
118sb,51,118,250,6,18036,8-,998.63,0.06,748.63,7 8 9-,,,1,,0,1,0,1.13456,748.63,1,,unknown,1,,0.845105,,,,0,0
118sb,51,118,250,6,18036,8-,1187.21,0.04,937.21,7- 8- 9-,,,1,,0,1,0,1.89738,937.21,1,,unknown,1,,1.05799,,,,0,0
118sb,51,118,250,6,18036,8-,1224.34,0.09,974.34,(8-),,,0,M1,0,1,0,2.89738,974.34,1,0.0340946,Weisskopf M1,1,276.037,1.0999,235.757,1.46397e+21,0.0292793,0,0
118sb,51,118,250,6,18036,8-,1427.07,0.09,1177.07,(9-),,,1,M1,0,1,0,2.88141,1177.07,1,0.0601119,Weisskopf M1,1.11765,372.704,1.32876,263.493,1.31712e+21,0.0263424,0,0
118sb,51,118,250,6,18036,8-,1451.05,0.07,1201.05,,,,1,,0,1,0,1.53115,1201.05,1,,unknown,1,,1.35583,,,,0,0
118sb,51,118,250,6,18036,8-,1571,0.3,1321,(10-),,,1,E2,0,1,0,1,1321,1,0.00011187,Weisskopf E2,1.23529,0.608667,1.49124,0.383428,2.60805e+24,52.161,0,0
118sb,51,118,250,6,18036,8-,1753.4,0.4,1503.4,(10-),,,0,E2,0,1,0,3.85704,1503.4,1,0.000213585,Weisskopf E2,1.23529,0.897212,1.69714,0.496624,5.22058e+23,10.4412,0,0
122sb,51,122,163.559,0.0017,251.46,(8)-,265.111,0.0016,101.552,(7)-,,,1,M1,0,1,0,0.543478,101.552,1,3.86028e-05,Weisskopf M1,0.882353,25.3856,0.112744,211.517,8.69906e+21,0.173981,0,0
122sb,51,122,163.559,0.0017,251.46,(8)-,413.766,0.0016,250.207,(6)-,,,0,E2,0.313122,0.686878,0,1.67229,301.421,1.20469,2.85099e-08,Weisskopf E2,0.764706,0.00267667,0.277781,0.00905196,6.60609e+25,1321.22,0,0
124sb,51,124,10.8627,0.0008,93,5+,36.844,0.0014,25.9813,(8)-,1212,,1,E3,0,1,0,3.36689e-05,25.9813,1,3.76434e-19,measured,1.54545,6.62409e-12,0.0286111,2.17491e-10,1.36562e+38,2.73123e+15,1,1
124sb,51,124,10.8627,0.0008,93,5+,40.8038,0.0007,29.9411,3+ 4+,3.2e-06,,1,,0.554036,0.445964,0,0.17207,35.9594,1.20101,6.3583e-11,measured,1,0.000545141,0.0329717,0.0155317,3.74176e+26,7483.52,1,1
124sb,51,124,10.8627,0.0008,93,5+,87.6016,0.0004,76.7389,(4)-,,,0,E1,1,0,0,0.523286,87.6016,1.14155,0.000739651,Weisskopf E1,0.818182,789.857,0.0845063,8780.32,2.17646e+20,0.00435292,0,1
124sb,51,124,10.8627,0.0008,93,5+,125.229,0.0013,114.366,(6)-,8.6e-08,,1,E1,0.983974,0.0160259,0,0.354715,98.0126,0.857005,8.5019e-11,measured,1.18182,5.90436e-05,0.125942,0.000440404,6.40131e+27,128026,0,0
124sb,51,124,10.8627,0.0008,93,5+,195.982,0.0011,185.12,4+ 5+,,,1,,0.487145,0.512855,0,0.998816,190.411,1.02859,,unknown,1,,0.203857,,,,0,0
124sb,51,124,10.8627,0.0008,93,5+,214.603,0.0009,203.74,3+ 4+ 5+,,,1,,0.556807,0.443193,0,1.06408,209.789,1.02969,,unknown,1,,0.224363,,,,0,0
124sb,51,124,10.8627,0.0008,93,5+,287.129,0.0017,276.266,3+ 4+,,,1,,0.477184,0.522816,0,1.14607,281.449,1.01876,,unknown,1,,0.304229,,,,0,0
124sb,51,124,10.8627,0.0008,93,5+,402.877,0.0016,392.015,3+ 4+,,,1,,0.600003,0.399997,0,1.29049,398.532,1.01663,,unknown,1,,0.431694,,,,0,0
124sb,51,124,10.8627,0.0008,93,5+,445.672,0.003,434.809,6-,,,1,E1,0.970883,0.0291175,0,1.72065,424.091,0.97535,0.134548,Weisskopf E1,1.18182,6464.47,0.47882,12682.7,4.58245e+19,0.000916489,0,0
124sb,51,124,10.8627,0.0008,93,5+,483.999,0.0021,473.136,3+ 4+ 5+,,,1,,0.398107,0.601893,0,1.63828,477.461,1.00914,,unknown,1,,0.521026,,,,0,0
124sb,51,124,10.8627,0.0008,93,5+,581.916,0.004,571.053,,,,1,,0.391146,0.608854,0,1.28471,575.302,1.00744,,unknown,1,,0.628854,,,,0,0
124sb,51,124,36.844,0.0014,1212,(8)-,125.229,0.0013,88.3851,(6)-,8.6e-08,,1,E2,0.266029,0.733971,0,0.354715,98.0126,1.10893,3.89378e-09,measured,0.764706,0.00292962,0.0973313,0.0282754,9.97037e+25,1994.07,0,1
124sb,51,124,36.844,0.0014,1212,(8)-,180.051,0.0016,143.207,(7 8)-,,,1,,0.0194724,0.980528,0,0.853763,143.912,1.00492,,unknown,1,,0.157702,,,,0,0
124sb,51,124,36.844,0.0014,1212,(8)-,371.823,0.003,334.979,6- 7- 8-,,,1,,0.048762,0.951238,0,1.04525,336.744,1.00527,,unknown,1,,0.368885,,,,0,0
124sb,51,124,36.844,0.0014,1212,(8)-,445.672,0.003,408.828,6-,,,0,E2,0.422849,0.577151,0,1.72065,424.091,1.03733,3.39329e-07,Weisskopf E2,0.764706,0.0119326,0.450209,0.0248985,2.33418e+25,466.837,0,0
126sb,51,126,17.7,0.3,1149,(5+),40.4,0.3,22.7,(3-),11,AP,1,M2,0,1,0,0.00139082,22.7,1,3.48988e-15,Weisskopf M2,0.636364,3.31258e-08,0.0247985,1.25485e-06,5.72976e+32,1.14595e+10,1,1
126sb,51,126,17.7,0.3,1149,(5+),104.6,0.3,86.9,(3+),5.53e-07,,1,E2,0.375193,0.624807,0,0.383905,78.3831,0.901992,5.1548e-10,measured,0.636364,0.000333872,0.0949334,0.00330379,7.88432e+26,15768.6,0,1
129sb,51,129,1851.31,0.06,1062,(19/2-),1861.06,0.05,9.75,(15/2-),2.2e-06,,1,E2,0.116417,0.883583,0,0.232861,225.275,23.1051,1.83238e-10,measured,0.8,0.0118522,0.0105267,1.05768,4.0602e+24,81.204,1,1
129sb,51,129,1851.31,0.06,1062,(19/2-),1928.63,0.05,77.32,(17/2-),,,1,M1,0.0329,0.9671,0,0.476196,138.228,1.78774,1.70384e-05,Weisskopf M1,0.9,19.7147,0.0834798,221.85,9.46573e+21,0.189315,0,1
129sb,51,129,1851.31,0.06,1062,(19/2-),2040.81,0.21,189.5,(19/2+),,,1,E1,0,1,0,1,189.5,1,0.0114354,Weisskopf E1,1,2447.59,0.204597,11238,8.89837e+19,0.00177967,0,0
129sb,51,129,1851.31,0.06,1062,(19/2-),2139.4,0.3,288.09,(23/2+),1.1e-06,,0,M2,0,1,0,1.3663,288.09,1,1.16717e-09,Weisskopf M2,1.2,0.000129707,0.311041,0.000391738,1.86835e+27,37367,0,0
129sb,51,129,1851.31,0.06,1062,(19/2-),2148.12,0.05,296.81,(15/2-),,,0,E2,0.276903,0.723097,0,1.8808,809.443,2.72714,7.21441e-08,Weisskopf E2,0.8,0.00503543,0.320456,0.0147611,3.60195e+25,720.39,0,0
129sb,51,129,1851.31,0.06,1062,(19/2-),2271.56,0.07,420.25,(15/2-),,,0,E2,0.310058,0.689942,0,2.65734,994.264,2.36589,4.10532e-07,Weisskopf E2,0.8,0.014293,0.45373,0.0295922,1.27167e+25,254.334,0,0
130sb,51,130,4.8,0.2,378,(4 5)+,68.04,0.12,63.24,(+),,,1,,0,1,0,0.297619,63.24,1,,unknown,1,,0.068015,,,,0,1
130sb,51,130,4.8,0.2,378,(4 5)+,74.82,0.04,70.02,(3 4 5)+,3.6e-09,,1,,0,1,0,0.364964,70.02,1,1.26733e-07,measured,1,0.198677,0.0753069,2.47835,1.10557e+24,22.1115,0,1
130sb,51,130,4.8,0.2,378,(4 5)+,346.4,0.04,341.6,(2+ 3+),,,1,,0,1,0,1.00786,341.6,1,,unknown,1,,0.367393,,,,0,0
130sb,51,130,4.8,0.2,378,(4 5)+,731.16,0.04,726.36,(2+ 3+),,,1,,0,1,0,1.52928,726.36,1,,unknown,1,,0.781204,,,,0,0
130sb,51,130,4.8,0.2,378,(4 5)+,749.4,0.05,744.6,(2)+,,,1,,0,1,0,1.48018,744.6,1,,unknown,1,,0.800821,,,,0,0
134sb,51,134,279,1,10.01,(7-),441,1,162,(5-),,,1,E2,0,1,0,1,162,1,3.67624e-09,Weisskopf E2,0.733333,0.000789547,0.171612,0.00432197,2.31376e+26,4627.52,0,0
134sb,51,134,279,1,10.01,(7-),617,1,338,(6-),,,1,M1,0,1,0,1.2126,338,1,0.00142332,Weisskopf M1,0.866667,82.99,0.358054,217.735,3.78752e+21,0.0757505,0,0
134sb,51,134,279,1,10.01,(7-),1352,1,1073,(8-),,,1,M1,0,1,0,1,1073,1,0.0455358,Weisskopf M1,1.13333,344.52,1.13666,284.73,3.5121e+21,0.070242,0,0
134sb,51,134,279,1,10.01,(7-),1385,0.5,1106,(5-),,,0,E2,0.252799,0.747201,0,2.84853,1176.53,1.06377,5.4526e-05,Weisskopf E2,0.733333,0.251245,1.17162,0.201447,1.74268e+24,34.8536,0,0
134sb,51,134,279,1,10.01,(7-),2405,1,2126,(9+),,,1,M2,0,1,0,1.5,2126,1,2.62011e-05,Weisskopf M2,1.26667,0.0564363,2.25214,0.0235404,2.83201e+25,566.402,0,0
134sb,51,134,279,1,10.01,(7-),2713,1,2434,(10+),,,1,E3,0,1,0,1.9645,2434,1,2.03375e-07,Weisskopf E3,1.4,0.000369393,2.57841,0.000134582,3.78236e+27,75647.1,0,0
119te,52,119,260.96,0.05,406080,11/2-,360.39,0.03,99.43,7/2+,,,0,M2,1,0,0,1.16698,360.39,3.62456,5.4165e-12,Weisskopf M2,0.666667,2.80735e-06,0.111771,2.35949e-05,3.63177e+28,726354,0,1
119te,52,119,260.96,0.05,406080,11/2-,467.96,0.04,207,9/2-,,,1,M1,0,1,0,0.914746,207,1,0.000326938,Weisskopf M1,0.833333,48.8704,0.232692,197.295,5.54095e+21,0.110819,0,0
119te,52,119,260.96,0.05,406080,11/2-,501.1,0.04,240.14,7/2-,,,1,E2,0,1,0,0.925583,240.14,1,2.24599e-08,Weisskopf E2,0.666667,0.00199568,0.269945,0.00694488,1.55568e+26,3111.35,0,0
119te,52,119,260.96,0.05,406080,11/2-,661.27,0.04,400.31,7/2-,,,0,E2,0.668157,0.331843,0,2.00928,574.672,1.43557,2.89112e-07,Weisskopf E2,0.666667,0.00924455,0.449995,0.0192987,2.57888e+25,515.776,0,0
119te,52,119,260.96,0.05,406080,11/2-,669.31,0.04,408.35,7/2+,,,0,M2,1,0,0,2.1021,669.31,1.63906,6.32841e-09,Weisskopf M2,0.666667,0.000194465,0.459032,0.000397968,1.19536e+27,23907.2,0,0
119te,52,119,260.96,0.05,406080,11/2-,703.08,0.2,442.12,(7/2+),,,0,M2,1,0,0,2.11577,703.08,1.59025,9.41527e-09,Weisskopf M2,0.666667,0.000246811,0.496994,0.000466513,1.01314e+27,20262.7,0,0
119te,52,119,260.96,0.05,406080,11/2-,743.08,0.06,482.12,7/2- 9/2-,,,1,,0.543478,0.456522,0,1.86291,623.946,1.29417,,unknown,1,,0.541958,,,,0,0
119te,52,119,260.96,0.05,406080,11/2-,766.6,0.18,505.64,5/2- 7/2-,,,1,,0,1,0,1.32837,505.64,1,,unknown,1,,0.568398,,,,0,0
119te,52,119,260.96,0.05,406080,11/2-,901.26,0.1,640.3,15/2-,,,1,E2,0,1,0,0.995837,640.3,1,3.02693e-06,Weisskopf E2,1.33333,0.0756618,0.719771,0.0987491,1.0169e+25,203.38,0,0
119te,52,119,260.96,0.05,406080,11/2-,945.92,0.18,684.96,(9/2+),,,0,E1,1,0,0,2.26851,945.92,1.38099,0.511752,Weisskopf E1,0.833333,6986.36,0.769974,8523.64,5.17171e+19,0.00103434,0,0
119te,52,119,260.96,0.05,406080,11/2-,979.96,0.13,719,(13/2-),,,1,M1,0,1,0,1.3216,719,1,0.0137006,Weisskopf M1,1.16667,237.647,0.808239,276.212,2.7394e+21,0.054788,0,0
119te,52,119,260.96,0.05,406080,11/2-,1162.32,0.09,901.36,7/2- 9/2-,,,1,,0.469484,0.530516,0,2.26935,1023.88,1.13592,,unknown,1,,1.01323,,,,0,0
119te,52,119,260.96,0.05,406080,11/2-,1280.83,0.19,1019.87,(11/2+),,,0,E1,1,0,0,3.15151,1280.83,1.25588,1.68927,Weisskopf E1,1,12482.8,1.14645,10228.4,3.10223e+19,0.000620447,0,0
119te,52,119,260.96,0.05,406080,11/2-,1586.43,0.22,1325.47,(13/2+),,,0,E1,1,0,0,3.42211,1586.43,1.19688,3.70829,Weisskopf E1,1.16667,18927.1,1.48998,11933.1,2.4488e+19,0.00048976,0,0
119te,52,119,260.96,0.05,406080,11/2-,1939.83,0.24,1678.87,(15/2+),,,0,M2,1,0,0,4.20915,1939.83,1.15544,7.43391e-06,Weisskopf M2,1.33333,0.0270287,1.88724,0.0134539,1.76587e+25,353.173,0,0
121te,52,121,293.974,0.022,1.42301e+07,11/2-,438.52,0.05,144.546,(9/2)-,,,1,M1,0,1,0,0.794281,144.546,1,0.00011132,Weisskopf M1,0.833333,34.1257,0.161138,198.946,6.32836e+21,0.126567,0,0
121te,52,121,293.974,0.022,1.42301e+07,11/2-,443.11,0.03,149.136,7/2+,8.53e-08,,0,M2,1,0,0,1.83597,443.11,2.97118,4.15786e-11,Weisskopf M2,0.666667,9.57892e-06,0.166255,5.41244e-05,1.00633e+28,201267,0,0
121te,52,121,293.974,0.022,1.42301e+07,11/2-,538.69,0.05,244.716,7/2-,,,1,E2,0,1,0,0.9298,244.716,1,2.52376e-08,Weisskopf E2,0.666667,0.00215941,0.272806,0.00743586,1.44637e+26,2892.74,0,0
121te,52,121,293.974,0.022,1.42301e+07,11/2-,683.05,0.03,389.076,(7/2)+,,,0,M2,1,0,0,1.88426,683.05,1.75557,5.02493e-09,Weisskopf M2,0.666667,0.000170088,0.433737,0.000368381,1.44067e+27,28813.3,0,0
121te,52,121,293.974,0.022,1.42301e+07,11/2-,757.95,0.06,463.976,(7/2-),,,0,E2,0.278571,0.721429,0,1.92612,545.869,1.1765,6.1832e-07,Weisskopf E2,0.666667,0.0147175,0.517234,0.0267299,1.94232e+25,388.464,0,0
121te,52,121,293.974,0.022,1.42301e+07,11/2-,830.53,0.1,536.556,(9/2)+,,,0,E1,1,0,0,2.81898,830.53,1.54789,0.248734,Weisskopf E1,0.833333,5533.83,0.598145,8691.01,4.08167e+19,0.000816334,0,0
121te,52,121,293.974,0.022,1.42301e+07,11/2-,887.65,0.06,593.676,(7/2+),,,0,M2,1,0,0,2.50394,887.65,1.49518,4.15628e-08,Weisskopf M2,0.666667,0.000604251,0.661822,0.000857683,4.65638e+26,9312.76,0,0
121te,52,121,293.974,0.022,1.42301e+07,11/2-,925.62,0.1,631.646,(15/2)-,,,1,E2,0,1,0,0.995689,631.646,1,2.89138e-06,Weisskopf E2,1.33333,0.0742675,0.70415,0.0990795,1.01366e+25,202.732,0,0
121te,52,121,293.974,0.022,1.42301e+07,11/2-,975.27,0.09,681.296,(13/2)-,,,1,M1,0,1,0,1.17435,681.296,1,0.0116563,Weisskopf M1,1.16667,225.185,0.7595,278.524,3.05733e+21,0.0611465,0,0
121te,52,121,293.974,0.022,1.42301e+07,11/2-,1018.44,0.15,724.466,(9/2+),,,0,E1,1,0,0,2.04889,1018.44,1.40578,0.612271,Weisskopf E1,0.833333,7471.87,0.807625,8691.01,5.61581e+19,0.00112316,0,0
121te,52,121,293.974,0.022,1.42301e+07,11/2-,1080.29,0.1,786.316,(11/2+),,,0,E1,1,0,0,2.87588,1080.29,1.37386,0.782854,Weisskopf E1,1,9731.72,0.876574,10429.2,3.33409e+19,0.000666818,0,0
121te,52,121,293.974,0.022,1.42301e+07,11/2-,1119.4,0.6,825.426,7/2+,,,0,M2,0,0,1,0,0,0,2.15947e-07,Weisskopf M2,0.666667,0.00162407,0.920174,0.001658,,,0,0
121te,52,121,293.974,0.022,1.42301e+07,11/2-,1171.06,0.19,877.086,(9/2+),,,0,E1,1,0,0,3.50394,1171.06,1.33517,1.08647,Weisskopf E1,0.833333,9045.93,0.977764,8691.01,3.28377e+19,0.000656754,0,0
121te,52,121,293.974,0.022,1.42301e+07,11/2-,1177.44,0.14,883.466,(11/2-),,,1,M1,0,1,0,1.54493,883.466,1,0.0254169,Weisskopf M1,1,250.292,0.984876,238.735,2.71129e+21,0.0542259,0,0
121te,52,121,293.974,0.022,1.42301e+07,11/2-,1208.05,0.1,914.076,(11/2+),,,0,E1,1,0,0,2.88684,1208.05,1.32161,1.22981,Weisskopf E1,1,11312.9,1.019,10429.2,3.32144e+19,0.000664287,0,0
121te,52,121,293.974,0.022,1.42301e+07,11/2-,1419.47,0.12,1125.5,(13/2+),,,0,E1,1,0,0,3.82495,1419.47,1.2612,2.29573,Weisskopf E1,1.16667,16251.1,1.25469,12167.4,2.1487e+19,0.000429741,0,0
121te,52,121,293.974,0.022,1.42301e+07,11/2-,1473.2,0.3,1179.23,(11/2+),,,0,E1,0.933099,0.0669014,0,3.34923,1453.53,1.23262,2.64047,Weisskopf E1,1,14594.5,1.31459,10429.2,2.86289e+19,0.000572578,0,0
121te,52,121,293.974,0.022,1.42301e+07,11/2-,1486.62,0.04,1192.65,(7/2)+,,,0,M2,1,0,0,2.10425,1486.62,1.24649,1.35993e-06,Weisskopf M2,0.666667,0.00489896,1.32955,0.00346139,1.37294e+26,2745.88,0,0
121te,52,121,293.974,0.022,1.42301e+07,11/2-,1607.4,0.4,1313.43,(13/2+),,,0,E1,1,0,0,3.04889,1607.4,1.22382,3.64843,Weisskopf E1,1.16667,18964.6,1.46419,12167.4,2.69563e+19,0.000539127,0,0
121te,52,121,293.974,0.022,1.42301e+07,11/2-,1627.2,0.5,1333.23,7/2-,,,0,E2,0,0,1,0,0,0,0.000121131,Weisskopf E2,0.666667,0.349188,1.48626,0.220706,,,0,0
121te,52,121,293.974,0.022,1.42301e+07,11/2-,1711.88,0.14,1417.91,(15/2+),,,0,M2,1,0,0,4.00679,1711.88,1.20733,3.22994e-06,Weisskopf M2,1.33333,0.0164642,1.58066,0.00978482,2.55065e+25,510.13,0,0
121te,52,121,293.974,0.022,1.42301e+07,11/2-,1769.4,0.6,1475.43,(11/2)-,,,0,M1,0,0,1,0,0,0,0.118388,Weisskopf M1,1,417.998,1.64478,238.735,,,0,0
121te,52,121,293.974,0.022,1.42301e+07,11/2-,1789.3,0.3,1495.33,(13/2+),,,0,E1,0.836976,0.163024,0,3.26486,1741.38,1.16455,5.3839,Weisskopf E1,1.16667,21591.1,1.66697,12167.4,2.51731e+19,0.000503463,0,0
121te,52,121,293.974,0.022,1.42301e+07,11/2-,1806.77,0.21,1512.8,(15/2+),,,0,M2,1,0,0,3.88924,1806.77,1.19432,4.46539e-06,Weisskopf M2,1.33333,0.0199959,1.68644,0.0111383,2.30843e+25,461.686,0,0
121te,52,121,293.974,0.022,1.42301e+07,11/2-,1824.2,0.7,1530.23,(9/2)-,,,0,M1,0,0,1,0,0,0,0.132075,Weisskopf M1,0.833333,361.269,1.70588,198.946,,,0,0
121te,52,121,293.974,0.022,1.42301e+07,11/2-,1994,0.3,1700.03,(15/2-),,,0,E2,0,1,0,2.31688,1700.03,1,0.000408332,Weisskopf E2,1.33333,1.44792,1.89517,0.717708,6.0138e+23,12.0276,0,0
121te,52,121,293.974,0.022,1.42301e+07,11/2-,2119.1,0.4,1825.13,(15/2+),,,0,M2,0.906129,0.0938711,0,4.32555,2091.5,1.14595,1.14136e-05,Weisskopf M2,1.33333,0.0351138,2.03463,0.0162123,1.42598e+25,285.197,0,0
121te,52,121,293.974,0.022,1.42301e+07,11/2-,2129.1,0.6,1835.13,(11/2)-,,,0,M1,0,0,1,0,0,0,0.227799,Weisskopf M1,1,519.903,2.04577,238.735,,,0,0
121te,52,121,293.974,0.022,1.42301e+07,11/2-,2136.4,0.9,1842.43,(9/2)-,,,0,M1,0,0,1,0,0,0,0.230528,Weisskopf M1,0.833333,434.976,2.05391,198.946,,,0,0
121te,52,121,293.974,0.022,1.42301e+07,11/2-,2317.5,1.5,2023.53,11/2-,,,0,M1,0,0,1,0,0,0,0.305408,Weisskopf M1,1,573.278,2.2558,238.735,,,0,0
121te,52,121,293.974,0.022,1.42301e+07,11/2-,2406.8,0.8,2112.83,11/2-,,,0,M1,0,0,1,0,0,0,0.347652,Weisskopf M1,1,598.578,2.35535,238.735,,,0,0
123te,52,123,247.45,0.04,1.02989e+07,11/2-,384.31,0.05,136.86,(7/2- 9/2+),,,1,,0,1,0,1,136.86,1,,unknown,1,,0.151324,,,,0,0
123te,52,123,247.45,0.04,1.02989e+07,11/2-,489.78,0.05,242.33,7/2+,3.07e-08,,0,M2,1,0,0,1.81503,489.78,2.02113,4.76146e-10,Weisskopf M2,0.666667,4.15468e-05,0.267941,0.000145663,3.78239e+27,75647.9,0,0
123te,52,123,247.45,0.04,1.02989e+07,11/2-,532.68,0.04,285.23,(7/2-),,,1,E2,0,1,0,1.01677,285.23,1,5.54887e-08,Weisskopf E2,0.666667,0.00349483,0.315375,0.01041,9.44777e+25,1889.55,0,0
123te,52,123,247.45,0.04,1.02989e+07,11/2-,697.5,0.05,450.05,(7/2)+,,,0,M2,1,0,0,1.86318,697.5,1.54983,1.05198e-08,Weisskopf M2,0.666667,0.000266133,0.497614,0.000502407,1.06829e+27,21365.8,0,0
123te,52,123,247.45,0.04,1.02989e+07,11/2-,879.69,0.07,632.24,(7/2-),,,1,E2,0,1,0,1.75188,632.24,1,2.96919e-06,Weisskopf E2,0.666667,0.0380615,0.699059,0.0511474,1.11602e+25,223.204,0,0
123te,52,123,247.45,0.04,1.02989e+07,11/2-,886.9,0.9,639.45,(15/2-),,,1,E2,0,1,0,1,639.45,1,3.1424e-06,Weisskopf E2,1.33333,0.0787572,0.707031,0.104641,9.55647e+24,191.129,0,0
123te,52,123,247.45,0.04,1.02989e+07,11/2-,919.7,0.9,672.25,(13/2-),,,1,M1,0,1,0,1,672.25,1,0.0111981,Weisskopf M1,1.16667,222.195,0.743297,280.816,3.56105e+21,0.0712209,0,0
125te,52,125,144.775,0.008,4.95936e+06,11/2-,321.09,0.008,176.315,9/2-,6.73e-10,,1,M1,0,1,0,0.859107,176.315,1,6.77916e-07,measured,0.833333,0.139675,0.193383,0.678502,1.71554e+24,34.3109,0,0
125te,52,125,144.775,0.008,4.95936e+06,11/2-,402.09,0.04,257.315,7/2+,,,0,M2,0.693551,0.306449,0,1.15353,357.724,1.39022,6.4968e-10,Weisskopf M2,0.666667,5.02783e-05,0.282224,0.000167354,5.18007e+27,103601,0,0
125te,52,125,144.775,0.008,4.95936e+06,11/2-,525.228,0.007,380.453,7/2-,1.6e-10,LE,1,E2,0.00267766,0.997322,0,1.12903,380.841,1.00102,2.39372e-07,Weisskopf E2,0.666667,0.0084739,0.417283,0.0190767,4.64293e+25,928.586,0,0
125te,52,125,144.775,0.008,4.95936e+06,11/2-,636.091,0.002,491.316,7/2+,4e-11,,1,M2,0.999449,0.000550895,0,1.07368,636.011,1.29451,3.02544e-09,measured,0.666667,6.42212e-05,0.538878,0.000111954,8.31925e+27,166385,0,0
125te,52,125,144.775,0.008,4.95936e+06,11/2-,642.206,0.003,497.431,7/2+,7e-11,LE,1,M2,0.875763,0.124237,0,1.17703,624.22,1.25489,1.75403e-08,Weisskopf M2,0.666667,0.000363232,0.545585,0.000625421,1.35844e+27,27168.8,0,0
125te,52,125,144.775,0.008,4.95936e+06,11/2-,786.577,0.023,641.802,7/2-,,,1,E2,5.75312e-05,0.999942,0,1.55164,641.81,1.00001,3.2702e-06,Weisskopf E2,0.666667,0.0406802,0.703932,0.054288,1.18715e+25,237.43,0,0
125te,52,125,144.775,0.008,4.95936e+06,11/2-,804.6,0.4,659.825,(15/2-),,,0,E2,0,0,1,0,0,0,3.75589e-06,Weisskopf E2,1.33333,0.088409,0.723699,0.11476,,,0,0
125te,52,125,144.775,0.008,4.95936e+06,11/2-,840.91,0.1,696.135,15/2(-),,,1,E2,0,1,0,1,696.135,1,4.90949e-06,Weisskopf E2,1.33333,0.103822,0.763524,0.127738,7.82855e+24,156.571,0,0
125te,52,125,144.775,0.008,4.95936e+06,11/2-,1017.73,0.03,872.955,7/2(+),,,0,M2,1,0,0,2.02375,1017.73,1.16584,2.91967e-07,Weisskopf M2,0.666667,0.00196318,0.957461,0.00192615,2.56539e+26,5130.78,0,0
125te,52,125,144.775,0.008,4.95936e+06,11/2-,1029.4,1,884.625,9/2(+),,,0,E1,1,0,0,2.03789,1029.4,1.16366,1.13916,Weisskopf E1,0.833333,9323.67,0.970261,9027.11,5.43589e+19,0.00108718,0,0
125te,52,125,144.775,0.008,4.95936e+06,11/2-,1191.73,0.14,1046.95,(11/2+),,,1,E1,0.836476,0.163524,0,1.91844,1168.06,1.11567,1.88838,Weisskopf E1,1,13241.5,1.14831,10832.5,4.81195e+19,0.000962391,0,0
125te,52,125,144.775,0.008,4.95936e+06,11/2-,1310.51,0.16,1165.73,15/2(-),,,1,E2,0,1,0,1.57143,1165.73,1,6.46499e-05,Weisskopf E2,1.33333,0.48754,1.27858,0.358205,1.77654e+24,35.5307,0,0
125te,52,125,144.775,0.008,4.95936e+06,11/2-,1570.16,0.21,1425.38,(15/2+),,,0,M2,0.836476,0.163524,0,2.91844,1546.49,1.08496,3.38871e-06,Weisskopf M2,1.33333,0.0170928,1.56337,0.0102707,3.33617e+25,667.234,0,0
125te,52,125,144.775,0.008,4.95936e+06,11/2-,1995.18,0.05,1850.4,9/2-,,,0,M1,0.00414992,0.99585,0,2.72265,1851.01,1.00032,0.233536,Weisskopf M1,0.833333,436.86,2.02953,202.207,1.8164e+21,0.036328,0,0
127te,52,127,88.23,0.07,9.16704e+06,11/2-,340.87,0.06,252.64,(9/2-),4.1e-10,,1,M1,0,1,0,0.939673,252.64,1,1.11278e-06,measured,0.833333,0.111667,0.274906,0.381585,2.7889e+24,55.7779,0,0
127te,52,127,88.23,0.07,9.16704e+06,11/2-,631.4,0.06,543.17,7/2-,,,1,E2,0,1,0,1.30831,543.17,1,1.45024e-06,Weisskopf E2,0.666667,0.0251872,0.591042,0.0400324,1.90932e+25,381.863,0,0
127te,52,127,88.23,0.07,9.16704e+06,11/2-,685.09,0.07,596.86,7/2+,,,0,M2,1,0,0,1.11371,685.09,1.14782,4.40892e-08,Weisskopf M2,0.666667,0.00063416,0.649464,0.000917264,9.78889e+26,19577.8,0,0
127te,52,127,88.23,0.07,9.16704e+06,11/2-,785.63,0.12,697.4,15/2-,,,1,E2,0,1,0,1,697.4,1,5.06023e-06,Weisskopf E2,1.33333,0.106622,0.758865,0.131988,7.57645e+24,151.529,0,0
127te,52,127,88.23,0.07,9.16704e+06,11/2-,786.13,0.06,697.9,7/2-,,,1,E2,0,1,0,1.49631,697.9,1,5.07839e-06,Weisskopf E2,0.666667,0.0534259,0.759409,0.0660886,1.01124e+25,202.247,0,0
127te,52,127,88.23,0.07,9.16704e+06,11/2-,924.02,0.18,835.79,7/2+,,,0,M2,0.662327,0.337673,0,1.66106,894.227,1.06992,2.37386e-07,Weisskopf M2,0.666667,0.0017413,0.909452,0.00179864,3.34711e+26,6694.23,0,0
127te,52,127,88.23,0.07,9.16704e+06,11/2-,1353.09,0.12,1264.86,(11/2+),,,0,E1,1,0,0,2.11371,1353.09,1.06975,3.36534,Weisskopf E1,1,16167.7,1.37634,11035,4.28728e+19,0.000857456,0,0
127te,52,127,88.23,0.07,9.16704e+06,11/2-,1429,0.3,1340.77,7/2+,,,0,M2,1,0,0,2.11371,1429,1.06581,2.52198e-06,Weisskopf M2,0.666667,0.0071886,1.45894,0.00462869,1.02211e+26,2044.22,0,0
127te,52,127,88.23,0.07,9.16704e+06,11/2-,1616.29,0.16,1528.06,(15/2+),,,0,M2,1,0,0,3.11371,1616.29,1.05774,4.84922e-06,Weisskopf M2,1.33333,0.021283,1.66273,0.0120243,2.67092e+25,534.185,0,0
127te,52,127,88.23,0.07,9.16704e+06,11/2-,1919.57,0.25,1831.34,7/2-,,,1,E2,0,1,0,1.21685,1831.34,1,0.000631837,Weisskopf E2,0.666667,0.965337,1.99274,0.45507,1.80587e+24,36.1173,0,0
127te,52,127,88.23,0.07,9.16704e+06,11/2-,2025.8,0.5,1937.57,7/2-,,,0,E2,0,1,0,2.49631,1937.57,1,0.00083762,Weisskopf E2,0.666667,1.14326,2.10834,0.509395,7.86407e+23,15.7281,0,0
127te,52,127,88.23,0.07,9.16704e+06,11/2-,2099.8,2,2011.57,7/2-,,,0,E2,0,0,1,0,0,0,0.00101027,Weisskopf E2,0.666667,1.27931,2.18886,0.549048,,,0,0
127te,52,127,88.23,0.07,9.16704e+06,11/2-,2137.5,2,2049.27,7/2-,,,0,E2,0,0,1,0,0,0,0.00110855,Weisskopf E2,0.666667,1.3526,2.22988,0.569821,,,0,0
127te,52,127,88.23,0.07,9.16704e+06,11/2-,2167.1,0.4,2078.87,7/2-,,,0,E2,0,1,0,3.55994,2078.87,1,0.00119096,Weisskopf E2,0.666667,1.41206,2.26209,0.586401,4.7903e+23,9.5806,0,0
127te,52,127,88.23,0.07,9.16704e+06,11/2-,2327.7,2.5,2239.47,7/2-,,,0,E2,0,0,1,0,0,0,0.00172777,Weisskopf E2,0.666667,1.76526,2.43684,0.680504,,,0,0
127te,52,127,88.23,0.07,9.16704e+06,11/2-,2368.3,2.5,2280.07,7/2+,,,0,M2,0,0,1,0,0,0,3.58683e-05,Weisskopf M2,0.666667,0.035353,2.48102,0.0133858,,,0,0
127te,52,127,88.23,0.07,9.16704e+06,11/2-,2401.3,2.5,2313.07,7/2-,,,0,E2,0,0,1,0,0,0,0.00203097,Weisskopf E2,0.666667,1.94508,2.51693,0.725968,,,0,0
129te,52,129,105.51,0.03,2.90304e+06,11/2-,464.659,0.025,359.149,9/2(-),,,1,M1,0,1,0,0.978857,359.149,1,0.00170757,Weisskopf M1,0.833333,84.7911,0.387761,205.417,4.9733e+21,0.0994659,0,0
129te,52,129,105.51,0.03,2.90304e+06,11/2-,759.84,0.03,654.33,7/2-,,,1,E2,0,1,0,1.22317,654.33,1,3.75658e-06,Weisskopf E2,0.666667,0.0449584,0.706458,0.0597826,1.36753e+25,273.506,0,0
129te,52,129,105.51,0.03,2.90304e+06,11/2-,812.991,0.019,707.481,7/2+,,,0,M2,1,0,0,1.0022,812.991,1.14913,1.04248e-07,Weisskopf M2,0.666667,0.00106721,0.763843,0.00131249,7.60237e+26,15204.7,0,0
129te,52,129,105.51,0.03,2.90304e+06,11/2-,865.4,0.5,759.89,(7/2+),,,0,M2,0,0,1,0,0,0,1.49021e-07,Weisskopf M2,0.666667,0.00132238,0.820428,0.00151415,,,0,0
129te,52,129,105.51,0.03,2.90304e+06,11/2-,865.51,0.11,760,15/2(-),,,1,E2,0,1,0,1,760,1,7.94102e-06,Weisskopf E2,1.33333,0.140893,0.820546,0.161301,6.19957e+24,123.991,0,0
129te,52,129,105.51,0.03,2.90304e+06,11/2-,1162.25,0.05,1056.74,(7/2)-,,,1,E2,1.11022e-16,1,0,1.90719,1056.74,1,4.12714e-05,Weisskopf E2,0.666667,0.189376,1.14093,0.155926,3.36271e+24,67.2541,0,0
129te,52,129,105.51,0.03,2.90304e+06,11/2-,1211.8,0.8,1106.29,7/2+,,,0,M2,0,0,1,0,0,0,9.74627e-07,Weisskopf M2,0.666667,0.00408049,1.19442,0.00320926,,,0,0
129te,52,129,105.51,0.03,2.90304e+06,11/2-,1227.98,0.03,1122.47,(7/2- 9/2+),,,1,,0.984507,0.0154934,0,2.00454,1226.35,1.09254,,unknown,1,,1.21189,,,,0,0
129te,52,129,105.51,0.03,2.90304e+06,11/2-,1318.3,0.03,1212.79,7/2+,,,0,M2,1,0,0,1.93592,1318.3,1.087,1.5432e-06,Weisskopf M2,0.666667,0.00537604,1.30941,0.00385689,1.33929e+26,2678.58,0,0
129te,52,129,105.51,0.03,2.90304e+06,11/2-,1483.37,0.04,1377.86,7/2+,,,0,M2,1,0,0,2.0022,1483.37,1.07658,2.92092e-06,Weisskopf M2,0.666667,0.00788353,1.48763,0.00497825,1.00327e+26,2006.53,0,0
129te,52,129,105.51,0.03,2.90304e+06,11/2-,1515.7,1,1410.19,(11/2+),,,0,E1,1,0,0,2.0022,1515.7,1.07482,4.71258,Weisskopf E1,1,18214,1.52253,11238,4.44429e+19,0.000888859,0,0
129te,52,129,105.51,0.03,2.90304e+06,11/2-,1581.97,0.04,1476.46,7/2+,,,0,M2,0.998702,0.00129756,0,2.20083,1581.83,1.07137,4.12669e-06,Weisskopf M2,0.666667,0.00969997,1.59408,0.00571623,7.94886e+25,1589.77,0,0
129te,52,129,105.51,0.03,2.90304e+06,11/2-,1727.1,1,1621.59,(15/2+),,,0,M2,1,0,0,3.0022,1727.1,1.06507,6.59476e-06,Weisskopf M2,1.33333,0.0257015,1.75078,0.0137905,2.41536e+25,483.072,0,0
129te,52,129,105.51,0.03,2.90304e+06,11/2-,1727.97,0.023,1622.46,(9/2)+,,,1,E1,0.962318,0.0376817,0,2.05242,1724,1.06258,7.1771,Weisskopf E1,0.833333,17463.1,1.75172,9365.01,5.20266e+19,0.00104053,0,0
129te,52,129,105.51,0.03,2.90304e+06,11/2-,1753.35,0.05,1647.84,5/2+,,,1,E3,0.986333,0.0136668,0,2.17542,1751.91,1.06315,1.22865e-08,Weisskopf E3,0.5,1.73889e-05,1.77912,9.1816e-06,5.00654e+28,1.00131e+06,0,0
129te,52,129,105.51,0.03,2.90304e+06,11/2-,1754.2,0.5,1648.69,7/2+,,,0,M2,0,0,1,0,0,0,7.16455e-06,Weisskopf M2,0.666667,0.0135059,1.78003,0.00712762,,,0,0
129te,52,129,105.51,0.03,2.90304e+06,11/2-,1812.8,0.6,1707.29,7/2+,,,0,M2,0,0,1,0,0,0,8.53159e-06,Weisskopf M2,0.666667,0.0149978,1.8433,0.0076433,,,0,0
129te,52,129,105.51,0.03,2.90304e+06,11/2-,1843.67,0.03,1738.16,(9/2)+,,,1,E1,0.707836,0.292164,0,1.7249,1812.84,1.04297,8.8246,Weisskopf E1,0.833333,18708.4,1.87663,9365.01,6.19053e+19,0.00123811,0,0
129te,52,129,105.51,0.03,2.90304e+06,11/2-,2072.4,0.5,1966.89,7/2-,,,0,E2,0,0,1,0,0,0,0.000921953,Weisskopf E2,0.666667,1.22113,2.12358,0.540183,,,0,0
129te,52,129,105.51,0.03,2.90304e+06,11/2-,2086.1,0.03,1980.59,(7/2+),,,0,M2,1,0,0,2.16033,2086.1,1.05327,1.79253e-05,Weisskopf M2,0.666667,0.0234147,2.13838,0.0102862,4.50012e+25,900.025,0,0
129te,52,129,105.51,0.03,2.90304e+06,11/2-,2106.6,0.5,2001.09,7/2-,,,0,E2,0,0,1,0,0,0,0.00100494,Weisskopf E2,0.666667,1.28594,2.16051,0.559132,,,0,0
129te,52,129,105.51,0.03,2.90304e+06,11/2-,2131.2,0.05,2025.69,7/2-,,,0,E2,0.989939,0.0100606,0,2.8433,2130.14,1.05156,0.00106825,Weisskopf E2,0.666667,1.33395,2.18707,0.572964,6.13833e+23,12.2767,0,0
129te,52,129,105.51,0.03,2.90304e+06,11/2-,2141.8,1,2036.29,7/2+,,,0,M2,0,0,1,0,0,0,2.05917e-05,Weisskopf M2,0.666667,0.0254463,2.19851,0.0108729,,,0,0
129te,52,129,105.51,0.03,2.90304e+06,11/2-,2221.3,0.5,2115.79,7/2-,,,0,E2,0,0,1,0,0,0,0.00132792,Weisskopf E2,0.666667,1.51998,2.28435,0.625066,,,0,0
129te,52,129,105.51,0.03,2.90304e+06,11/2-,2278.5,1.5,2172.99,(7/2)+,,,0,M2,0,0,1,0,0,0,2.84959e-05,Weisskopf M2,0.666667,0.0309228,2.3461,0.0123817,,,0,0
129te,52,129,105.51,0.03,2.90304e+06,11/2-,2312.2,0.5,2206.69,7/2-,,,0,E2,0,0,1,0,0,0,0.00163876,Weisskopf E2,0.666667,1.72442,2.38249,0.679929,,,0,0
129te,52,129,105.51,0.03,2.90304e+06,11/2-,2316.6,1.5,2211.09,(11/2)-,,,0,M1,0,0,1,0,0,0,0.398449,Weisskopf M1,1,626.417,2.38724,246.501,,,0,0
129te,52,129,105.51,0.03,2.90304e+06,11/2-,2427.2,0.5,2321.69,7/2-,,,0,E2,0,0,1,0,0,0,0.00211266,Weisskopf E2,0.666667,2.00832,2.50665,0.752644,,,0,0
129te,52,129,105.51,0.03,2.90304e+06,11/2-,2462.5,0.5,2356.99,7/2-,,,0,E2,0,0,1,0,0,0,0.00227823,Weisskopf E2,0.666667,2.10132,2.54476,0.775705,,,0,0
129te,52,129,105.51,0.03,2.90304e+06,11/2-,2681,4,2575.49,9/2+,,,0,E1,0,0,1,0,0,0,28.7081,Weisskopf E1,0.833333,27720.9,2.78067,9365.01,,,0,0
129te,52,129,105.51,0.03,2.90304e+06,11/2-,2971.3,0.5,2865.79,7/2-,,,0,E2,0,0,1,0,0,0,0.00605383,Weisskopf E2,0.666667,3.77705,3.0941,1.14675,,,0,0
131te,52,131,182.258,0.018,116928,11/2-,802.214,0.025,619.956,(9/2-),,,1,M1,0,1,0,1,619.956,1,0.00878287,Weisskopf M1,0.833333,146.365,0.664216,207.003,4.83084e+21,0.0966168,0,0
131te,52,131,182.258,0.018,116928,11/2-,880.315,0.023,698.057,7/2-,,,1,E2,0,1,0,1,698.057,1,5.29873e-06,Weisskopf E2,0.666667,0.0557188,0.747893,0.0699862,1.42885e+25,285.771,0,0
131te,52,131,182.258,0.018,116928,11/2-,943.43,0.04,761.172,7/2+,,,0,M2,1,0,0,1.04844,943.43,1.23944,1.51832e-07,Weisskopf M2,0.666667,0.00134279,0.815514,0.00154678,6.16636e+26,12332.7,0,0
131te,52,131,182.258,0.018,116928,11/2-,1014.96,0.2,832.702,(13/2-),,,1,M1,0,1,0,0.997506,832.702,1,0.0212825,Weisskopf M1,1.16667,275.228,0.892151,289.805,3.45923e+21,0.0691845,0,0
131te,52,131,182.258,0.018,116928,11/2-,1659.42,0.04,1477.16,7/2-,,,1,E2,0,1,0,1.75926,1477.16,1,0.000224832,Weisskopf E2,0.666667,0.527975,1.58262,0.313391,1.81377e+24,36.2755,0,0
131te,52,131,182.258,0.018,116928,11/2-,1867,0.14,1684.74,7/2-,,,0,E2,0,1,0,2,1684.74,1,0.000433894,Weisskopf E2,0.666667,0.783302,1.80502,0.407659,1.22651e+24,24.5303,0,0
131te,52,131,182.258,0.018,116928,11/2-,2275.2,0.5,2092.94,7/2-,,,0,E2,0,0,1,0,0,0,0.00128382,Weisskopf E2,0.666667,1.50176,2.24236,0.629137,,,0,0
131te,52,131,182.258,0.018,116928,11/2-,2780.2,0.5,2597.94,7/2-,,,0,E2,0,0,1,0,0,0,0.00378324,Weisskopf E2,0.666667,2.87222,2.78342,0.96937,,,0,0
131te,52,131,182.258,0.018,116928,11/2-,2828.8,0.5,2646.54,7/2-,,,0,E2,0,0,1,0,0,0,0.0041506,Weisskopf E2,0.666667,3.03644,2.83549,1.00598,,,0,0
131te,52,131,182.258,0.018,116928,11/2-,3054.1,0.5,2871.84,7/2-,,,0,E2,0,0,1,0,0,0,0.00624482,Weisskopf E2,0.666667,3.87981,3.07687,1.18455,,,0,0
131te,52,131,182.258,0.018,116928,11/2-,3082.8,0.6,2900.54,7/2-,,,0,E2,0,0,1,0,0,0,0.00656316,Weisskopf E2,0.666667,3.9973,3.10762,1.20834,,,0,0
133te,52,133,334.26,0.04,3324,(11/2-),1484.9,0.3,1150.64,(15/2-),,,1,E2,0,1,0,1,1150.64,1,6.57943e-05,Weisskopf E2,1.33333,0.509273,1.22348,0.391024,2.55739e+24,51.1477,0,0
133te,52,133,334.26,0.04,3324,(11/2-),1639.5,0.04,1305.24,(7/2- 9/2),,,1,,0,1,0,1,1305.24,1,,unknown,1,,1.38787,,,,0,0
133te,52,133,334.26,0.04,3324,(11/2-),1913.46,0.07,1579.2,(7/2- 9/2-),,,1,,0.920649,0.0793508,0,1.93959,1886.94,1.19487,,unknown,1,,1.67917,,,,0,0
133te,52,133,334.26,0.04,3324,(11/2-),2211.47,0.04,1877.21,(7/2- 9/2-),,,1,,0.737463,0.262537,0,1.76401,2123.71,1.13131,,unknown,1,,1.99605,,,,0,0
133te,52,133,334.26,0.04,3324,(11/2-),2750.32,0.04,2416.06,(7/2- 9/2-),,,1,,0.548493,0.451507,0,2.16773,2599.4,1.07588,,unknown,1,,2.56901,,,,0,0
120i,53,120,320,150,3180,(7-),488.6,0.3,168.6,(8-),,,1,M1,0,1,0,1,168.6,1,0.000176655,Weisskopf M1,1.13333,54.1342,0.188734,269.446,3.71132e+21,0.0742265,0,0
120i,53,120,320,150,3180,(7-),765,0.4,445,(9-),,,0,E2,0,1,0,2,445,1,4.96284e-07,Weisskopf E2,1.26667,0.0243992,0.498143,0.0460121,1.08667e+25,217.334,0,0
130i,53,130,39.9525,0.0013,530.4,2+,43.251,0.003,3.2985,(1:4)+,,,1,M1,0,1,0,0.00177305,3.2985,1,1.32283e-09,Weisskopf M1,0.6,0.560692,0.00354756,148.472,3.79868e+24,75.9737,1,1
130i,53,130,39.9525,0.0013,530.4,2+,43.9362,0.0017,3.9837,(3)-,,,1,E1,0,1,0,0.0176991,3.9837,1,1.06788e-07,Weisskopf E1,1.4,72.4067,0.00428449,15875.6,3.55892e+21,0.0711784,1,1
130i,53,130,39.9525,0.0013,530.4,2+,44.3269,0.0015,4.3744,3+ 4+,,,1,,0.936622,0.0633781,0,0.0262774,41.7948,9.5544,,unknown,1,,0.00470469,,,,1,1
130i,53,130,39.9525,0.0013,530.4,2+,48.8327,0.0008,8.8802,4+,,,0,E2,1,0,0,0.142248,48.8327,5.49905,1.7474e-15,Weisskopf E2,1.8,3.06566e-07,0.0095507,3.01536e-05,2.3314e+29,4.6628e+06,1,1
130i,53,130,39.9525,0.0013,530.4,2+,80,0.5,40.0475,(2-),,,0,E1,0,0,1,0,0,0,0.000108489,Weisskopf E1,1,519.924,0.0430713,11339.7,,,0,1
130i,53,130,39.9525,0.0013,530.4,2+,91.7605,0.0016,51.808,(4)-,,,0,M2,0,1,0,0.152652,51.808,1,2.20655e-13,Weisskopf M2,1.8,1.13735e-06,0.0557198,1.9175e-05,3.41634e+29,6.83269e+06,0,1
130i,53,130,39.9525,0.0013,530.4,2+,93.7143,0.0014,53.7618,3+,,,1,M1,0.53771,0.46229,0,0.210502,75.2446,1.39959,5.72763e-06,Weisskopf M1,1.4,21.3235,0.0578211,346.436,1.37126e+22,0.274252,0,1
130i,53,130,39.9525,0.0013,530.4,2+,209.739,0.0017,169.787,2+ 3+,,,1,,0.133757,0.866243,0,0.857557,175.131,1.03147,,unknown,1,,0.182607,,,,0,0
130i,53,130,39.9525,0.0013,530.4,2+,223.976,0.0015,184.024,3+,,,1,M1,0.281343,0.718657,0,0.909143,195.264,1.06108,0.000229707,Weisskopf M1,1.4,72.9892,0.197918,346.436,3.17501e+21,0.0635002,0,0
130i,53,130,39.9525,0.0013,530.4,2+,251.55,0.0023,211.597,3+,,,1,M1,0.355725,0.644275,0,1.00857,225.809,1.06717,0.000349207,Weisskopf M1,1.4,83.9256,0.227574,346.436,2.862e+21,0.0572399,0,0
130i,53,130,39.9525,0.0013,530.4,2+,254.795,0.0022,214.842,1+ 2+ 3+,,,1,,0,1,0,0.916674,214.842,1,,unknown,1,,0.231064,,,,0,0
130i,53,130,39.9525,0.0013,530.4,2+,349.596,0.004,309.644,(1:4)+,,,1,M1,0,1,0,0.990971,309.644,1,0.00109431,Weisskopf M1,0.6,52.6344,0.333023,148.472,6.79662e+21,0.135932,0,0
130i,53,130,39.9525,0.0013,530.4,2+,353.731,0.004,313.779,(2:5)-,4e-11,LT,0,E1,0,1,0,0.983883,313.779,1,0.0521832,Weisskopf E1,1,4073.69,0.337471,11339.7,8.96302e+19,0.0017926,0,0
130i,53,130,39.9525,0.0013,530.4,2+,374.681,0.003,334.728,(2 3 4)+,7e-09,LT,1,,0.764718,0.235282,0,1.20499,365.281,1.09128,,unknown,1,,0.360002,,,,0,0
130i,53,130,39.9525,0.0013,530.4,2+,437.638,0.004,397.685,2+ 3+ 4+,3e-10,LT,1,,0.247538,0.752462,0,1.34949,407.575,1.02487,,unknown,1,,0.427713,,,,0,0
130i,53,130,39.9525,0.0013,530.4,2+,525.881,0.007,485.928,(2 3 4)+,,,1,,0.219455,0.780545,0,1.3867,494.696,1.01804,,unknown,1,,0.522619,,,,0,0
130i,53,130,39.9525,0.0013,530.4,2+,544.968,0.005,505.015,(2:5)+,8e-10,LT,0,M1,0.49546,0.50454,0,1.68102,524.81,1.0392,0.00474753,Weisskopf M1,1,143.074,0.543147,247.454,2.40398e+21,0.0480797,0,0
130i,53,130,39.9525,0.0013,530.4,2+,593.993,0.006,554.041,(3:6)-,,,0,E1,0.205879,0.794121,0,2.13956,562.266,1.01485,0.287267,Weisskopf E1,1.4,10070.1,0.595874,15875.6,2.94405e+19,0.000588811,0,0
130i,53,130,39.9525,0.0013,530.4,2+,761.516,0.007,721.563,(2:5)-,2e-10,LT,0,E1,0.88044,0.11956,0,2.60376,756.739,1.04875,0.634578,Weisskopf E1,1,9367.83,0.776046,11339.7,3.38686e+19,0.000677372,0,0
130i,53,130,39.9525,0.0013,530.4,2+,768.415,0.012,728.462,(2:5)-,3e-10,LT,0,E1,0,1,0,1.38026,728.462,1,0.652955,Weisskopf E1,1,9457.4,0.783465,11339.7,6.38905e+19,0.00127781,0,0
130i,53,130,39.9525,0.0013,530.4,2+,783.162,0.009,743.21,(4:7)-,,,0,M2,0.975648,0.0243515,0,2.01821,782.189,1.05245,1.34056e-07,Weisskopf M2,1.8,0.00335767,0.799326,0.00394607,1.25565e+26,2511.3,0,0
130i,53,130,39.9525,0.0013,530.4,2+,825.024,0.022,785.072,(2:5)-,1.4e-09,LT,0,E1,0.205879,0.794121,0,2.23458,793.297,1.01048,0.817314,Weisskopf E1,1,10192.3,0.844349,11339.7,3.94641e+19,0.000789281,0,0
130i,53,130,39.9525,0.0013,530.4,2+,944.96,0.03,905.008,(2:5)(-),2e-09,LT,0,E1,0.127111,0.872889,0,1.77164,910.086,1.00561,1.25204,Weisskopf E1,1,11749.4,0.973341,11339.7,4.97763e+19,0.000995526,0,0
133i,53,133,1634.15,0.01,9,(19/2-),1729.14,0.01,94.989,(15/2-),1.7e-07,AP,1,E2,0.380958,0.619042,0,1.31879,717.531,7.55383,2.52265e-10,Weisskopf E2,0.8,0.000171911,0.101002,0.0015989,4.74246e+26,9484.91,0,1
133i,53,133,1634.15,0.01,9,(19/2-),1798.55,0.014,164.401,(15/2- 17/2),,,1,,0,1,0,1,164.401,1,,unknown,1,,0.174809,,,,0,0
133i,53,133,1634.15,0.01,9,(19/2-),2080.99,0.19,446.842,(15/2+),,,0,M2,1,0,0,2.4337,2080.99,4.6571,1.06931e-08,Weisskopf M2,0.8,0.000329299,0.47513,0.00065107,6.31109e+26,12622.2,0,0
133i,53,133,1634.15,0.01,9,(19/2-),2435,0.23,800.852,(19/2+),7.8e-07,,0,E1,0.963625,0.0363747,0,2.98959,2375.56,2.96629,0.880894,Weisskopf E1,1,10556.6,0.851551,11645.6,2.87228e+19,0.000574455,0,0
133i,53,133,1634.15,0.01,9,(19/2-),2493.7,0.4,859.552,(23/2+),4.69e-07,,0,M2,0.963625,0.0363747,0,3.06711,2434.26,2.83201,2.81641e-07,Weisskopf M2,1.2,0.00351589,0.913967,0.00361373,9.02225e+25,1804.45,0,0
125xe,54,125,252.61,0.14,56.9,9/2(-),265.57,0.16,12.96,7/2,,,1,,0,1,0,1,12.96,1,,unknown,0.8,,0.0142146,,,,1,1
125xe,54,125,252.61,0.14,56.9,9/2(-),295.89,0.15,43.28,7/2(+),1.4e-07,,1,E1,0.766175,0.233825,0,1.17345,236.823,5.47189,7.61999e-10,measured,0.8,0.00250134,0.0474697,0.0495002,1.72159e+25,344.318,0,1
125xe,54,125,252.61,0.14,56.9,9/2(-),310.55,0.16,57.94,11/2(-),,,1,M1,0,1,0,0.192308,57.94,1,7.16951e-06,Weisskopf M1,1.2,19.6977,0.0635489,291.178,1.78585e+22,0.357169,0,1
125xe,54,125,252.61,0.14,56.9,9/2(-),335.37,0.12,82.76,5/2(+),,,0,M2,1,0,0,1.00423,335.37,4.05232,2.23602e-12,Weisskopf M2,0.6,1.50553e-06,0.0907716,1.55808e-05,6.39113e+28,1.27823e+06,0,1
125xe,54,125,252.61,0.14,56.9,9/2(-),483.72,0.12,231.11,7/2(+),,,0,E1,0.998065,0.00193548,0,1.61578,483.231,2.09091,0.0203124,Weisskopf E1,0.8,2338.39,0.253483,8666.03,7.14163e+19,0.00142833,0,0
125xe,54,125,252.61,0.14,56.9,9/2(-),496.99,0.12,244.38,5/2(+),,,0,M2,0.906668,0.0933323,0,1.62565,473.413,1.9372,5.01998e-10,Weisskopf M2,0.6,3.87637e-05,0.268037,0.000135857,4.52785e+27,90557.1,0,0
125xe,54,125,252.61,0.14,56.9,9/2(-),596.77,0.13,344.16,9/2(+),8e-11,,1,E1,0.717682,0.282318,0,2.06507,525.454,1.52677,2.58358e-07,measured,1,0.016765,0.377476,0.0417219,1.16065e+25,232.13,0,0
125xe,54,125,252.61,0.14,56.9,9/2(-),607.79,0.13,355.18,7/2(-),,,1,M1,0.0387597,0.96124,0,1.13731,364.971,1.02757,0.00165158,Weisskopf M1,0.8,80.4999,0.389563,194.119,4.52952e+21,0.0905903,0,0
125xe,54,125,252.61,0.14,56.9,9/2(-),736.85,0.15,484.24,13/2(-),,,1,E2,2.22045e-16,1,0,1.13474,484.24,1,7.99598e-07,Weisskopf E2,1.4,0.0366929,0.531117,0.0648996,1.35789e+25,271.577,0,0
125xe,54,125,252.61,0.14,56.9,9/2(-),741.42,0.14,488.81,7/2(+),,,1,E1,0.5814,0.4186,0,2.01172,635.677,1.30046,0.192188,Weisskopf E1,0.8,4945.83,0.536129,8666.03,5.73605e+19,0.00114721,0,0
125xe,54,125,252.61,0.14,56.9,9/2(-),762.32,0.14,509.71,(5/2-),,,1,E2,0.0410219,0.958978,0,1.73094,520.073,1.02033,1.0332e-06,Weisskopf E2,0.6,0.0183397,0.559052,0.030817,1.87468e+25,374.937,0,0
125xe,54,125,252.61,0.14,56.9,9/2(-),837.34,0.13,584.73,9/2(+),,,0,E1,0.986329,0.0136709,0,2.06508,833.887,1.42611,0.328982,Weisskopf E1,1,7395.44,0.641335,10832.5,4.47026e+19,0.000894052,0,0
125xe,54,125,252.61,0.14,56.9,9/2(-),870.62,0.16,618.01,11/2(+),7.8e-12,,0,E1,0.767617,0.232383,0,2.22472,811.918,1.31376,0.388412,Weisskopf E1,1.2,9379.63,0.677836,12999,3.45791e+19,0.000691582,0,0
125xe,54,125,252.61,0.14,56.9,9/2(-),886.96,0.17,634.35,9/2 11/2(-),,,1,,0.00963639,0.990364,0,1.389,636.784,1.00384,,unknown,1,,0.695758,,,,0,0
125xe,54,125,252.61,0.14,56.9,9/2(-),889.34,0.14,636.73,7/2(+),,,0,E1,0.855074,0.144926,0,2.18357,852.73,1.33923,0.424787,Weisskopf E1,0.8,6442.49,0.698369,8666.03,5.28461e+19,0.00105692,0,0
125xe,54,125,252.61,0.14,56.9,9/2(-),893.51,0.16,640.9,13/2(-),,,1,E2,0,1,0,1.08801,640.9,1,3.24728e-06,Weisskopf E2,1.4,0.0850688,0.702942,0.113685,8.0847e+24,161.694,0,0
125xe,54,125,252.61,0.14,56.9,9/2(-),896.03,0.16,643.42,5/2(-),,,0,E2,0.999093,0.000907277,0,1.64466,895.801,1.39225,3.31163e-06,Weisskopf E2,0.6,0.0368898,0.705706,0.0491058,1.2382e+25,247.64,0,0
125xe,54,125,252.61,0.14,56.9,9/2(-),919.85,0.17,667.24,11/2,,,1,,0,1,0,1.75903,667.24,1,,unknown,1.2,,0.731832,,,,0,0
125xe,54,125,252.61,0.14,56.9,9/2(-),969.15,0.15,716.54,7/2(+),,,0,E1,0.999569,0.000431107,0,2.21651,969.041,1.35239,0.605379,Weisskopf E1,0.8,7250.02,0.785905,8666.03,5.20606e+19,0.00104121,0,0
125xe,54,125,252.61,0.14,56.9,9/2(-),1019.06,0.15,766.45,9/2(+),,,0,E1,0.615624,0.384376,0,2.47139,921.963,1.2029,0.740896,Weisskopf E1,1,9693.77,0.840646,10832.5,3.73533e+19,0.000747066,0,0
125xe,54,125,252.61,0.14,56.9,9/2(-),1024.44,0.18,771.83,(11/2-),,,1,M1,0.00270416,0.997296,0,1.11647,772.513,1.00089,0.016948,Weisskopf M1,1.2,262.398,0.846547,291.178,3.07606e+21,0.0615211,0,0
125xe,54,125,252.61,0.14,56.9,9/2(-),1030.28,0.15,777.67,11/2(+),,,0,E1,0.992389,0.00761139,0,2.63718,1028.36,1.32236,0.773912,Weisskopf E1,1.2,11802.8,0.852952,12999,2.91709e+19,0.000583418,0,0
125xe,54,125,252.61,0.14,56.9,9/2(-),1161.81,0.16,909.2,5/2(+),,,0,M2,0.975714,0.0242865,0,2.41951,1155.67,1.27109,3.57825e-07,Weisskopf M2,0.6,0.00199621,0.997215,0.00188048,2.19789e+26,4395.77,0,0
125xe,54,125,252.61,0.14,56.9,9/2(-),1193.12,0.16,940.51,7/2(+) 9/2(+),,,1,,0.911472,0.0885277,0,2.76208,1170.76,1.24481,,unknown,1,,1.03156,,,,0,0
125xe,54,125,252.61,0.14,56.9,9/2(-),1209.93,0.17,957.32,13/2(+),2.9e-12,,0,M2,0.720572,0.279428,0,3.06781,1139.34,1.19014,4.63084e-07,Weisskopf M2,1.4,0.00543721,1.04999,0.00486452,6.70086e+25,1340.17,0,0
125xe,54,125,252.61,0.14,56.9,9/2(-),1217.17,0.19,964.56,5/2(+),,,0,M2,1,0,0,2.11918,1217.17,1.26189,4.80862e-07,Weisskopf M2,0.6,0.0023835,1.05793,0.00211645,2.22959e+26,4459.18,0,0
125xe,54,125,252.61,0.14,56.9,9/2(-),1245.44,0.18,992.83,(9/2- 11/2 13/2-),,,1,,0.0006971,0.999303,0,1.4495,993.006,1.00018,,unknown,1,,1.08894,,,,0,0
125xe,54,125,252.61,0.14,56.9,9/2(-),1315.81,0.15,1063.2,(11/2+),,,1,E1,0.469147,0.530853,0,2.59545,1181.71,1.11147,1.97766,Weisskopf E1,1.2,16136.3,1.16612,12999,2.96398e+19,0.000592796,0,0
125xe,54,125,252.61,0.14,56.9,9/2(-),1341.21,0.21,1088.6,(9/2- 11/2 13/2-),,,1,,1.11022e-16,1,0,1.48259,1088.6,1,,unknown,1,,1.19398,,,,0,0
125xe,54,125,252.61,0.14,56.9,9/2(-),1416.08,0.19,1163.47,5/2(+),,,0,M2,0.655124,0.344876,0,2.25124,1328.96,1.14224,1.22786e-06,Weisskopf M2,0.6,0.00418306,1.2761,0.00307935,1.44251e+26,2885.01,0,0
125xe,54,125,252.61,0.14,56.9,9/2(-),1438.93,0.18,1186.32,11/2(+),,,0,E1,0.90996,0.0900395,0,3.23056,1416.19,1.19376,2.74733,Weisskopf E1,1.2,18004.9,1.30116,12999,2.38128e+19,0.000476256,0,0
125xe,54,125,252.61,0.14,56.9,9/2(-),1480.71,0.19,1228.1,13/2(+),,,0,M2,0.675674,0.324326,0,2.60946,1398.78,1.13898,1.60895e-06,Weisskopf M2,1.4,0.0114791,1.34699,0.00800559,4.78691e+25,957.383,0,0
125xe,54,125,252.61,0.14,56.9,9/2(-),1537.96,0.24,1285.35,7/2(+),,,0,E1,0.993169,0.00683091,0,2.53364,1536.23,1.19519,3.49438,Weisskopf E1,0.8,13005.3,1.40978,8666.03,4.55445e+19,0.000910889,0,0
125xe,54,125,252.61,0.14,56.9,9/2(-),1628.06,0.22,1375.45,7/2(+),,,0,E1,0.968257,0.0317432,0,2.74786,1620.04,1.17783,4.28194,Weisskopf E1,0.8,13916.9,1.5086,8666.03,4.19939e+19,0.000839878,0,0
125xe,54,125,252.61,0.14,56.9,9/2(-),2046.5,0.4,1793.89,9/2(+),,,0,E1,0.998065,0.00193548,0,2.61503,2046.01,1.14054,9.49933,Weisskopf E1,1,22688.4,1.96755,10832.5,3.53016e+19,0.000706031,0,0
127xe,54,127,297.1,0.08,69.2,9/2-,308.98,0.13,11.88,(11/2-),,,1,M1,0,1,0,1,11.88,1,6.18021e-08,Weisskopf M1,1.2,4.03882,0.012927,293.499,3.40717e+21,0.0681434,1,1
127xe,54,127,297.1,0.08,69.2,9/2-,342.23,0.04,45.13,7/2+,3.67e-08,,1,E1,0.683787,0.316213,0,1.19298,248.283,5.50151,3.93102e-09,measured,0.8,0.0118677,0.0491075,0.227023,3.69228e+24,73.8457,0,1
127xe,54,127,297.1,0.08,69.2,9/2-,375.459,0.024,78.359,5/2+,,,0,M2,1,0,0,1.03941,375.459,4.79152,1.71955e-12,Weisskopf M2,0.6,1.29149e-06,0.0852651,1.42288e-05,6.76151e+28,1.3523e+06,0,1
127xe,54,127,297.1,0.08,69.2,9/2-,530.31,0.04,233.21,7/2+,,,0,E1,1,0,0,1.69261,530.31,2.27396,0.0210932,Weisskopf E1,0.8,2384.74,0.253764,8828.01,6.69239e+19,0.00133848,0,0
127xe,54,127,297.1,0.08,69.2,9/2-,645.9,0.08,348.8,(9/2)+,,,1,E1,0.459183,0.540817,0,1.75658,485.223,1.39112,0.0705718,Weisskopf E1,1,4458.42,0.379541,11035,5.15893e+19,0.00103179,0,0
127xe,54,127,297.1,0.08,69.2,9/2-,711.61,0.03,414.51,7/2+,2e-09,LT,0,E1,0.973563,0.0264369,0,2.06227,703.756,1.6978,0.118442,Weisskopf E1,0.8,4238.67,0.451043,8828.01,5.49277e+19,0.00109855,0,0
127xe,54,127,297.1,0.08,69.2,9/2-,792.37,0.14,495.27,(11/2- 13/2-),,,1,,0,1,0,1.87642,495.27,1,,unknown,1,,0.53892,,,,0,0
127xe,54,127,297.1,0.08,69.2,9/2-,804.75,0.2,507.65,5/2+,,,0,M2,1,0,0,2.06747,804.75,1.58525,1.96242e-08,Weisskopf M2,0.6,0.00035117,0.552391,0.000597201,8.09917e+26,16198.3,0,0
127xe,54,127,297.1,0.08,69.2,9/2-,897.63,0.12,600.53,(9/2+),,,0,E1,1,0,0,2.0704,897.63,1.49473,0.360168,Weisskopf E1,1,7676.08,0.653457,11035,4.37696e+19,0.000875393,0,0
127xe,54,127,297.1,0.08,69.2,9/2-,938.18,0.11,641.08,(11/2)+,,,0,E1,0.673148,0.326852,0,2.21439,841.072,1.31196,0.438166,Weisskopf E1,1.2,9833.27,0.697581,13242,3.41029e+19,0.000682058,0,0
127xe,54,127,297.1,0.08,69.2,9/2-,960.1,0.12,663,(9/2 13/2-),,,1,,0,1,0,1.35897,663,1,,unknown,1,,0.721433,,,,0,0
127xe,54,127,297.1,0.08,69.2,9/2-,1080.79,0.16,783.69,11/2+,,,0,E1,1,0,0,2.72437,1080.79,1.3791,0.800451,Weisskopf E1,1.2,12020.7,0.85276,13242,2.77191e+19,0.000554382,0,0
127xe,54,127,297.1,0.08,69.2,9/2-,1541.16,0.18,1244.06,(13/2+),,,0,M2,1,0,0,3.06584,1541.16,1.23881,1.73451e-06,Weisskopf M2,1.4,0.0120594,1.3537,0.00836857,3.89761e+25,779.523,0,0
129xe,54,129,236.14,0.03,767232,11/2-,274.29,0.18,38.15,(9/2-),,,1,M1,0,1,0,1,38.15,1,2.04662e-06,Weisskopf M1,0.833333,9.00679,0.0411893,205.417,4.86814e+21,0.0973629,0,1
129xe,54,129,236.14,0.03,767232,11/2-,518.7,0.12,282.56,7/2+,,,0,M2,1,0,0,1.15075,518.7,1.83572,1.05937e-09,Weisskopf M2,0.666667,6.79888e-05,0.30507,0.000209357,4.15081e+27,83016.2,0,0
129xe,54,129,236.14,0.03,767232,11/2-,665.43,0.11,429.29,7/2+,,,0,M2,0.994464,0.00553556,0,1.97528,664.123,1.54703,8.57526e-09,Weisskopf M2,0.666667,0.000238428,0.46349,0.000483246,1.04762e+27,20952.4,0,0
129xe,54,129,236.14,0.03,767232,11/2-,771.17,0.15,535.03,(13/2-),,,1,M1,0,1,0,0.99108,535.03,1,0.00564532,Weisskopf M1,1.16667,176.84,0.577654,287.584,3.50854e+21,0.0701708,0,0
129xe,54,129,236.14,0.03,767232,11/2-,822.16,0.1,586.02,9/2+,,,0,E1,0.999908,9.17791e-05,0,2.04314,822.138,1.40292,0.338192,Weisskopf E1,0.833333,6307.54,0.632706,9365.01,5.22629e+19,0.00104526,0,0
129xe,54,129,236.14,0.03,767232,11/2-,823.29,0.16,587.15,(15/2-),,,1,E2,0,1,0,1,587.15,1,2.18551e-06,Weisskopf E2,1.33333,0.0649677,0.633926,0.096274,1.0387e+25,207.74,0,0
129xe,54,129,236.14,0.03,767232,11/2-,868.06,0.13,631.92,7/2+,,,0,M2,1,0,0,2.00037,868.06,1.37369,5.92658e-08,Weisskopf M2,0.666667,0.000760487,0.682263,0.00104711,4.77418e+26,9548.35,0,0
129xe,54,129,236.14,0.03,767232,11/2-,908.63,0.2,672.49,(9/2 11/2 13/2-),,,1,,0,1,0,1.5,672.49,1,,unknown,1,,0.726065,,,,0,0
129xe,54,129,236.14,0.03,767232,11/2-,1022.3,0.25,786.16,(7/2+),,,0,M2,1,0,0,2.06933,1022.3,1.30037,1.76623e-07,Weisskopf M2,0.666667,0.00146433,0.84879,0.00162065,2.98182e+26,5963.64,0,0
129xe,54,129,236.14,0.03,767232,11/2-,1032.02,0.18,795.88,(13/2-),,,1,M1,0,1,0,1.5,795.88,1,0.0185822,Weisskopf M1,1.16667,263.058,0.859285,287.584,2.31816e+21,0.0463633,0,0
129xe,54,129,236.14,0.03,767232,11/2-,1059.58,0.2,823.44,(9/2+),,,0,E1,0.497232,0.502768,0,2.48764,940.856,1.14259,0.938256,Weisskopf E1,0.833333,8862.97,0.88904,9365.01,4.29244e+19,0.000858488,0,0
129xe,54,129,236.14,0.03,767232,11/2-,1089.48,0.16,853.34,11/2+,,,0,E1,0.999995,4.75647e-06,0,2.1911,1089.48,1.27672,1.04422,Weisskopf E1,1,11021.8,0.921322,11238,4.06115e+19,0.00081223,0,0
129xe,54,129,236.14,0.03,767232,11/2-,1194.6,0.3,958.46,(9/2+),,,0,E1,1,0,0,2.12167,1194.6,1.24637,1.47961,Weisskopf E1,0.833333,10316.2,1.03482,9365.01,5.03286e+19,0.00100657,0,0
129xe,54,129,236.14,0.03,767232,11/2-,1229.9,0.3,993.76,7/2+,,,0,M2,1,0,0,2.15075,1229.9,1.23762,5.70035e-07,Weisskopf M2,0.666667,0.00295767,1.07293,0.00258958,1.79548e+26,3590.97,0,0
129xe,54,129,236.14,0.03,767232,11/2-,1336.12,0.23,1099.98,(11/2+),,,0,E1,0.997232,0.00276778,0,2.56301,1335.47,1.21408,2.23656,Weisskopf E1,1,14207.4,1.18761,11238,3.47184e+19,0.000694368,0,0
129xe,54,129,236.14,0.03,767232,11/2-,1395.57,0.21,1159.43,(15/2-),,,0,E2,0,1,0,1.98551,1159.43,1,6.56192e-05,Weisskopf E2,1.33333,0.500246,1.2518,0.375405,1.34161e+24,26.8323,0,0
129xe,54,129,236.14,0.03,767232,11/2-,1414.27,0.19,1178.13,13/2(+),,,0,E1,0.999952,4.82678e-05,0,3.11712,1414.26,1.20043,2.74793,Weisskopf E1,1.16667,17752.9,1.27199,13111,2.44687e+19,0.000489373,0,0
129xe,54,129,236.14,0.03,767232,11/2-,1497.1,0.3,1260.96,(11/2+),,,0,E1,1,0,0,3.00037,1497.1,1.18727,3.36922,Weisskopf E1,1,16286.6,1.36142,11238,2.96575e+19,0.000593151,0,0
129xe,54,129,236.14,0.03,767232,11/2-,1748.7,0.4,1512.56,(9/2:13/2+),,,0,E1,0.497232,0.502768,0,3.48764,1629.98,1.07763,5.81518,Weisskopf E1,0.833333,16280.2,1.63306,9365.01,3.06168e+19,0.000612336,0,0
129xe,54,129,236.14,0.03,767232,11/2-,1755.3,0.4,1519.16,(7/2:11/2+),,,0,M2,1,0,0,3.06933,1755.3,1.15544,4.75895e-06,Weisskopf M2,0.666667,0.0105661,1.64019,0.00605165,5.38372e+25,1076.74,0,0
129xe,54,129,236.14,0.03,767232,11/2-,1762.28,0.22,1526.14,(15/2+),,,0,M2,0.999973,2.65121e-05,0,3.65411,1762.27,1.15473,4.86929e-06,Weisskopf M2,1.33333,0.0214249,1.64772,0.0122148,2.24044e+25,448.088,0,0
129xe,54,129,236.14,0.03,767232,11/2-,1888.5,0.4,1652.36,(9/2:13/2+),,,0,E1,1,0,0,3.15075,1888.5,1.14291,7.58123,Weisskopf E1,0.833333,17784.9,1.784,9365.01,3.38905e+19,0.00067781,0,0
129xe,54,129,236.14,0.03,767232,11/2-,2036.3,0.3,1800.16,(13/2:17/2-),,,0,M1,0,1,0,1.99554,1800.16,1,0.215024,Weisskopf M1,1.16667,594.997,1.94357,287.584,1.74251e+21,0.0348502,0,0
129xe,54,129,236.14,0.03,767232,11/2-,2048.2,0.4,1812.06,(15/2+),,,0,M2,0.997232,0.00276778,0,3.56301,2047.55,1.12996,1.1491e-05,Weisskopf M2,1.33333,0.0358635,1.95642,0.0172203,1.62983e+25,325.965,0,0
129xe,54,129,236.14,0.03,767232,11/2-,2172.2,0.3,1936.06,(15/2:19/2-),,,0,E2,0,1,0,2,1936.06,1,0.000851927,Weisskopf E2,1.33333,2.3292,2.0903,1.04676,4.77663e+23,9.55325,0,0
131xe,54,131,163.93,0.008,1.03231e+06,11/2-,341.144,0.009,177.214,9/2-,1.6e-09,,1,M1,0,1,0,0.805802,177.214,1,2.85149e-07,measured,0.833333,0.0581563,0.189866,0.28774,4.31292e+24,86.2583,0,0
131xe,54,131,163.93,0.008,1.03231e+06,11/2-,636.99,0.004,473.06,7/2+,6.1e-12,,0,M2,0.99975,0.000250392,0,1.00869,636.949,1.34644,1.40776e-08,Weisskopf M2,0.666667,0.000322336,0.506833,0.00059744,1.6594e+27,33187.9,0,0
131xe,54,131,163.93,0.008,1.03231e+06,11/2-,666.934,0.009,503.004,7/2-,5e-10,LT,1,E2,0.00741435,0.992586,0,1.34516,504.219,1.00242,1.02938e-06,Weisskopf E2,0.666667,0.020847,0.538915,0.036339,2.04574e+25,409.149,0,0
131xe,54,131,163.93,0.008,1.03231e+06,11/2-,805.93,0.2,642,15/2-,,,1,E2,0,1,0,1,642,1,3.48652e-06,Weisskopf E2,1.33333,0.086689,0.687834,0.118394,8.44635e+24,168.927,0,0
131xe,54,131,163.93,0.008,1.03231e+06,11/2-,971.22,0.13,807.29,(9/2+),,,0,E1,0.999986,1.366e-05,0,2.00247,971.218,1.20306,0.893241,Weisskopf E1,0.833333,8778.72,0.864925,9534.62,5.23758e+19,0.00104752,0,0
131xe,54,131,163.93,0.008,1.03231e+06,11/2-,973.11,0.14,809.18,7/2+,4.9e-12,,0,M2,0.999954,4.62097e-05,0,1.57389,973.102,1.20258,2.06145e-07,Weisskopf M2,0.666667,0.00161323,0.86695,0.00174804,3.63474e+26,7269.48,0,0
131xe,54,131,163.93,0.008,1.03231e+06,11/2-,1045.55,0.2,881.62,(13/2)-,,,0,M1,0,1,0,1.8058,881.62,1,0.0252579,Weisskopf M1,1.16667,291.397,0.944561,289.805,1.91084e+21,0.0382168,0,0
131xe,54,131,163.93,0.008,1.03231e+06,11/2-,1113.28,0.15,949.35,(9/2)-,,,1,M1,0.00206168,0.997938,0,1.37031,949.688,1.00036,0.0315379,Weisskopf M1,0.833333,224.131,1.01713,207.003,3.52535e+21,0.0705071,0,0
131xe,54,131,163.93,0.008,1.03231e+06,11/2-,1156.55,0.2,992.62,(11/2)-,,,0,M1,0,1,0,1.8058,992.62,1,0.0360498,Weisskopf M1,1,281.216,1.06349,248.404,2.22931e+21,0.0445863,0,0
131xe,54,131,163.93,0.008,1.03231e+06,11/2-,1191.15,0.2,1027.22,(11/2-),,,0,M1,0,1,0,1.8058,1027.22,1,0.0399525,Weisskopf M1,1,291.018,1.10056,248.404,2.22931e+21,0.0445863,0,0
131xe,54,131,163.93,0.008,1.03231e+06,11/2-,1320.25,0.2,1156.32,(13/2-),,,0,M1,0,1,0,1.8058,1156.32,1,0.0569886,Weisskopf M1,1.16667,382.192,1.23887,289.805,1.91084e+21,0.0382168,0,0
131xe,54,131,163.93,0.008,1.03231e+06,11/2-,1397.34,0.17,1233.41,11/2+,,,0,E1,0.99975,0.000250392,0,2.00869,1397.3,1.13287,3.18568,Weisskopf E1,1,16095,1.32147,11441.5,4.35114e+19,0.000870228,0,0
131xe,54,131,163.93,0.008,1.03231e+06,11/2-,1456.29,0.2,1292.36,(9/2)+,,,0,E1,0.99975,0.000250392,0,2.00869,1456.25,1.12681,3.66463,Weisskopf E1,0.833333,14053.5,1.38463,9534.62,5.22137e+19,0.00104427,0,0
131xe,54,131,163.93,0.008,1.03231e+06,11/2-,1584.18,0.19,1420.25,(13/2+),,,0,E1,0.999872,0.000128113,0,2.93523,1584.16,1.11541,4.86378,Weisskopf E1,1.16667,21621.9,1.52165,13348.5,2.55227e+19,0.000510454,0,0
131xe,54,131,163.93,0.008,1.03231e+06,11/2-,1641.42,0.24,1477.49,(11/2+),,,0,E1,0.999986,1.366e-05,0,3.00247,1641.42,1.11095,5.47588,Weisskopf E1,1,19280,1.58297,11441.5,2.91096e+19,0.000582193,0,0
131xe,54,131,163.93,0.008,1.03231e+06,11/2-,1654.22,0.24,1490.29,(13/2+),,,0,E1,0.999986,1.366e-05,0,3.00247,1654.22,1.11,5.61943,Weisskopf E1,1.16667,22688.2,1.59669,13348.5,2.49511e+19,0.000499022,0,0
131xe,54,131,163.93,0.008,1.03231e+06,11/2-,2297.1,0.4,2133.17,(15/2+),,,0,M2,0.999986,1.366e-05,0,4.00247,2297.1,1.07685,2.62467e-05,Weisskopf M2,1.33333,0.0591107,2.28546,0.0242964,1.02832e+25,205.665,0,0
133xe,54,133,233.221,0.015,189907,11/2-,743.752,0.016,510.531,9/2-,,,1,M1,0,1,0,0.990589,510.531,1,0.00490479,Weisskopf M1,0.833333,120.531,0.542851,208.578,4.83993e+21,0.0967985,0,0
133xe,54,133,233.221,0.015,189907,11/2-,875.328,0.009,642.107,7/2+,,,0,M2,1,0,0,1.02016,875.328,1.36321,6.55197e-08,Weisskopf M2,0.666667,0.000814271,0.682757,0.00112035,8.74943e+26,17498.9,0,0
133xe,54,133,233.221,0.015,189907,11/2-,928.52,0.2,695.299,15/2-,,,1,E2,0,1,0,0.996244,695.299,1,5.30089e-06,Weisskopf E2,1.33333,0.112369,0.739316,0.14278,7.03018e+24,140.604,0,0
133xe,54,133,233.221,0.015,189907,11/2-,1071.04,0.17,837.819,7/2+,,,0,M2,1,0,0,1.49217,1071.04,1.27837,2.47791e-07,Weisskopf M2,0.666667,0.00180883,0.890858,0.00190739,3.51353e+26,7027.06,0,0
133xe,54,133,233.221,0.015,189907,11/2-,1169.52,0.2,936.299,13/2-,,,1,M1,0,1,0,0.997516,936.299,1,0.030255,Weisskopf M1,1.16667,309.47,0.995573,292.009,3.43308e+21,0.0686617,0,0
133xe,54,133,233.221,0.015,189907,11/2-,1236.45,0.005,1003.23,7/2+,,,0,M2,1,0,0,1.51811,1236.45,1.23247,6.10005e-07,Weisskopf M2,0.666667,0.0031056,1.06674,0.00273488,2.40856e+26,4817.12,0,0
133xe,54,133,233.221,0.015,189907,11/2-,1386.15,0.008,1152.93,7/2+,,,0,M2,1,0,0,1.98427,1386.15,1.20229,1.22279e-06,Weisskopf M2,0.666667,0.00471365,1.22592,0.00361199,1.39525e+26,2790.51,0,0
133xe,54,133,233.221,0.015,189907,11/2-,1609.3,0.17,1376.08,9/2+,,,0,E1,1,0,0,2.01637,1609.3,1.16948,4.46886,Weisskopf E1,0.833333,15115.8,1.46319,9704.67,5.11033e+19,0.00102207,0,0
133xe,54,133,233.221,0.015,189907,11/2-,1716.4,0.3,1483.18,15/2-,,,0,E2,0,1,0,1.98867,1483.18,1,0.000234131,Weisskopf E2,1.33333,1.09072,1.57707,0.649698,7.73974e+23,15.4795,0,0
133xe,54,133,233.221,0.015,189907,11/2-,1743.75,0.2,1510.53,11/2+,,,0,E1,1,0,0,2.96074,1743.75,1.1544,5.91091,Weisskopf E1,1,19911.3,1.60616,11645.6,2.90027e+19,0.000580054,0,0
133xe,54,133,233.221,0.015,189907,11/2-,1789.58,0.17,1556.36,9/2+,,,0,E1,1,0,0,2.9303,1789.58,1.14985,6.46541,Weisskopf E1,0.833333,17096.2,1.65489,9704.67,3.51647e+19,0.000703295,0,0
133xe,54,133,233.221,0.015,189907,11/2-,1861.8,0.3,1628.58,9/2+,,,0,E1,1,0,0,2.48898,1861.8,1.14321,7.40787,Weisskopf E1,0.833333,17889.5,1.73168,9704.67,4.13998e+19,0.000827996,0,0
133xe,54,133,233.221,0.015,189907,11/2-,2062,0.3,1828.78,13/2+,,,0,E1,1,0,0,3.00461,2062,1.12753,10.4894,Weisskopf E1,1.16667,28124.1,1.94455,13586.5,2.44964e+19,0.000489929,0,0
133xe,54,133,233.221,0.015,189907,11/2-,2092.75,0.2,1859.53,(9/2)-,,,0,M1,1,0,0,2.9829,2092.75,1.12542,0.237008,Weisskopf M1,0.833333,439.014,1.97725,208.578,1.60729e+21,0.0321457,0,0
133xe,54,133,233.221,0.015,189907,11/2-,3000,0.5,2766.78,(7/2+),,,0,M2,0,0,1,0,0,0,9.73212e-05,Weisskopf M2,0.666667,0.0651433,2.94193,0.0208012,,,0,0
135xe,54,135,526.551,0.013,917.4,11/2-,1131.51,0.011,604.961,7/2+,,,0,M2,1,0,0,0.998752,1131.51,1.87039,4.91239e-08,Weisskopf M2,0.666667,0.000687781,0.638476,0.00101194,9.89433e+26,19788.7,0,0
135xe,54,135,526.551,0.013,917.4,11/2-,1565.29,0.016,1038.74,9/2+,,,1,E1,0.0695301,0.93047,0,1.06796,1075.35,1.03525,1.94136,Weisskopf E1,0.833333,11524.3,1.09628,9875.14,9.48204e+19,0.00189641,0,0
135xe,54,135,526.551,0.013,917.4,11/2-,1678.07,0.012,1151.51,(7/2)+,,,1,M2,0.999353,0.000647125,0,1.57594,1677.72,1.45697,1.22745e-06,Weisskopf M2,0.666667,0.00474325,1.21531,0.0036664,1.7307e+26,3461.39,0,0
135xe,54,135,526.551,0.013,917.4,11/2-,1748.5,0.4,1221.95,(15/2-),,,1,E2,0,1,0,1,1221.95,1,9.06565e-05,Weisskopf E2,1.33333,0.622207,1.28965,0.453226,2.20641e+24,44.1281,0,0
135xe,54,135,526.551,0.013,917.4,11/2-,1781.39,0.03,1254.84,(11/2)+,,,1,E1,0.987167,0.0128332,0,1.98593,1774.63,1.41423,3.42257,Weisskopf E1,1,16706.3,1.32436,11850.2,4.24923e+19,0.000849847,0,0
135xe,54,135,526.551,0.013,917.4,11/2-,1849.8,0.4,1323.25,(13/2-),,,1,M1,0,1,0,1,1323.25,1,0.0854041,Weisskopf M1,1.16667,437.366,1.39656,294.196,3.3991e+21,0.0679819,0,0
135xe,54,135,526.551,0.013,917.4,11/2-,1894.45,0.05,1367.9,(7/2 9/2),,,1,,0,1,0,1,1367.9,1,,unknown,1,,1.44368,,,,0,0
135xe,54,135,526.551,0.013,917.4,11/2-,1968.32,0.017,1441.77,(9/2)+,,,1,E1,0.970504,0.0294964,0,2.02053,1952.79,1.35444,5.19132,Weisskopf E1,0.833333,15995.8,1.52165,9875.14,5.01179e+19,0.00100236,0,0
135xe,54,135,526.551,0.013,917.4,11/2-,2048.55,0.07,1522,,,,1,,0,1,0,1,1522,1,,unknown,1,,1.60632,,,,0,0
135xe,54,135,526.551,0.013,917.4,11/2-,2092.94,0.022,1566.39,(7/2- 9/2),,,1,,0.264015,0.735985,0,1.37579,1705.41,1.08875,,unknown,1,,1.65317,,,,0,0
135xe,54,135,526.551,0.013,917.4,11/2-,2233.04,0.019,1706.49,(9/2+),,,1,E1,0.433925,0.566075,0,1.49404,1934.97,1.13389,8.60795,Weisskopf E1,0.833333,18932.8,1.80103,9875.14,6.77791e+19,0.00135558,0,0
135xe,54,135,526.551,0.013,917.4,11/2-,2255.48,0.017,1728.93,(7/2+),,,0,M2,0.973,0.0270001,0,1.87771,2241.26,1.29633,9.36571e-06,Weisskopf M2,0.666667,0.0160546,1.82471,0.00826523,6.4434e+25,1288.68,0,0
135xe,54,135,526.551,0.013,917.4,11/2-,2357.24,0.03,1830.69,(9/2+),,,1,E1,0.405194,0.594806,0,1.84154,2044.04,1.11654,10.6275,Weisskopf E1,0.833333,20310.7,1.93211,9875.14,5.4989e+19,0.00109978,0,0
135xe,54,135,526.551,0.013,917.4,11/2-,2371.99,0.04,1845.44,7/2(+) 9/2(+),,,1,,0.994036,0.00596421,0,1.99279,2368.85,1.28362,,unknown,1,,1.94768,,,,0,0
135xe,54,135,526.551,0.013,917.4,11/2-,2466.11,0.09,1939.56,(7/2+),,,0,M2,0.997667,0.0023333,0,1.61077,2464.88,1.27085,1.66407e-05,Weisskopf M2,0.666667,0.0226661,2.04701,0.0104018,5.96843e+25,1193.69,0,0
135xe,54,135,526.551,0.013,917.4,11/2-,2475.08,0.05,1948.53,(7/2- 9/2),,,1,,0.552486,0.447514,0,1.5518,2239.44,1.1493,,unknown,1,,2.05648,,,,0,0
120cs,55,120,102.58,0.18,57,,179.44,0.15,76.86,(1+),,,1,,0.917431,0.0825688,0,1,170.97,2.22444,,unknown,1,,0.0860388,,,,0,1
120cs,55,120,102.58,0.18,57,,248.9,0.2,146.32,,,,1,,0.775194,0.224806,0,1,225.839,1.54346,,unknown,1,,0.163794,,,,0,0
120cs,55,120,102.58,0.18,57,,285.2,0.3,182.62,,,,1,,0,1,0,1,182.62,1,,unknown,1,,0.204429,,,,0,0
120cs,55,120,102.58,0.18,57,,336.9,0.3,234.32,,,,1,,0,1,0,1,234.32,1,,unknown,1,,0.262303,,,,0,0
121cs,55,121,68.5,0.3,122,9/2(+),210.8,0.5,142.3,(7/2+),,,0,M1,1,0,0,1,210.8,1.48138,0.000106211,Weisskopf M1,0.8,32.2516,0.158634,190.988,5.23594e+21,0.104719,0,0
121cs,55,121,68.5,0.3,122,9/2(+),313.9,0.6,245.4,(11/2+),5.7e-12,,1,M1,0,1,0,1,245.4,1,8.00417e-05,measured,1.2,12.2589,0.273569,42.0955,2.37555e+22,0.47511,0,0
121cs,55,121,68.5,0.3,122,9/2(+),589.9,0.7,521.4,(13/2+),,,1,E2,0,1,0,1.7874,521.4,1,1.10813e-06,Weisskopf E2,1.4,0.0438611,0.58125,0.0708872,7.89242e+24,157.848,0,0
121cs,55,121,68.5,0.3,122,9/2(+),627.7,0.7,559.2,(11/2+),,,0,M1,1,0,0,2,627.7,1.1225,0.00644548,Weisskopf M1,1.2,190.11,0.623389,286.482,1.74531e+21,0.0349062,0,0
122cs,55,122,140,30,222,8(-),235.3,0.14,95.3,(9-),,,1,M1,0,1,0,1,95.3,1,3.19031e-05,Weisskopf M1,1.11765,30.1755,0.105803,267.922,3.73244e+21,0.0746487,0,1
122cs,55,122,140,30,222,8(-),272.38,0.16,132.38,(9+),,,1,E1,0,1,0,1.0099,132.38,1,0.00375612,Weisskopf E1,1.11765,1841.21,0.146969,11768.6,8.41386e+19,0.00168277,0,0
122cs,55,122,140,30,222,8(-),323.79,0.23,183.79,(10+),,,0,M2,0,1,0,2.0099,183.79,1,1.18836e-10,Weisskopf M2,1.23529,3.34025e-05,0.204045,0.000153781,3.23535e+27,64707.1,0,0
122cs,55,122,140,30,222,8(-),365.72,0.15,225.72,(10-),,,1,E2,0,1,0,1.94429,225.72,1,1.70354e-08,Weisskopf E2,1.23529,0.00317457,0.250596,0.0119004,4.32194e+25,864.387,0,0
123cs,55,123,156.27,0.05,1.64,11/2(-),214.56,0.05,58.29,7/2(-),,,1,E2,0.389545,0.610455,0,0.590613,119.164,2.04433,1.97788e-11,Weisskopf E2,0.666667,2.98279e-05,0.0644504,0.000434758,3.89448e+27,77889.7,0,1
123cs,55,123,156.27,0.05,1.64,11/2(-),231.63,0.06,75.36,(7/2+),,,0,M2,1,0,0,1.67151,231.63,3.07365,1.38487e-12,Weisskopf M2,0.666667,1.24951e-06,0.0833245,1.40869e-05,4.24693e+28,849386,0,1
123cs,55,123,156.27,0.05,1.64,11/2(-),328.08,0.08,171.81,(9/2+),1.14e-07,,0,E1,1,0,0,2.05666,328.08,1.90955,0.00825622,Weisskopf E1,0.833333,1791.46,0.189968,8858.83,5.48861e+19,0.00109772,0,0
123cs,55,123,156.27,0.05,1.64,11/2(-),476.76,0.19,320.49,(15/2-),4e-11,,1,E2,0,1,0,0.965904,320.49,1,1.14059e-05,measured,1.33333,1.138,0.354361,3.01681,3.43177e+23,6.86354,0,0
123cs,55,123,156.27,0.05,1.64,11/2(-),596.96,0.18,440.69,(11/2+),6.2e-12,,0,E1,1,0,0,3.00068,596.96,1.3546,0.139327,Weisskopf E1,1,5514.07,0.487265,10630.6,3.1349e+19,0.00062698,0,0
123cs,55,123,156.27,0.05,1.64,11/2(-),659.8,0.19,503.53,(11/2+),1.8e-11,,0,E1,1,0,0,2.65708,659.8,1.31035,0.207832,Weisskopf E1,1,6300.34,0.556746,10630.6,3.54028e+19,0.000708056,0,0
123cs,55,123,156.27,0.05,1.64,11/2(-),900.49,0.2,744.22,(13/2+),1.8e-12,,0,E1,1,0,0,3.77701,900.49,1.20998,0.671027,Weisskopf E1,1.16667,10863.9,0.822874,12402.4,2.13475e+19,0.000426951,0,0
123cs,55,123,156.27,0.05,1.64,11/2(-),1237.24,0.22,1080.97,(15/2+),,,0,M2,1,0,0,4.56311,1237.24,1.14456,8.40954e-07,Weisskopf M2,1.33333,0.00737542,1.19521,0.00579684,3.78049e+25,756.098,0,0
123cs,55,123,156.27,0.05,1.64,11/2(-),1260.2,0.3,1103.93,(15/2+),,,0,M2,1,0,0,3.65135,1260.2,1.14156,9.34139e-07,Weisskopf M2,1.33333,0.00785543,1.2206,0.00604571,4.53e+25,906.001,0,0
124cs,55,124,462.63,0.14,6.41,(7)+,479.02,0.13,16.39,(5)+,,,0,E2,1,0,0,2.30275,479.02,29.2264,3.51409e-14,Weisskopf E2,0.733333,7.37325e-07,0.018049,3.83758e-05,1.13161e+28,226322,1,1
124cs,55,124,462.63,0.14,6.41,(7)+,491.5,0.3,28.87,(6+),,,0,M1,1,0,0,3.25801,491.5,17.0246,8.8694e-07,Weisskopf M1,0.866667,7.08852,0.0317922,209.453,1.46542e+21,0.0293084,1,1
124cs,55,124,462.63,0.14,6.41,(7)+,494.88,0.24,32.25,(6)-,,,0,E1,1,0,0,2.41378,494.88,15.3451,5.48996e-05,Weisskopf E1,0.866667,351.613,0.0355143,9300.63,4.4544e+19,0.00089088,0,1
124cs,55,124,462.63,0.14,6.41,(7)+,529.97,0.13,67.34,(5)-,,,0,M2,1,0,0,2.70462,529.97,7.87006,7.93257e-13,Weisskopf M2,0.733333,9.85989e-07,0.0741561,1.24904e-05,2.96018e+28,592036,0,1
124cs,55,124,462.63,0.14,6.41,(7)+,530,0.3,67.37,(7+),,,0,M1,1,0,0,3.87661,530,7.867,1.12708e-05,Weisskopf M1,1,19.0864,0.0741891,241.676,1.06737e+21,0.0213473,0,1
124cs,55,124,462.63,0.14,6.41,(7)+,565.69,0.23,103.06,(6-),,,0,E1,1,0,0,3.13656,565.69,5.48894,0.00179164,Weisskopf E1,0.866667,1123.64,0.113492,9300.63,3.42794e+19,0.000685588,0,0
124cs,55,124,462.63,0.14,6.41,(7)+,586.5,0.4,123.87,(6-),,,0,E1,1,0,0,3.03385,586.5,4.7348,0.00311085,Weisskopf E1,0.866667,1350.52,0.136408,9300.63,3.54399e+19,0.000708799,0,0
124cs,55,124,462.63,0.14,6.41,(7)+,588.5,0.4,125.87,(8+),,,0,M1,1,0,0,4.06818,588.5,4.67546,7.35056e-05,Weisskopf M1,1.13333,40.4145,0.13861,273.9,8.97445e+20,0.0179489,0,0
124cs,55,124,462.63,0.14,6.41,(7)+,648.8,0.3,186.17,(7)-,,,0,E1,1,0,0,3.41704,648.8,3.48499,0.0105611,Weisskopf E1,1,2342.03,0.205014,10731.5,2.72703e+19,0.000545406,0,0
124cs,55,124,462.63,0.14,6.41,(7)+,660.1,0.4,197.47,(9+),,,0,E2,1,0,0,4.25686,660.1,3.34279,8.9212e-09,Weisskopf E2,1.26667,0.00222734,0.217458,0.00962193,2.44145e+25,488.29,0,0
124cs,55,124,462.63,0.14,6.41,(7)+,677.4,0.3,214.77,(7-),,,0,E1,1,0,0,3.65471,677.4,3.15407,0.0162144,Weisskopf E1,1,2701.82,0.236509,10731.5,2.54969e+19,0.000509937,0,0
124cs,55,124,462.63,0.14,6.41,(7)+,743.2,0.4,280.57,(7-),,,0,E1,1,0,0,4.09463,743.2,2.64889,0.0361496,Weisskopf E1,1,3529.59,0.308969,10731.5,2.27575e+19,0.000455151,0,0
124cs,55,124,462.63,0.14,6.41,(7)+,757.5,0.3,294.87,(8-),,,0,E1,1,0,0,4.34013,757.5,2.56893,0.0419635,Weisskopf E1,1.13333,4204.08,0.324716,12162.4,1.89443e+19,0.000378886,0,0
124cs,55,124,462.63,0.14,6.41,(7)+,796.7,0.3,334.07,(8-),,,0,E1,1,0,0,4.08787,796.7,2.38483,0.0610229,Weisskopf E1,1.13333,4762.98,0.367884,12162.4,2.01134e+19,0.000402268,0,0
124cs,55,124,462.63,0.14,6.41,(7)+,974.1,0.3,511.47,(9-),,,0,M2,1,0,0,5.1652,974.1,1.90451,2.00516e-08,Weisskopf M2,1.26667,0.000746232,0.56324,0.0012446,1.55554e+26,3111.09,0,0
124cs,55,124,462.63,0.14,6.41,(7)+,1091.4,0.4,628.77,(9-),,,0,M2,1,0,0,5.12907,1091.4,1.73577,5.62999e-08,Weisskopf M2,1.26667,0.0013864,0.692413,0.00188094,1.03654e+26,2073.08,0,0
124cs,55,124,462.63,0.14,6.41,(7)+,1244.55,0.1,781.92,(1)+,,,1,E6,0.995498,0.00450211,0,2.91284,1242.47,1.589,,unknown,0.2,,0.861065,,,,0,0
130cs,55,130,163.25,0.11,207.6,5-,278.8,0.1,115.55,(6)-,,,1,M1,0,1,0,1,115.55,1,5.68674e-05,Weisskopf M1,1.18182,38.6881,0.124275,292.446,3.41944e+21,0.0683887,0,0
130cs,55,130,163.25,0.11,207.6,5-,375.6,0.15,212.35,(7)-,,,0,E2,0,1,0,2,212.35,1,1.36628e-08,Weisskopf E2,1.36364,0.00317569,0.228384,0.0130624,3.82777e+25,765.555,0,0
134cs,55,134,138.744,0.0026,10483.2,8-,257.108,0.0026,118.363,6-,1.23e-08,,1,E2,0.457785,0.542215,0,0.74163,181.878,1.53661,2.01121e-08,measured,0.764706,0.00843762,0.125386,0.0632151,2.133e+25,426.601,0,0
134cs,55,134,138.744,0.0026,10483.2,8-,344.359,0.0025,205.615,7-,,,1,M1,0.153754,0.846246,0,0.967545,226.948,1.10375,0.00032042,Weisskopf M1,0.882353,51.399,0.217815,221.676,4.66242e+21,0.0932483,0,0
134cs,55,134,138.744,0.0026,10483.2,8-,382.983,0.0024,244.239,6-,,,0,E2,0.203114,0.796886,0,1.04198,272.42,1.11538,2.86356e-08,Weisskopf E2,0.764706,0.00282145,0.25873,0.0102441,9.3684e+25,1873.68,0,0
134cs,55,134,138.744,0.0026,10483.2,8-,434.175,0.003,295.43,6- 7-,,,1,,0.0431247,0.956875,0,1.06986,301.414,1.02025,,unknown,1,,0.312959,,,,0,0
134cs,55,134,138.744,0.0026,10483.2,8-,748.7,0.9,609.956,,,,1,,0,1,0,1,609.956,1,,unknown,1,,0.646146,,,,0,0
134cs,55,134,138.744,0.0026,10483.2,8-,820.7,1,681.956,,,,1,,0,1,0,1,681.956,1,,unknown,1,,0.722417,,,,0,0
136cs,55,136,517.9,0.1,17.5,8-,583.9,0.5,66,9-,,,1,M1,0,1,0,1,66,1,1.05971e-05,Weisskopf M1,1.11765,20.898,0.0693999,282.877,3.53511e+21,0.0707022,0,1
138cs,55,138,79.9,0.3,174.6,6-,254.4,0.5,174.5,(7-),,,1,M1,0,1,0,0.840336,174.5,1,0.000195857,Weisskopf M1,1.15385,57.0427,0.182155,294.178,4.04517e+21,0.0809033,0,0
138cs,55,138,79.9,0.3,174.6,6-,1121.8,0.5,1041.9,(8-),,,1,E2,0,1,0,1,1041.9,1,4.20718e-05,Weisskopf E2,1.30769,0.389536,1.0876,0.336455,2.97216e+24,59.4433,0,0
138cs,55,138,79.9,0.3,174.6,6-,1206.2,0.5,1126.3,(8-),,,1,E2,0,1,0,1,1126.3,1,6.21057e-05,Weisskopf E2,1.30769,0.492075,1.17571,0.393173,2.54341e+24,50.8682,0,0
138cs,55,138,79.9,0.3,174.6,6-,1312.4,0.5,1232.5,(8-),,,1,E2,0,1,0,1.76681,1232.5,1,9.7453e-05,Weisskopf E2,1.30769,0.644808,1.28656,0.470814,1.20216e+24,24.0432,0,0
127ba,56,127,80.32,0.11,1.93,7/2-,81.29,0.13,0.97,(5/2)+,7.5e-08,,0,E1,1,0,0,0.202932,81.29,83.8041,1.51781e-09,Weisskopf E1,0.75,9.29903,0.00105549,8276.26,5.95409e+20,0.0119082,1,1
127ba,56,127,80.32,0.11,1.93,7/2-,159.66,0.14,79.34,(9/2)-,4e-10,,1,M1,0,1,0,0.3367,79.34,1,1.14059e-06,measured,1.25,1.74084,0.0863326,18.9424,1.56791e+23,3.13582,0,1
127ba,56,127,80.32,0.11,1.93,7/2-,195.56,0.14,115.24,(7/2)+,,,0,E1,1,0,0,0.79817,195.56,1.69698,0.00254514,Weisskopf E1,1,1473.02,0.125397,11035,1.13536e+20,0.00227071,0,0
127ba,56,127,80.32,0.11,1.93,7/2-,269.6,0.3,189.28,(5/2)+,,,0,E1,1,0,0,0.944242,269.6,1.42434,0.0112776,Weisskopf E1,0.75,1814.56,0.205962,8276.26,1.27962e+20,0.00255925,0,0
127ba,56,127,80.32,0.11,1.93,7/2-,293.91,0.14,213.59,(11/2)-,,,1,E2,0,1,0,1.01616,213.59,1,1.36353e-08,Weisskopf E2,1.5,0.00344586,0.232415,0.0139279,7.06567e+25,1413.13,0,0
127ba,56,127,80.32,0.11,1.93,7/2-,324.26,0.23,243.94,(7/2)+,,,0,E1,1,0,0,1.15797,324.26,1.32926,0.0241407,Weisskopf E1,1,3118.08,0.265439,11035,7.82584e+19,0.00156517,0,0
127ba,56,127,80.32,0.11,1.93,7/2-,375.17,0.23,294.85,(7/2)+,,,0,E1,1,0,0,1.13471,375.17,1.27241,0.042629,Weisskopf E1,1,3768.82,0.320836,11035,7.98623e+19,0.00159725,0,0
127ba,56,127,80.32,0.11,1.93,7/2-,415.89,0.16,335.57,(9/2)+,,,0,E1,1,0,0,1.61793,415.89,1.23935,0.0628421,Weisskopf E1,1.25,5361.64,0.365145,13793.8,4.48082e+19,0.000896165,0,0
127ba,56,127,80.32,0.11,1.93,7/2-,599.36,0.25,519.04,(9/2+),,,0,E1,1,0,0,1.71969,599.36,1.15475,0.232543,Weisskopf E1,1.25,8293.07,0.564785,13793.8,4.21568e+19,0.000843135,0,0
127ba,56,127,80.32,0.11,1.93,7/2-,669.11,0.17,588.79,(11/2)+,,,0,M2,0.915453,0.0845471,0,2.03848,662.319,1.12488,4.11881e-08,Weisskopf M2,1.5,0.00136976,0.640683,0.00200841,2.44254e+26,4885.08,0,0
127ba,56,127,80.32,0.11,1.93,7/2-,728.5,0.4,648.18,(9/2+),,,0,E1,1,0,0,2.03948,728.5,1.12392,0.452886,Weisskopf E1,1.25,10356.4,0.705307,13793.8,3.55466e+19,0.000710933,0,0
127ba,56,127,80.32,0.11,1.93,7/2-,832.5,0.4,752.18,,,,1,,0,1,0,1.16835,752.18,1,,unknown,1,,0.818473,,,,0,0
127ba,56,127,80.32,0.11,1.93,7/2-,868.2,0.3,787.88,(11/2+),,,0,M2,1,0,0,2.26564,868.2,1.10194,1.76714e-07,Weisskopf M2,1.5,0.00328204,0.857319,0.00359627,1.22732e+26,2454.64,0,0
127ba,56,127,80.32,0.11,1.93,7/2-,876.9,0.4,796.58,,,,1,,0,1,0,1.8837,796.58,1,,unknown,1,,0.866786,,,,0,0
127ba,56,127,80.32,0.11,1.93,7/2-,906.5,0.3,826.18,(11/2+),,,0,M2,1,0,0,2.40757,906.5,1.09722,2.24049e-07,Weisskopf M2,1.5,0.00378432,0.898995,0.00395441,1.05036e+26,2100.72,0,0
127ba,56,127,80.32,0.11,1.93,7/2-,991.2,0.4,910.88,,,,1,,0,1,0,1.45095,910.88,1,,unknown,1,,0.99116,,,,0,0
127ba,56,127,80.32,0.11,1.93,7/2-,1961.2,0.4,1880.88,,,,1,,0,1,0,1.45095,1880.88,1,,unknown,1,,2.04665,,,,0,0
127ba,56,127,80.32,0.11,1.93,7/2-,2351.9,0.4,2271.58,,,,1,,0,1,0,1.50808,2271.58,1,,unknown,1,,2.47178,,,,0,0
129ba,56,129,8.42,0.06,7686,7/2+,110.57,0.05,102.15,3/2+,,,1,E2,0.997613,0.00238672,0,0.573213,110.55,1.08223,3.48337e-10,Weisskopf E2,0.5,0.000128291,0.110288,0.00109275,1.59649e+27,31929.7,0,0
129ba,56,129,8.42,0.06,7686,7/2+,182.04,0.11,173.62,9/2-,1.52e-08,,1,E1,0,1,0,0.953016,173.62,1,3.00156e-08,measured,1.25,0.00956668,0.187452,0.0479427,2.18865e+25,437.731,0,0
129ba,56,129,8.42,0.06,7686,7/2+,253.76,0.05,245.34,3/2+,,,0,E2,0.999568,0.000432456,0,0.982919,253.756,1.0343,2.78388e-08,Weisskopf E2,0.5,0.0017774,0.264885,0.00630346,1.614e+26,3228,0,0
129ba,56,129,8.42,0.06,7686,7/2+,263.1,0.1,254.68,9/2+,,,1,M1,0,1,0,0.929627,254.68,1,0.000608889,Weisskopf M1,1.25,90.1907,0.274969,308.126,3.49111e+21,0.0698222,0,0
129ba,56,129,8.42,0.06,7686,7/2+,278.81,0.12,270.39,11/2-,,,0,M2,0,1,0,1.33763,270.39,1,8.50054e-10,Weisskopf M2,1.5,0.000134048,0.291931,0.00043135,1.73314e+27,34662.8,0,0
129ba,56,129,8.42,0.06,7686,7/2+,318.4,0.1,309.98,5/2+,,,0,M1,0.999722,0.000278256,0,1.02049,318.398,1.02716,0.00109788,Weisskopf M1,0.75,65.8646,0.334675,184.875,5.30044e+21,0.106009,0,0
129ba,56,129,8.42,0.06,7686,7/2+,457.02,0.06,448.6,3/2+,,,1,E2,0.728843,0.271157,0,1.17694,454.737,1.01368,5.6899e-07,Weisskopf E2,0.5,0.0108657,0.484338,0.0210747,4.03166e+25,806.331,0,0
129ba,56,129,8.42,0.06,7686,7/2+,459.29,0.09,450.87,5/2+,,,0,M1,0.997923,0.00207666,0,1.59188,459.273,1.01864,0.00337837,Weisskopf M1,0.75,95.8009,0.486789,184.875,3.3979e+21,0.0679581,0,0
129ba,56,129,8.42,0.06,7686,7/2+,467.3,0.1,458.88,7/2+,,,0,M1,0.997862,0.00213809,0,1.56966,467.282,1.01831,0.00356165,Weisskopf M1,1,130.004,0.495437,246.501,2.5845e+21,0.05169,0,0
129ba,56,129,8.42,0.06,7686,7/2+,542.27,0.08,533.85,5/2+,,,1,M1,0.507355,0.492645,0,1.2958,538.122,1.008,0.00560805,Weisskopf M1,0.75,113.432,0.57638,184.875,4.17428e+21,0.0834856,0,0
129ba,56,129,8.42,0.06,7686,7/2+,544.74,0.1,536.32,11/2+,1.06e-11,,1,E2,1.11022e-16,1,0,1.19254,536.32,1,3.3279e-05,measured,1.5,1.33388,0.579047,2.16398,3.87502e+23,7.75004,0,0
129ba,56,129,8.42,0.06,7686,7/2+,617.81,0.07,609.39,(3/2+ 5/2+),,,1,,0.909681,0.0903188,0,1.31342,617.05,1.01257,,unknown,1,,0.657938,,,,0,0
129ba,56,129,8.42,0.06,7686,7/2+,631.3,1.3,622.88,7/2-,,,0,E1,0,0,1,0,0,0,0.406105,Weisskopf E1,1,8045.13,0.672502,11238,,,0,0
129ba,56,129,8.42,0.06,7686,7/2+,659.97,0.08,651.55,5/2+,,,1,M1,0.82761,0.17239,0,1.71005,658.518,1.0107,0.0101952,Weisskopf M1,0.75,138.441,0.703456,184.875,3.16309e+21,0.0632618,0,0
129ba,56,129,8.42,0.06,7686,7/2+,711.92,0.06,703.5,(3/2 5/2)+,,,1,,0.838729,0.161271,0,1.7363,710.562,1.01004,,unknown,1,,0.759545,,,,0,0
129ba,56,129,8.42,0.06,7686,7/2+,806.84,0.2,798.42,9/2+,,,0,M1,0.999653,0.000347368,0,2.03089,806.837,1.01054,0.0187607,Weisskopf M1,1.25,282.747,0.862027,308.126,1.59803e+21,0.0319606,0,0
129ba,56,129,8.42,0.06,7686,7/2+,849.44,0.09,841.02,5/2+,,,0,M1,0.994852,0.00514795,0,1.75804,849.397,1.00996,0.0219267,Weisskopf M1,0.75,178.7,0.908021,184.875,3.07676e+21,0.0615351,0,0
129ba,56,129,8.42,0.06,7686,7/2+,888.65,0.06,880.23,(3/2+ 5/2+),,,1,,0.775893,0.224107,0,1.44749,886.763,1.00742,,unknown,1,,0.950355,,,,0,0
129ba,56,129,8.42,0.06,7686,7/2+,999.1,0.1,990.68,11/2+,,,0,E2,0.997913,0.00208727,0,2.57043,999.082,1.00848,2.98865e-05,Weisskopf E2,1.5,0.351077,1.0696,0.30834,1.26172e+24,25.2344,0,0
129ba,56,129,8.42,0.06,7686,7/2+,1062.65,0.1,1054.23,3/2+,,,0,E2,0.999561,0.000438559,0,2.04088,1062.65,1.00798,4.07836e-05,Weisskopf E2,0.5,0.141022,1.13822,0.116389,4.20987e+24,84.1975,0,0
129ba,56,129,8.42,0.06,7686,7/2+,1094.96,0.08,1086.54,(3/2+ 5/2+),,,1,,0.713728,0.286272,0,1.55512,1092.55,1.00553,,unknown,1,,1.1731,,,,0,0
129ba,56,129,8.42,0.06,7686,7/2+,1204.1,0.2,1195.68,7/2+,,,0,M1,0,0,1,0,0,0,0.0630084,Weisskopf M1,1,338.744,1.29094,246.501,,,0,0
129ba,56,129,8.42,0.06,7686,7/2+,1282.5,0.8,1274.08,5/2+,,,0,M1,0,0,1,0,0,0,0.0762332,Weisskopf M1,0.75,270.717,1.37558,184.875,,,0,0
129ba,56,129,8.42,0.06,7686,7/2+,1303.8,0.8,1295.38,(9/2)+,,,0,M1,0,0,1,0,0,0,0.0801208,Weisskopf M1,1.25,458.737,1.39858,308.126,,,0,0
129ba,56,129,8.42,0.06,7686,7/2+,1338.9,1,1330.48,9/2-,,,0,E1,0,0,1,0,0,0,3.95777,Weisskopf E1,1.25,21480.6,1.43647,14047.5,,,0,0
129ba,56,129,8.42,0.06,7686,7/2+,1401,2,1392.58,5/2+,,,0,M1,0,0,1,0,0,0,0.0995438,Weisskopf M1,0.75,295.895,1.50352,184.875,,,0,0
129ba,56,129,8.42,0.06,7686,7/2+,1504.3,0.5,1495.88,(5/2)+,,,0,M1,0,0,1,0,0,0,0.12338,Weisskopf M1,0.75,317.845,1.61505,184.875,,,0,0
129ba,56,129,8.42,0.06,7686,7/2+,1610.2,0.08,1601.78,(5/2-),,,0,E1,0.872572,0.127428,0,2.15055,1609.13,1.00459,6.90612,Weisskopf E1,0.75,15516.5,1.72939,8428.51,5.51697e+19,0.00110339,0,0
129ba,56,129,8.42,0.06,7686,7/2+,1692.3,1.3,1683.88,11/2-,,,0,M2,0,0,1,0,0,0,7.9625e-06,Weisskopf M2,1.5,0.0323759,1.81803,0.016729,,,0,0
129ba,56,129,8.42,0.06,7686,7/2+,2008.1,5.5,1999.68,3/2-,,,0,M2,0,0,1,0,0,0,1.8806e-05,Weisskopf M2,0.5,0.0180737,2.15899,0.00786409,,,0,0
131ba,56,131,187.995,0.009,855.6,9/2-,287.52,0.2,99.525,11/2-,,,1,M1,0,1,0,0.497512,99.525,1,3.63371e-05,Weisskopf M1,1.2,33.8353,0.10663,298.085,6.74305e+21,0.134861,0,1
131ba,56,131,187.995,0.009,855.6,9/2-,316.585,0.007,128.59,5/2+,,,0,M2,1,0,0,1.3377,316.585,2.46197,2.08922e-11,Weisskopf M2,0.6,5.82672e-06,0.13777,3.973e-05,1.88157e+28,376315,0,0
131ba,56,131,187.995,0.009,855.6,9/2-,542.89,0.14,354.895,7/2+,,,0,E1,1,0,0,1.63894,542.89,1.52972,0.0758891,Weisskopf E1,0.8,3704.87,0.380232,9153.24,6.66593e+19,0.00133319,0,0
131ba,56,131,187.995,0.009,855.6,9/2-,706.45,0.17,518.455,13/2-,,,1,E2,0,1,0,1.43615,518.455,1,1.19749e-06,Weisskopf E2,1.4,0.0479381,0.555469,0.0810722,8.58871e+24,171.774,0,0
131ba,56,131,187.995,0.009,855.6,9/2-,803.41,0.24,615.415,9/2+,,,0,E1,1,0,0,2.56045,803.41,1.30548,0.395717,Weisskopf E1,1,8030.66,0.659351,11441.5,3.41349e+19,0.000682698,0,0
131ba,56,131,187.995,0.009,855.6,9/2-,1030.6,0.6,842.605,(13/2-),,,1,E2,0,1,0,1.24876,842.605,1,1.3578e-05,Weisskopf E2,1.4,0.205788,0.902761,0.21414,3.73959e+24,74.7919,0,0
131ba,56,131,187.995,0.009,855.6,9/2-,1118.91,0.22,930.915,11/2+,,,0,E1,1,0,0,2.73027,1118.91,1.20195,1.36965,Weisskopf E1,1.2,14577.2,0.997376,13729.9,2.66765e+19,0.00053353,0,0
131ba,56,131,187.995,0.009,855.6,9/2-,1417.92,0.23,1229.93,13/2+,,,0,M2,1,0,0,3.58483,1417.92,1.15285,1.6724e-06,Weisskopf M2,1.4,0.0118964,1.31773,0.00848083,3.28922e+25,657.844,0,0
133ba,56,133,288.252,0.009,140040,11/2-,577.555,0.013,289.303,7/2+,,,0,M2,1,0,0,1.0574,577.555,1.99637,1.21646e-09,Weisskopf M2,0.666667,7.44741e-05,0.307618,0.000227428,4.15829e+27,83165.8,0,0
133ba,56,133,288.252,0.009,140040,11/2-,791.1,0.5,502.848,7/2-,,,0,E2,0,0,1,0,0,0,1.04876e-06,Weisskopf E2,0.666667,0.0212526,0.534682,0.0373395,,,0,0
133ba,56,133,288.252,0.009,140040,11/2-,862.8,0.09,574.548,(7/2)+,,,0,M2,1,0,0,1.62544,862.8,1.5017,3.75808e-08,Weisskopf M2,0.666667,0.000583345,0.610921,0.000896998,6.85864e+26,13717.3,0,0
133ba,56,133,288.252,0.009,140040,11/2-,883.39,0.04,595.138,9/2+,,,0,E1,1,0,0,1.95843,883.39,1.48434,0.36151,Weisskopf E1,0.833333,6537.42,0.632814,9704.67,5.26151e+19,0.0010523,0,0
133ba,56,133,288.252,0.009,140040,11/2-,901.8,0.08,613.548,13/2-,,,1,M1,0,1,0,0.993246,613.548,1,0.00851333,Weisskopf M1,1.16667,202.793,0.65239,292.009,3.44784e+21,0.0689569,0,0
133ba,56,133,288.252,0.009,140040,11/2-,968.97,0.08,680.718,15/2-,,,1,E2,0,1,0,0.995619,680.718,1,4.7679e-06,Weisskopf E2,1.33333,0.105447,0.723812,0.136854,7.33918e+24,146.784,0,0
133ba,56,133,288.252,0.009,140040,11/2-,1271.3,0.5,983.048,7/2-,,,0,E2,0,0,1,0,0,0,2.99478e-05,Weisskopf E2,0.666667,0.158791,1.04528,0.142707,,,0,0
133ba,56,133,288.252,0.009,140040,11/2-,1329.5,0.5,1041.25,7/2-,,,0,E2,0,0,1,0,0,0,3.99265e-05,Weisskopf E2,0.666667,0.188697,1.10717,0.160104,,,0,0
133ba,56,133,288.252,0.009,140040,11/2-,1352.76,0.05,1064.51,7/2+,,,0,M2,1,0,0,2.19616,1352.76,1.27078,8.20502e-07,Weisskopf M2,0.666667,0.00371017,1.1319,0.00307919,1.47877e+26,2957.53,0,0
133ba,56,133,288.252,0.009,140040,11/2-,1375.65,0.07,1087.4,11/2+,,,0,E1,1,0,0,2.19786,1375.65,1.26508,2.20512,Weisskopf E1,1,14333.7,1.15624,11645.6,3.90696e+19,0.000781391,0,0
133ba,56,133,288.252,0.009,140040,11/2-,1528.99,0.09,1240.74,15/2-,,,0,E2,0,1,0,1.98843,1240.74,1,9.5916e-05,Weisskopf E2,1.33333,0.638517,1.31928,0.454658,1.10613e+24,22.1225,0,0
133ba,56,133,288.252,0.009,140040,11/2-,1633.08,0.08,1344.83,13/2+,,,0,E1,1,0,0,2.97107,1633.08,1.21434,4.17126,Weisskopf E1,1.16667,20681.6,1.42996,13586.5,2.4773e+19,0.00049546,0,0
133ba,56,133,288.252,0.009,140040,11/2-,1968.2,0.5,1679.95,7/2-,,,0,E2,0,0,1,0,0,0,0.000436486,Weisskopf E2,0.666667,0.792483,1.7863,0.41676,,,0,0
133ba,56,133,288.252,0.009,140040,11/2-,2142.2,0.5,1853.95,(7/2-),,,0,E2,0,0,1,0,0,0,0.000714461,Weisskopf E2,0.666667,1.06511,1.97132,0.507563,,,0,0
133ba,56,133,288.252,0.009,140040,11/2-,2210.97,0.1,1922.72,15/2+,,,0,M2,1,0,0,3.4747,2210.97,1.14992,1.57729e-05,Weisskopf M2,1.33333,0.0437244,2.04444,0.0200909,1.43246e+25,286.492,0,0
133ba,56,133,288.252,0.009,140040,11/2-,2288.1,0.5,1999.85,7/2-,,,0,E2,0,0,1,0,0,0,0.00104346,Weisskopf E2,0.666667,1.33688,2.12645,0.590593,,,0,0
135ba,56,135,268.218,0.02,101196,11/2-,714.2,0.04,445.982,(7/2-),,,1,E2,0,1,0,1,445.982,1,5.87111e-07,Weisskopf E2,0.666667,0.0151251,0.47069,0.0301865,3.31274e+25,662.547,0,0
135ba,56,135,268.218,0.02,101196,11/2-,874.518,0.018,606.3,7/2+,1.32e-12,,0,M2,1,0,0,1.03211,874.518,1.44238,4.967e-08,Weisskopf M2,0.666667,0.000692358,0.63989,0.00101643,9.53234e+26,19064.7,0,0
135ba,56,135,268.218,0.02,101196,11/2-,950.5,0.3,682.282,(15/2-),,,1,E2,0,1,0,1,682.282,1,4.91987e-06,Weisskopf E2,1.33333,0.10831,0.720081,0.141298,7.07724e+24,141.545,0,0
135ba,56,135,268.218,0.02,101196,11/2-,1200.48,0.06,932.262,,,,1,,0,1,0,1,932.262,1,,unknown,1,,0.98391,,,,0,0
135ba,56,135,268.218,0.02,101196,11/2-,1446.41,0.07,1178.19,7/2-,,,1,E2,0.699301,0.300699,0,1.69981,1365.76,1.1592,7.55464e-05,Weisskopf E2,0.666667,0.278865,1.24346,0.210674,2.79247e+24,55.8494,0,0
135ba,56,135,268.218,0.02,101196,11/2-,1955.4,0.5,1687.18,(11/2+),,,0,E1,1,0,0,2.03211,1955.4,1.15897,8.31906,Weisskopf E1,1,22462.2,1.78065,11850.2,4.15269e+19,0.000830537,0,0
137ba,56,137,661.659,0.003,153.12,11/2-,1251.82,0.08,590.161,7/2+,3.54e-13,,0,M2,1,0,0,0.998861,1251.82,2.12115,4.38295e-08,Weisskopf M2,0.666667,0.000644818,0.618293,0.000979701,1.02188e+27,20437.7,0,0
137ba,56,137,661.659,0.003,153.12,11/2-,1797.67,0.17,1136.01,7/2-,,,1,E2,0.00988748,0.990113,0,1.00851,1142.55,1.00576,6.4204e-05,Weisskopf E2,0.666667,0.254923,1.19016,0.201211,4.92796e+24,98.5591,0,0
137ba,56,137,661.659,0.003,153.12,11/2-,2047.4,0.3,1385.74,,,,1,,0,1,0,1,1385.74,1,,unknown,1,,1.4518,,,,0,0
137ba,56,137,661.659,0.003,153.12,11/2-,2228.9,0.4,1567.24,7/2+,,,0,M2,1,0,0,2.1827,2228.9,1.42218,5.78886e-06,Weisskopf M2,0.666667,0.0120763,1.64195,0.00690914,6.63103e+25,1326.21,0,0
137ba,56,137,661.659,0.003,153.12,11/2-,2229.5,0.4,1567.84,(13/2-),,,1,M1,0,1,0,1.01478,1567.84,1,0.142056,Weisskopf M1,1.16667,518.21,1.64258,296.367,3.32505e+21,0.0665011,0,0
137ba,56,137,661.659,0.003,153.12,11/2-,2438.8,0.3,1777.14,,,,1,,0,1,0,1,1777.14,1,,unknown,1,,1.86186,,,,0,0
137ba,56,137,661.659,0.003,153.12,11/2-,2529.6,0.6,1867.94,7/2+,,,1,M2,0.721492,0.278508,0,2.10952,2345.32,1.25557,1.39229e-05,Weisskopf M2,0.666667,0.0204463,1.95698,0.00981474,4.8299e+25,965.981,0,0
137ba,56,137,661.659,0.003,153.12,11/2-,3141,20,2479.34,(9/2)-,,,0,M1,0,0,1,0,0,0,0.561775,Weisskopf M1,0.833333,585.345,2.59753,211.691,,,0,0
127la,57,127,14.2,0.4,222,(3/2+),72.8,0.4,58.6,(5/2+),,,1,M1,0,1,0,1,58.6,1,7.41731e-06,Weisskopf M1,1.5,24.9027,0.0637647,366.873,2.72574e+21,0.0545147,0,1
127la,57,127,14.2,0.4,222,(3/2+),134.5,0.4,120.3,(+),,,1,,0,1,0,0.543478,120.3,1,,unknown,1,,0.130903,,,,0,0
127la,57,127,14.2,0.4,222,(3/2+),210.2,0.4,196,(+),1.9e-09,,1,,0,1,0,0.942385,196,1,2.13646e-07,measured,1,0.042745,0.213274,0.188277,5.63604e+24,112.721,0,0
127la,57,127,14.2,0.4,222,(3/2+),250,0.4,235.8,(7/2+),9.7e-11,,1,E2,0,1,0,1.69023,235.8,1,5.78344e-07,measured,2,0.159894,0.256582,0.585404,1.01064e+24,20.2129,0,0
127la,57,127,14.2,0.4,222,(3/2+),325.8,0.4,311.6,(+),,,1,,0,1,0,1.3,311.6,1,,unknown,1,,0.339063,,,,0,0
127la,57,127,14.2,0.4,222,(3/2+),352.4,0.4,338.2,(+),,,1,,0,1,0,1.79348,338.2,1,,unknown,1,,0.368007,,,,0,0
127la,57,127,14.2,0.4,222,(3/2+),386.4,0.4,372.2,(5/2 7/2)+,,,1,,0,1,0,1.84512,372.2,1,,unknown,1,,0.405004,,,,0,0
127la,57,127,14.2,0.4,222,(3/2+),442.9,0.4,428.7,(+),,,1,,0,1,0,1.27972,428.7,1,,unknown,1,,0.466483,,,,0,0
127la,57,127,14.2,0.4,222,(3/2+),470.5,0.4,456.3,(+),,,1,,0,1,0,1.40202,456.3,1,,unknown,1,,0.496516,,,,0,0
127la,57,127,14.2,0.4,222,(3/2+),678.7,0.4,664.5,,,,1,,0,1,0,1.49533,664.5,1,,unknown,1,,0.723065,,,,0,0
127la,57,127,14.2,0.4,222,(3/2+),837.6,0.4,823.4,,,,1,,0,1,0,1.80852,823.4,1,,unknown,1,,0.89597,,,,0,0
127la,57,127,14.2,0.4,222,(3/2+),934.5,0.4,920.3,,,,1,,0,1,0,1.91789,920.3,1,,unknown,1,,1.00141,,,,0,0
127la,57,127,14.2,0.4,222,(3/2+),1161.9,0.4,1147.7,(3/2 5/2)+,,,1,,0,1,0,1.44263,1147.7,1,,unknown,1,,1.24885,,,,0,0
127la,57,127,14.2,0.4,222,(3/2+),1577.8,0.4,1563.6,,,,1,,0,1,0,1.43049,1563.6,1,,unknown,1,,1.70141,,,,0,0
127la,57,127,14.2,0.4,222,(3/2+),1668.7,0.4,1654.5,,,,1,,1.11022e-16,1,0,1.87427,1654.5,1,,unknown,1,,1.80032,,,,0,0
132la,57,132,188.2,0.11,1458,6-,231.8,0.4,43.6,(4-),,,0,E2,1,0,0,1.67751,231.8,5.31651,5.08807e-12,Weisskopf E2,0.692308,1.42424e-05,0.0465354,0.000287507,2.07342e+27,41468.4,0,1
132la,57,132,188.2,0.11,1458,6-,357.21,0.16,169.01,(7)-,,,1,M1,0,1,0,0.799361,169.01,1,0.000177947,Weisskopf M1,1.15385,55.2481,0.180389,287.712,4.3481e+21,0.086962,0,0
132la,57,132,188.2,0.11,1458,6-,361.3,0.4,173.1,(5-),,,1,M1,0.5,0.5,0,1.83875,267.2,1.54362,0.000191181,Weisskopf M1,0.846154,41.4957,0.184754,210.989,2.57761e+21,0.0515522,0,0
132la,57,132,188.2,0.11,1458,6-,390.79,0.18,202.59,(7)-,,,1,M1,0,1,0,0.877905,202.59,1,0.000306484,Weisskopf M1,1.15385,66.2251,0.21623,287.712,3.95908e+21,0.0791817,0,0
132la,57,132,188.2,0.11,1458,6-,508.17,0.17,319.97,6+,,,1,E1,0,1,0,1.27863,319.97,1,0.0558997,Weisskopf E1,1,4196.57,0.341513,11543.5,6.77511e+19,0.00135502,0,0
132la,57,132,188.2,0.11,1458,6-,521.9,0.3,333.7,(6-),,,1,M1,0.125,0.875,0,1.879,357.225,1.0705,0.00136969,Weisskopf M1,1,94.5394,0.356167,249.35,2.13433e+21,0.0426867,0,0
132la,57,132,188.2,0.11,1458,6-,584.33,0.18,396.13,(8-),,,1,E2,0,1,0,1.61223,396.13,1,3.14999e-07,Weisskopf E2,1.30769,0.0201763,0.4228,0.0448289,1.38362e+25,276.724,0,0
132la,57,132,188.2,0.11,1458,6-,603.3,0.6,415.1,(6-),,,0,M1,0.5,0.5,0,2.83875,509.2,1.22669,0.0026364,Weisskopf M1,1,117.601,0.443047,249.35,1.41274e+21,0.0282548,0,0
132la,57,132,188.2,0.11,1458,6-,669.55,0.17,481.35,(7)+,,,1,E1,1.11022e-16,1,0,1.75263,481.35,1,0.190311,Weisskopf E1,1.15385,7284.4,0.513758,13319.4,4.28375e+19,0.00085675,0,0
132la,57,132,188.2,0.11,1458,6-,707.4,0.4,519.2,(8)+,,,0,M2,0,1,0,2.00379,519.2,1,2.25332e-08,Weisskopf M2,1.30769,0.000840161,0.554156,0.00142423,3.50402e+26,7008.03,0,0
132la,57,132,188.2,0.11,1458,6-,751.9,0.4,563.7,(7-),,,1,M1,0.0625,0.9375,0,1.9395,575.462,1.02087,0.00660234,Weisskopf M1,1.15385,184.269,0.601652,287.712,1.79206e+21,0.0358411,0,0
146la,57,146,140.84,0.05,6.08,(2-),144.6,0.07,3.76,(3-),,,1,M1,0.998597,0.00140252,0,0.702665,144.402,38.4049,1.95937e-09,Weisskopf M1,1.4,1.49133,0.00381589,367.136,3.87636e+21,0.0775272,1,1
146la,57,146,140.84,0.05,6.08,(2-),197.08,0.05,56.24,(1-),,,1,M1,0.619651,0.380349,0,0.568487,143.512,2.55177,6.55677e-06,Weisskopf M1,0.6,9.5599,0.057076,157.344,1.11797e+22,0.223593,0,1
146la,57,146,140.84,0.05,6.08,(2-),326.7,0.07,185.86,(3),,,1,,0.290601,0.709399,0,1.0897,226.788,1.22021,,unknown,1.4,,0.188623,,,,0,0
146la,57,146,140.84,0.05,6.08,(2-),372.51,0.04,231.67,1+,,,1,E1,0.658193,0.341807,0,1.4006,324.37,1.40014,0.0226922,Weisskopf E1,0.6,1949.81,0.235114,7790.49,9.16479e+19,0.00183296,0,0
146la,57,146,140.84,0.05,6.08,(2-),392.55,0.05,251.71,(2+),,,0,E1,1,0,0,1,392.55,1.55953,0.0291051,Weisskopf E1,1,3530.78,0.255451,12984.1,7.7017e+19,0.00154034,0,0
146la,57,146,140.84,0.05,6.08,(2-),429.17,0.05,288.33,2-,,,0,M1,0.999553,0.000447105,0,1.19296,429.107,1.48825,0.000883534,Weisskopf M1,1,81.6858,0.292616,262.24,3.19649e+21,0.0639299,0,0
146la,57,146,140.84,0.05,6.08,(2-),438.98,0.05,298.14,1-,,,1,M1,0.421909,0.578091,0,1.21802,357.562,1.19931,0.00097682,Weisskopf M1,0.6,50.679,0.302572,157.344,5.21787e+21,0.104357,0,0
146la,57,146,140.84,0.05,6.08,(2-),443.58,0.11,302.74,(1-),,,0,M1,0.817874,0.182126,0,1.48343,417.929,1.38049,0.00102274,Weisskopf M1,0.6,51.461,0.30724,157.344,4.28433e+21,0.0856865,0,0
146la,57,146,140.84,0.05,6.08,(2-),466.54,0.05,325.7,2+,,,0,E1,0.645911,0.354089,0,1.60954,416.67,1.27931,0.0630552,Weisskopf E1,1,4568.66,0.330541,12984.1,4.78503e+19,0.000957005,0,0
146la,57,146,140.84,0.05,6.08,(2-),500.09,0.06,359.25,(1- 2-),,,1,,0.760203,0.239797,0,1.45639,466.317,1.29803,,unknown,1,,0.36459,,,,0,0
146la,57,146,140.84,0.05,6.08,(2-),574.52,0.05,433.68,(1- 2),,,1,,0.690144,0.309856,0,1.75468,530.88,1.22413,,unknown,1,,0.440126,,,,0,0
146la,57,146,140.84,0.05,6.08,(2-),647.09,0.05,506.25,1,,,1,,0.714204,0.285796,0,2.03998,606.838,1.19869,,unknown,0.6,,0.513775,,,,0,0
146la,57,146,140.84,0.05,6.08,(2-),675.13,0.07,534.29,(1- 2-),,,1,,0.539084,0.460916,0,1.41492,610.215,1.1421,,unknown,1,,0.542232,,,,0,0
146la,57,146,140.84,0.05,6.08,(2-),708.79,0.07,567.95,1+,,,1,E1,0.861126,0.138874,0,2.09014,689.231,1.21354,0.334347,Weisskopf E1,0.6,4780.05,0.576392,7790.49,6.14131e+19,0.00122826,0,0
146la,57,146,140.84,0.05,6.08,(2-),757.78,0.1,616.94,(1 2-),,,1,,0.686545,0.313455,0,2.26702,713.633,1.15673,,unknown,1,,0.62611,,,,0,0
146la,57,146,140.84,0.05,6.08,(2-),880.22,0.05,739.38,1+,,,0,E1,0.728019,0.271981,0,2.12246,841.914,1.13868,0.737685,Weisskopf E1,0.6,6222.85,0.75037,7790.49,6.04779e+19,0.00120956,0,0
146la,57,146,140.84,0.05,6.08,(2-),1064.5,0.05,923.66,1+,,,0,E1,0.785255,0.214745,0,2.29818,1034.26,1.11974,1.43815,Weisskopf E1,0.6,7773.81,0.937389,7790.49,5.58537e+19,0.00111707,0,0
146la,57,146,140.84,0.05,6.08,(2-),1181.76,0.08,1040.92,1+,,,0,E1,0.799139,0.200861,0,2.33257,1153.47,1.10813,2.05835,Weisskopf E1,0.6,8760.71,1.05639,7790.49,5.50302e+19,0.0011006,0,0
146la,57,146,140.84,0.05,6.08,(2-),1190.38,0.08,1049.54,1+,,,1,E1,0.645381,0.354619,0,2.45819,1140.44,1.08661,2.10991,Weisskopf E1,0.6,8833.26,1.06514,7790.49,5.2218e+19,0.00104436,0,0
146la,57,146,140.84,0.05,6.08,(2-),1224.06,0.09,1083.22,1+,,,0,E1,0.711241,0.288759,0,2.2444,1183.39,1.09248,2.31962,Weisskopf E1,0.6,9116.72,1.09932,7790.49,5.7192e+19,0.00114384,0,0
146la,57,146,140.84,0.05,6.08,(2-),1268.94,0.06,1128.1,1+,,,1,E1,0.680971,0.319029,0,2.47717,1224.01,1.08502,2.62006,Weisskopf E1,0.6,9494.44,1.14487,7790.49,5.1818e+19,0.00103636,0,0
146la,57,146,140.84,0.05,6.08,(2-),1443.44,0.06,1302.6,1+,,,0,E1,0.717837,0.282163,0,2.38259,1403.7,1.07761,4.03367,Weisskopf E1,0.6,10963.1,1.32196,7790.49,5.38748e+19,0.0010775,0,0
146la,57,146,140.84,0.05,6.08,(2-),1469.12,0.06,1328.28,1+,,,1,E1,0.771393,0.228607,0,2.52344,1436.92,1.08179,4.27697,Weisskopf E1,0.6,11179.2,1.34802,7790.49,5.08677e+19,0.00101735,0,0
146la,57,146,140.84,0.05,6.08,(2-),1481.45,0.07,1340.61,1+,,,1,E1,0.708296,0.291704,0,2.20782,1440.37,1.07441,4.39719,Weisskopf E1,0.6,11283,1.36054,7790.49,5.81395e+19,0.00116279,0,0
146la,57,146,140.84,0.05,6.08,(2-),1534.39,0.06,1393.55,1+,,,0,E1,0.642971,0.357029,0,2.51079,1484.11,1.06498,4.93896,Weisskopf E1,0.6,11728.6,1.41426,7790.49,5.11241e+19,0.00102248,0,0
146la,57,146,140.84,0.05,6.08,(2-),1624.35,0.07,1483.51,1+,,,1,E1,0.687889,0.312111,0,2.20602,1580.39,1.06531,5.95853,Weisskopf E1,0.6,12485.7,1.50556,7790.49,5.8187e+19,0.00116374,0,0
146la,57,146,140.84,0.05,6.08,(2-),1777.68,0.14,1636.84,1+,,,0,E1,0.771605,0.228395,0,2.19866,1745.51,1.06639,8.00362,Weisskopf E1,0.6,13776.2,1.66117,7790.49,5.83818e+19,0.00116764,0,0
146la,57,146,140.84,0.05,6.08,(2-),2060.51,0.24,1919.67,,,,1,,0.856956,0.143044,0,1.95253,2040.36,1.06287,,unknown,1,,1.9482,,,,0,0
146la,57,146,140.84,0.05,6.08,(2-),2165.88,0.17,2025.04,1+,,,0,E1,0.914465,0.0855353,0,2.47074,2153.83,1.0636,15.1554,Weisskopf E1,0.6,17043.4,2.05514,7790.49,5.19527e+19,0.00103905,0,0
125ce,58,125,93.6,0.4,13,(1/2+),116.9,0.4,23.3,(3/2+),,,0,M1,0,0,1,0,0,0,4.66253e-07,Weisskopf M1,2,13.2021,0.0255556,485.297,,,1,1
125ce,58,125,93.6,0.4,13,(1/2+),135.77,0.1,42.17,(5/2+),,,0,E2,0,0,1,0,0,0,4.00485e-12,Weisskopf E2,3,5.19283e-05,0.0462523,0.00105468,,,0,1
125ce,58,125,93.6,0.4,13,(1/2+),267,0.3,173.4,(5/2+),,,1,E2,1.11022e-16,0.315068,0.684932,1,54.6329,0.315068,4.70776e-09,Weisskopf E2,3,0.00361027,0.190186,0.0178325,5.60774e+25,1121.55,0,0
127ce,58,127,7.3,1.1,28.6,(5/2+),29.2,0.3,21.9,(3/2+),,,0,M1,1,0,0,0.12987,29.2,1.33333,3.87156e-07,Weisskopf M1,0.666667,4.13628,0.0238301,163.055,4.72234e+22,0.944468,1,1
127ce,58,127,7.3,1.1,28.6,(5/2+),36.8,1.2,29.5,(7/2-),1e-05,GT,1,E1,0,1,0,0.463392,29.5,1,4.26941e-05,Weisskopf E1,1.33333,502.765,0.0321,14713.3,1.4667e+20,0.00293339,1,1
127ce,58,127,7.3,1.1,28.6,(5/2+),162.7,1.2,155.4,(9/2-),,,0,M2,0,1,0,1.08182,155.4,1,5.27503e-11,Weisskopf M2,1.66667,2.79817e-05,0.169096,0.00015545,5.94639e+27,118928,0,0
127ce,58,127,7.3,1.1,28.6,(5/2+),167.1,1.1,159.8,(7/2+),,,1,M1,0,1,0,0.759878,159.8,1,0.000150413,Weisskopf M1,1.33333,60.3632,0.173884,326.11,4.03545e+21,0.0807091,0,0
127ce,58,127,7.3,1.1,28.6,(5/2+),205.67,0.09,198.37,(5/2+),,,0,M1,1,0,0,0.904751,205.67,1.0368,0.000287728,Weisskopf M1,1,56.1995,0.215853,244.582,4.51904e+21,0.0903808,0,0
127ce,58,127,7.3,1.1,28.6,(5/2+),272.3,0.3,265,(7/2+),,,0,M1,1,0,0,1.04236,272.3,1.02755,0.000685948,Weisskopf M1,1.33333,100.102,0.288356,326.11,2.94183e+21,0.0588366,0,0
127ce,58,127,7.3,1.1,28.6,(5/2+),365.9,1.1,358.6,(9/2+),,,1,E2,0,1,0,1.35461,358.6,1,1.81891e-07,Weisskopf E2,1.66667,0.0181194,0.390205,0.0436215,1.69234e+25,338.467,0,0
127ce,58,127,7.3,1.1,28.6,(5/2+),571.3,0.4,564,(9/2+),,,0,E2,1,0,0,1.92957,571.3,1.01294,1.75047e-06,Weisskopf E2,1.66667,0.0704935,0.613708,0.107904,4.80288e+24,96.0577,0,0
127ce,58,127,7.3,1.1,28.6,(5/2+),703.7,0.3,696.4,(5/2+),,,0,M1,1,0,0,2.04236,703.7,1.01048,0.0124489,Weisskopf M1,1,197.295,0.757777,244.582,2.0019e+21,0.040038,0,0
131ce,58,131,63.09,0.09,324,(1/2+),135.91,0.1,72.82,(3/2+),,,1,M1,0,1,0,1,72.82,1,1.42333e-05,Weisskopf M1,2,41.2608,0.0780188,496.808,2.01285e+21,0.040257,0,1
131ce,58,131,63.09,0.09,324,(1/2+),329.24,0.11,266.15,(5/2+ 3/2+),,,1,,0,1,0,1.1119,266.15,1,,unknown,1,,0.285151,,,,0,0
131ce,58,131,63.09,0.09,324,(1/2+),342.65,0.11,279.56,(3/2+ 5/2+),,,1,,0,1,0,1.41176,279.56,1,,unknown,1,,0.299519,,,,0,0
131ce,58,131,63.09,0.09,324,(1/2+),348.49,0.11,285.4,(5/2+),,,1,E2,0,1,0,1.52632,285.4,1,6.05323e-08,Weisskopf E2,3,0.0171358,0.305775,0.0526443,1.24453e+25,248.906,0,0
131ce,58,131,63.09,0.09,324,(1/2+),387.5,0.1,324.41,(5/2+ 3/2+),,,1,,0.306122,0.693878,0,1.35907,343.723,1.05953,,unknown,1,,0.347571,,,,0,0
131ce,58,131,63.09,0.09,324,(1/2+),427.9,0.11,364.81,(3/2+ 5/2+ 7/2+),,,1,,0,1,0,1.77129,364.81,1,,unknown,1,,0.390855,,,,0,0
131ce,58,131,63.09,0.09,324,(1/2+),588.6,0.4,525.51,(5/2-:13/2-),,,0,M2,0.919963,0,0.0800368,1.91996,541.49,1.03041,2.38151e-08,Weisskopf M2,3,0.00198845,0.563028,0.00331769,1.5699e+26,3139.79,0,0
131ce,58,131,63.09,0.09,324,(1/2+),791.68,0.15,728.59,(5/2+),,,1,E2,0,1,0,2.16751,728.59,1,6.56346e-06,Weisskopf E2,3,0.285096,0.780606,0.343091,1.34471e+24,26.8943,0,0
131ce,58,131,63.09,0.09,324,(1/2+),848.29,0.13,785.2,(3/2+ 5/2+),,,1,,0,1,0,2.38858,785.2,1,,unknown,1,,0.841258,,,,0,0
131ce,58,131,63.09,0.09,324,(1/2+),2057.35,0.17,1994.26,(1/2+ 3/2+ 5/2+),,,1,,0.0906489,0.909351,0,1.92024,1999.98,1.00287,,unknown,1,,2.13664,,,,0,0
133ce,58,133,37.2,0.7,18360,9/2-,207.4,0.7,170.2,11/2-,5.27e-11,,1,M1,0,1,0,0.789266,170.2,1,8.65726e-06,measured,1.2,2.75642,0.180975,14.308,8.8552e+22,1.77104,0,0
133ce,58,133,37.2,0.7,18360,9/2-,241.99,0.09,204.79,5/2+,,,0,M2,1,0,0,0.917596,241.99,1.18165,2.16211e-10,Weisskopf M2,0.6,2.37747e-05,0.217755,0.000102565,1.06255e+28,212510,0,0
133ce,58,133,37.2,0.7,18360,9/2-,318,0.09,280.8,5/2+,,,0,M2,1,0,0,1.33055,318,1.13248,1.0479e-09,Weisskopf M2,0.6,6.12887e-05,0.298577,0.00019283,3.89757e+27,77951.4,0,0
133ce,58,133,37.2,0.7,18360,9/2-,570.4,0.4,533.2,7/2+,,,0,E1,1,0,0,1.93093,570.4,1.06977,0.259978,Weisskopf E1,0.8,5622.77,0.566955,9316.48,5.55882e+19,0.00111176,0,0
133ce,58,133,37.2,0.7,18360,9/2-,592.1,0.6,554.9,13/2-,5.5e-12,,1,E2,0,1,0,1.55605,554.9,1,2.20592e-05,measured,1.4,0.770887,0.590029,1.22735,5.23609e+23,10.4722,0,0
133ce,58,133,37.2,0.7,18360,9/2-,815.6,0.4,778.4,9/2+,,,0,E1,1,0,0,2.33649,815.6,1.04779,0.808864,Weisskopf E1,1,10260.6,0.827678,11645.6,3.67514e+19,0.000735028,0,0
133ce,58,133,37.2,0.7,18360,9/2-,1200.7,0.5,1163.5,11/2+,,,0,E1,1,0,0,3.13371,1200.7,1.03197,2.70126,Weisskopf E1,1.2,18404.2,1.23716,13974.7,2.28348e+19,0.000456697,0,0
133ce,58,133,37.2,0.7,18360,9/2-,1445.1,0.5,1407.9,13/2+,,,0,M2,1,0,0,3.33853,1445.1,1.02642,3.32043e-06,Weisskopf M2,1.4,0.0180253,1.49703,0.011311,2.64815e+25,529.63,0,0
135ce,58,135,445.81,0.21,20,(11/2-),1035.7,0.4,589.89,(13/2-),,,1,M1,0,1,0,1,589.89,1,0.00756601,Weisskopf M1,1.16667,194.973,0.62257,294.196,3.3991e+21,0.0679819,0,0
135ce,58,135,445.81,0.21,20,(11/2-),1145.2,0.4,699.39,(15/2-),,,1,E2,0,1,0,1.01575,699.39,1,5.5684e-06,Weisskopf E2,1.33333,0.116663,0.738137,0.148473,6.63081e+24,132.616,0,0
135ce,58,135,445.81,0.21,20,(11/2-),1670,0.5,1224.19,(15/2-),,,0,E2,0,1,0,2.00117,1224.19,1,9.14909e-05,Weisskopf E2,1.33333,0.625636,1.29201,0.45489,1.09853e+24,21.9705,0,0
137ce,58,137,254.29,0.05,123840,11/2-,927.7,0.3,673.41,15/2-,,,1,E2,0,1,0,0.995035,673.41,1,4.69945e-06,Weisskopf E2,1.33333,0.106201,0.705511,0.141409,7.10698e+24,142.14,0,0
137ce,58,137,254.29,0.05,123840,11/2-,1144.34,0.21,890.05,13/2-,,,1,M1,0,1,0,0.99681,890.05,1,0.0259894,Weisskopf M1,1.16667,294.183,0.932478,296.367,3.38499e+21,0.0676998,0,0
137ce,58,137,254.29,0.05,123840,11/2-,1980.4,0.6,1726.11,15/2-,,,1,E2,0,1,0,1.71559,1726.11,1,0.000519986,Weisskopf E2,1.33333,1.78853,1.80839,0.929083,6.27383e+23,12.5477,0,0
139ce,58,139,754.24,0.08,57.58,11/2-,1347.34,0.01,593.098,7/2+,,,0,M2,1,0,0,1,1347.34,2.2717,4.53673e-08,Weisskopf M2,0.666667,0.000660848,0.616884,0.00100635,9.93691e+26,19873.8,0,0
139ce,58,139,754.24,0.08,57.58,11/2-,1578.24,0.22,824,7/2-,,,1,E2,0,1,0,1,824,1,1.31425e-05,Weisskopf E2,0.666667,0.0991825,0.857046,0.108713,9.19853e+24,183.971,0,0
139ce,58,139,754.24,0.08,57.58,11/2-,1579.11,0.19,824.87,(7/2-),,,1,E2,0.173554,0.826446,0,1.18083,955.771,1.15869,1.3212e-05,Weisskopf E2,0.666667,0.099497,0.857951,0.108943,7.77346e+24,155.469,0,0
139ce,58,139,754.24,0.08,57.58,11/2-,1842.94,0.13,1088.7,(7/2-),,,1,E2,0,1,0,1,1088.7,1,5.29155e-05,Weisskopf E2,0.666667,0.228759,1.13236,0.189777,5.26934e+24,105.387,0,0
139ce,58,139,754.24,0.08,57.58,11/2-,2028.6,0.5,1274.36,(11/2- 13/2),,,1,,0,1,0,1,1274.36,1,,unknown,1,,1.32547,,,,0,0
139ce,58,139,754.24,0.08,57.58,11/2-,2063.84,0.2,1309.6,11/2(-),,,1,M1,0,1,0,1,1309.6,1,0.0827885,Weisskopf M1,1,371.018,1.36212,255.877,3.90814e+21,0.0781627,0,0
139ce,58,139,754.24,0.08,57.58,11/2-,2164.1,0.5,1409.86,(13/2-),,,1,M1,0,1,0,1,1409.86,1,0.103296,Weisskopf M1,1.16667,465.993,1.4664,298.523,3.34983e+21,0.0669966,0,0
139ce,58,139,754.24,0.08,57.58,11/2-,2245.9,0.3,1491.66,(7/2)+,,,0,M2,1,0,0,2.09012,2245.9,1.50564,4.5652e-06,Weisskopf M2,0.666667,0.0105131,1.55148,0.00636554,7.51612e+25,1503.22,0,0
139ce,58,139,754.24,0.08,57.58,11/2-,2286,0.5,1531.76,11/2-,,,0,M1,0,0,1,0,0,0,0.132473,Weisskopf M1,1,433.958,1.59319,255.877,,,0,0
139ce,58,139,754.24,0.08,57.58,11/2-,2361.23,0.2,1606.99,(15/2-),,,1,E2,0,1,0,1.09991,1606.99,1,0.000370773,Weisskopf E2,1.33333,1.47137,1.67144,0.826958,1.09941e+24,21.9882,0,0
139ce,58,139,754.24,0.08,57.58,11/2-,2556,0.5,1801.76,(9/2)+,,,0,E1,0,0,1,0,0,0,10.3308,Weisskopf E1,0.833333,20382.7,1.87402,10217.3,,,0,0
139ce,58,139,754.24,0.08,57.58,11/2-,2797.4,0.4,2043.16,7/2+,,,0,M2,1,0,0,2.01683,2797.4,1.36915,2.20101e-05,Weisskopf M2,0.666667,0.0270165,2.1251,0.0119426,4.15174e+25,830.349,0,0
139ce,58,139,754.24,0.08,57.58,11/2-,2819.3,0.4,2065.06,11/2-,,,1,M1,0.159612,0.840388,0,2.0355,2185.45,1.0583,0.324602,Weisskopf M1,1,585.045,2.14788,255.877,1.91998e+21,0.0383997,0,0
131pr,59,131,152.4,0.3,5.73,(11/2-),251.69,0.15,99.29,(7/2+),,,0,M2,1,0,0,1.87719,251.69,2.5349,5.73424e-12,Weisskopf M2,0.666667,2.98041e-06,0.106379,2.63192e-05,2.02404e+28,404807,0,1
131pr,59,131,152.4,0.3,5.73,(11/2-),408.8,0.3,256.4,(15/2-),,,1,E2,0,1,0,1,256.4,1,3.54248e-08,Weisskopf E2,1.33333,0.00552221,0.274705,0.0188841,5.29546e+25,1059.09,0,0
131pr,59,131,152.4,0.3,5.73,(11/2-),448.43,0.17,296.03,(9/2+),,,0,E1,1,0,0,2.47416,448.43,1.51481,0.044044,Weisskopf E1,0.833333,3219.12,0.317164,9534.62,4.23905e+19,0.000847811,0,0
131pr,59,131,152.4,0.3,5.73,(11/2-),450.07,0.16,297.67,(7/2+),,,0,M2,1,0,0,1.99539,450.07,1.51198,1.38875e-09,Weisskopf M2,0.666667,8.03091e-05,0.318921,0.000236555,2.11856e+27,42371.1,0,0
131pr,59,131,152.4,0.3,5.73,(11/2-),679.65,0.21,527.25,(11/2+),,,0,E1,1,0,0,3.17568,679.65,1.28905,0.248845,Weisskopf E1,1,6880.18,0.564892,11441.5,2.75219e+19,0.000550439,0,0
131pr,59,131,152.4,0.3,5.73,(11/2-),975.6,0.3,823.2,(9/2+),,,0,E1,1,0,0,3.15548,975.6,1.18513,0.9471,Weisskopf E1,0.833333,8951.73,0.88197,9534.62,3.32377e+19,0.000664754,0,0
131pr,59,131,152.4,0.3,5.73,(11/2-),980,0.3,827.6,(13/2+),,,0,E1,1,0,0,3.82492,980,1.18415,0.962369,Weisskopf E1,1.16667,12599.4,0.886685,13348.5,1.9586e+19,0.000391721,0,0
131pr,59,131,152.4,0.3,5.73,(11/2-),1156.5,0.5,1004.1,(11/2+),,,0,E1,1,0,0,4.15548,1156.5,1.15178,1.71874,Weisskopf E1,1,13102.7,1.07579,11441.5,2.10327e+19,0.000420653,0,0
131pr,59,131,152.4,0.3,5.73,(11/2-),1240.7,0.3,1088.3,(15/2+),,,0,M2,0.666667,0.333333,0,3.66686,1189.9,1.09336,9.07175e-07,Weisskopf M2,1.33333,0.00784939,1.166,0.00632396,4.31237e+25,862.475,0,0
131pr,59,131,152.4,0.3,5.73,(11/2-),1353.7,0.5,1201.3,(13/2+),,,0,E1,1,0,0,4.65548,1353.7,1.12686,2.9433,Weisskopf E1,1.16667,18288.6,1.28706,13348.5,1.60918e+19,0.000321836,0,0
131pr,59,131,152.4,0.3,5.73,(11/2-),1567.3,0.5,1414.9,(15/2+),,,0,M2,1,0,0,5.40548,1567.3,1.10771,3.36959e-06,Weisskopf M2,1.33333,0.0172491,1.51591,0.0106891,1.7307e+25,346.141,0,0
133pr,59,133,192.12,0.14,1.1,(11/2-),225.86,0.08,33.74,(7/2+),,,0,M2,1,0,0,0.935344,225.86,6.69413,2.62458e-14,Weisskopf M2,0.666667,1.18136e-07,0.035876,3.09335e-06,3.45621e+29,6.91241e+06,0,1
133pr,59,133,192.12,0.14,1.1,(11/2-),295.63,0.1,103.51,(7/2-),,,1,E2,0.259241,0.740759,0,0.552725,153.315,1.48116,3.87617e-10,Weisskopf E2,0.666667,0.000185374,0.110063,0.00158219,1.14349e+27,22869.8,0,0
133pr,59,133,192.12,0.14,1.1,(11/2-),475.84,0.09,283.72,(9/2+),,,0,E1,1,0,0,1.38768,475.84,1.67715,0.0391685,Weisskopf E1,0.833333,3116.58,0.301681,9704.67,7.42557e+19,0.00148511,0,0
133pr,59,133,192.12,0.14,1.1,(11/2-),502.29,0.16,310.17,(15/2-),4.45e-11,,1,E2,0,1,0,0.95648,310.17,1,1.02525e-05,measured,1.33333,1.09213,0.329806,3.11075,3.36092e+23,6.72184,0,0
133pr,59,133,192.12,0.14,1.1,(11/2-),551.36,0.13,359.24,(11/2-),,,1,M1,0.0582789,0.941721,0,1.12426,370.437,1.03117,0.00170887,Weisskopf M1,1,101.775,0.381982,250.293,3.55374e+21,0.0710748,0,0
133pr,59,133,192.12,0.14,1.1,(11/2-),702.43,0.1,510.31,(11/2+),,,0,E1,1,0,0,1.92719,702.43,1.37648,0.227913,Weisskopf E1,1,6726.73,0.542616,11645.6,4.45567e+19,0.000891133,0,0
133pr,59,133,192.12,0.14,1.1,(11/2-),790.52,0.22,598.4,(13/2-),,,1,M1,0,1,0,1.49559,598.4,1,0.00789821,Weisskopf M1,1.16667,197.786,0.636283,292.009,2.28978e+21,0.0457955,0,0
133pr,59,133,192.12,0.14,1.1,(11/2-),916.46,0.24,724.34,(7/2- 9/2),,,1,,0.0342817,0.965718,0,1.66133,730.926,1.00909,,unknown,1,,0.770196,,,,0,0
133pr,59,133,192.12,0.14,1.1,(11/2-),938.46,0.23,746.34,(15/2-),,,1,E2,1.11022e-16,1,0,1.71754,746.34,1,7.55396e-06,Weisskopf E2,1.33333,0.138977,0.793588,0.164512,3.53912e+24,70.7824,0,0
133pr,59,133,192.12,0.14,1.1,(11/2-),1081.45,0.2,889.33,(13/2+),,,0,E1,1,0,0,2.39302,1081.45,1.21603,1.2063,Weisskopf E1,1.16667,13676.6,0.94563,13586.5,3.07571e+19,0.000615141,0,0
133pr,59,133,192.12,0.14,1.1,(11/2-),1171.74,0.21,979.62,(15/2-),,,0,E2,0,1,0,2.33348,979.62,1,2.94292e-05,Weisskopf E2,1.33333,0.314272,1.04164,0.283426,1.51202e+24,30.2403,0,0
133pr,59,133,192.12,0.14,1.1,(11/2-),1325.39,0.19,1133.27,(15/2+),,,0,M2,1,0,0,2.92553,1325.39,1.16953,1.12202e-06,Weisskopf M2,1.33333,0.00895317,1.20501,0.00697968,4.89734e+25,979.468,0,0
133pr,59,133,192.12,0.14,1.1,(11/2-),1706.03,0.16,1513.91,(9/2+),,,1,E1,0.743392,0.256608,0,2.32362,1656.73,1.09434,5.95069,Weisskopf E1,0.833333,16629.9,1.60975,9704.67,4.43459e+19,0.000886918,0,0
133pr,59,133,192.12,0.14,1.1,(11/2-),1785.28,0.12,1593.16,(9/2+),,,0,E1,0.919053,0.0809472,0,2.42414,1769.73,1.11083,6.93498,Weisskopf E1,0.833333,17500.4,1.69402,9704.67,4.25071e+19,0.000850143,0,0
142pr,59,142,3.694,0.003,876,5-,17.75,0.004,14.056,3-,,,0,E2,0,0,1,0,0,0,1.95306e-14,Weisskopf E2,0.636364,4.83504e-07,0.0144644,3.14014e-05,,,1,1
142pr,59,142,3.694,0.003,876,5-,63.757,0.004,60.063,6-,,,1,M1,0,1,0,1,60.063,1,7.98684e-06,Weisskopf M1,1.18182,20.1101,0.0618084,305.645,3.27177e+21,0.0654353,0,1
142pr,59,142,3.694,0.003,876,5-,72.307,0.003,68.613,4-,,,1,M1,-5.55112e-17,0.561798,0.438202,1,38.5466,0.561798,1.19062e-05,Weisskopf M1,0.818182,15.9042,0.0706068,211.601,4.72588e+21,0.0945177,0,1
142pr,59,142,3.694,0.003,876,5-,90.3,0.9,86.606,(6-),,,1,M1,0,1,0,1,86.606,1,2.39441e-05,Weisskopf M1,1.18182,28.9972,0.0891227,305.645,3.27177e+21,0.0654353,0,1
142pr,59,142,3.694,0.003,876,5-,128.262,0.004,124.568,5-,,,1,M1,-9.02056e-17,0.950666,0.049334,1.77483,118.423,0.950666,7.12481e-05,Weisskopf M1,1,35.2909,0.128188,258.623,2.17859e+21,0.0435717,0,0
142pr,59,142,3.694,0.003,876,5-,144.599,0.004,140.905,4-,,,1,M1,0,0.595238,0.404762,1,83.872,0.595238,0.000103118,Weisskopf M1,0.818182,32.6613,0.145,211.601,4.72588e+21,0.0945177,0,0
142pr,59,142,3.694,0.003,876,5-,176.886,0.0019,173.192,(3)-,,,0,E2,0.914913,0.046278,0.0388089,1.0796,169.85,0.980705,5.54677e-09,Weisskopf E2,0.636364,0.000904472,0.178224,0.00476737,1.94294e+26,3885.88,0,0
142pr,59,142,3.694,0.003,876,5-,358.4,0.9,354.706,(7-),,,0,E2,0,1,0,2,354.706,1,1.99871e-07,Weisskopf E2,1.36364,0.01665,0.365013,0.0428505,1.16685e+25,233.37,0,0
142pr,59,142,3.694,0.003,876,5-,637.24,0.1,633.546,4-,,,1,M1,0.128034,0.564202,0.307763,1.69951,439.037,0.692983,0.00937321,Weisskopf M1,0.818182,146.854,0.651956,211.601,2.78073e+21,0.0556145,0,0
142pr,59,142,3.694,0.003,876,5-,702.5,0.3,698.806,,,,1,,0,0.75021,0.24979,1.59184,524.251,0.75021,,unknown,1,,0.719112,,,,0,0
142pr,59,142,3.694,0.003,876,5-,704.75,0.16,701.056,3- 4-,,,1,,0.249522,0.446441,0.304037,2.01314,488.831,0.697278,,unknown,1,,0.721428,,,,0,0
142pr,59,142,3.694,0.003,876,5-,978.19,0.09,974.496,2- 3-,,,1,,0.630567,0.29162,0.077813,1.93988,900.997,0.924577,,unknown,1,,1.00281,,,,0,0
144pr,59,144,59.03,0.03,432,3-,80.12,0.004,21.09,1-,1.36e-10,,0,E2,1,0,0,0.286697,80.12,3.79896,1.51317e-13,Weisskopf E2,0.428571,1.12063e-06,0.0215516,4.88464e-05,7.14076e+28,1.42815e+06,1,1
144pr,59,144,59.03,0.03,432,3-,99.952,0.009,40.922,2-,6.6e-10,,1,M1,0.0925877,0.907412,0,0.268872,46.3874,1.13356,6.27266e-07,measured,0.714286,2.05643,0.0418177,46.1959,8.05102e+22,1.6102,0,1
144pr,59,144,59.03,0.03,432,3-,133.515,0.002,74.4852,1-,7e-12,,0,E2,0.924434,0.0755661,0,0.607114,129.055,1.73262,8.31487e-11,Weisskopf E2,0.428571,4.93675e-05,0.0761155,0.000609283,2.7034e+27,54068.1,0,1
135nd,60,135,64.95,0.24,330,(1/2+),193.7,0.3,128.75,(3/2+),,,1,M1,0,1,0,1,128.75,1,7.86675e-05,Weisskopf M1,2,72.9515,0.135883,504.336,1.98281e+21,0.0396561,0,0
135nd,60,135,64.95,0.24,330,(1/2+),273.03,0.24,208.08,(3/2 5/2),,,1,,0,1,0,1,208.08,1,,unknown,1,,0.219608,,,,0,0
135nd,60,135,64.95,0.24,330,(1/2+),328.1,0.3,263.15,(1/2+),,,1,M1,0,1,0,1.03846,263.15,1,0.000671682,Weisskopf M1,1,74.5521,0.277729,252.168,3.81874e+21,0.0763747,0,0
135nd,60,135,64.95,0.24,330,(1/2+),347.1,0.3,282.15,(1/2 3/2 5/2),,,1,,0,1,0,1,282.15,1,,unknown,1,,0.297781,,,,0,0
135nd,60,135,64.95,0.24,330,(1/2+),371.12,0.22,306.17,(5/2+),,,1,E2,0,1,0,1.28571,306.17,1,8.95255e-08,Weisskopf E2,3,0.0220214,0.323132,0.0640201,1.2149e+25,242.979,0,0
135nd,60,135,64.95,0.24,330,(1/2+),463.66,0.25,398.71,(5/2+),,,1,E2,0,1,0,1.55408,398.71,1,3.35289e-07,Weisskopf E2,3,0.0486328,0.420799,0.108569,5.92681e+24,118.536,0,0
135nd,60,135,64.95,0.24,330,(1/2+),588.1,0.4,523.15,(3/2+ 5/2+),,,1,,0,1,0,1.52632,523.15,1,,unknown,1,,0.552133,,,,0,0
137nd,60,137,519.43,0.2,1.6,11/2-,615.22,0.16,95.79,7/2+,,,0,M2,1,0,0,1.60882,615.22,6.42259,4.93759e-12,Weisskopf M2,0.666667,2.75732e-06,0.100356,2.58103e-05,2.40824e+28,481648,0,1
137nd,60,137,519.43,0.2,1.6,11/2-,834.73,0.24,315.3,(7/2+),,,0,M2,1,0,0,2.0964,834.73,2.64742,1.90781e-09,Weisskopf M2,0.666667,9.83327e-05,0.33033,0.000279641,1.70579e+27,34115.8,0,0
137nd,60,137,519.43,0.2,1.6,11/2-,851.93,0.22,332.5,(7/2+),,,0,M2,1,0,0,2.03167,851.93,2.5622,2.48813e-09,Weisskopf M2,0.666667,0.000115319,0.34835,0.000310982,1.58275e+27,31655,0,0
137nd,60,137,519.43,0.2,1.6,11/2-,976.88,0.23,457.45,,,,1,,0.413813,0.586187,0,1.47708,672.397,1.46988,,unknown,1,,0.479256,,,,0,0
137nd,60,137,519.43,0.2,1.6,11/2-,1101.25,0.22,581.82,13/2-,,,1,M1,0,1,0,0.989903,581.82,1,0.00725972,Weisskopf M1,1.16667,192.306,0.609555,296.367,3.40861e+21,0.0681722,0,0
137nd,60,137,519.43,0.2,1.6,11/2-,1188.83,0.24,669.4,15/2-,,,1,E2,0,1,0,0.994451,669.4,1,4.56119e-06,Weisskopf E2,1.33333,0.104315,0.70131,0.13973,7.1966e+24,143.932,0,0
137nd,60,137,519.43,0.2,1.6,11/2-,1376.33,0.23,856.9,(11/2+),,,0,E1,1,0,0,2.60473,1376.33,1.60617,1.10062,Weisskopf E1,1,11520.7,0.897747,12055.2,3.18465e+19,0.000636931,0,0
137nd,60,137,519.43,0.2,1.6,11/2-,1510.76,0.24,991.33,(11/2)-,,,0,M1,0.208302,0.791698,0,2.21613,1099.53,1.10914,0.0359094,Weisskopf M1,1,280.85,1.03859,254.029,1.77632e+21,0.0355265,0,0
137nd,60,137,519.43,0.2,1.6,11/2-,1683.72,0.25,1164.29,(15/2-),,,0,E2,0,1,0,1.98113,1164.29,1,7.26031e-05,Weisskopf E2,1.33333,0.548876,1.21979,0.422707,1.19412e+24,23.8824,0,0
137nd,60,137,519.43,0.2,1.6,11/2-,2065.95,0.25,1546.52,(13/2-),,,0,M1,1,0,0,3.60278,2065.95,1.33587,0.136339,Weisskopf M1,1.16667,511.163,1.62024,296.367,9.36552e+20,0.018731,0,0
139nd,60,139,231.16,0.05,19800,11/2-,896.54,0.1,665.38,15/2-,,,1,E2,0,1,0,1,665.38,1,4.51222e-06,Weisskopf E2,1.33333,0.104446,0.692065,0.141774,7.05348e+24,141.07,0,0
139nd,60,139,231.16,0.05,19800,11/2-,932.67,0.16,701.51,(7/2-),,,0,E2,1,0,0,1.98229,932.67,1.32952,5.87775e-06,Weisskopf E2,0.666667,0.0612005,0.729644,0.0787943,6.40232e+24,128.046,0,0
139nd,60,139,231.16,0.05,19800,11/2-,1098.34,0.1,867.18,(13/2)-,,,1,M1,0,1,0,1,867.18,1,0.0240371,Weisskopf M1,1.16667,286.624,0.901958,298.523,3.34983e+21,0.0669966,0,0
139nd,60,139,231.16,0.05,19800,11/2-,1343.89,0.23,1112.73,(13/2-),,,1,M1,0,1,0,1,1112.73,1,0.0507836,Weisskopf M1,1.16667,367.784,1.15736,298.523,3.34983e+21,0.0669966,0,0
139nd,60,139,231.16,0.05,19800,11/2-,1464.47,0.19,1233.31,(11/2-),,,0,M1,1,0,0,2.98229,1464.47,1.18743,0.0691466,Weisskopf M1,1,349.405,1.28277,255.877,1.31045e+21,0.0262089,0,0
139nd,60,139,231.16,0.05,19800,11/2-,1944.24,0.12,1713.08,(15/2+),,,1,M2,1.11022e-16,1,0,1.71341,1713.08,1,9.12008e-06,Weisskopf M2,1.33333,0.0318482,1.78178,0.0167912,3.47581e+25,695.163,0,0
139nd,60,139,231.16,0.05,19800,11/2-,1990.74,0.11,1759.58,(15/2+),,,0,M2,0,1,0,2,1759.58,1,1.04269e-05,Weisskopf M2,1.33333,0.0345127,1.83015,0.0177151,2.82245e+25,564.49,0,0
139nd,60,139,231.16,0.05,19800,11/2-,2023.28,0.15,1792.12,(15/2-),,,1,E2,0.990099,0.00990099,0,3.95276,2020.99,1.12771,0.000639554,Weisskopf E2,1.33333,2.04073,1.86399,1.02847,2.45985e+23,4.91969,0,0
141nd,60,141,756.51,0.05,62,11/2-,1345.48,0.04,588.97,7/2+,,,0,M2,1,0,0,1,1345.48,2.28446,4.42295e-08,Weisskopf M2,0.666667,0.000653338,0.60823,0.00100907,9.91014e+26,19820.3,0,0
141nd,60,141,756.51,0.05,62,11/2-,1403.41,0.11,646.9,(7/2-),,,1,E2,0,1,0,1,646.9,1,3.99484e-06,Weisskopf E2,0.666667,0.0489145,0.668055,0.0687822,1.45386e+25,290.773,0,0
141nd,60,141,756.51,0.05,62,11/2-,1416.1,1,659.59,7/2-,,,1,E2,0,1,0,1,659.59,1,4.40235e-06,Weisskopf E2,0.666667,0.0518499,0.68116,0.0715072,1.39846e+25,279.692,0,0
141nd,60,141,756.51,0.05,62,11/2-,1808.31,0.08,1051.8,,,,1,,0.0138067,0.986193,0,1,1062.24,1.00993,,unknown,1,,1.0862,,,,0,0
141nd,60,141,756.51,0.05,62,11/2-,1967.56,0.05,1211.05,7/2+,,,0,M2,0.985317,0.0146832,0,1.84924,1956.45,1.6155,1.62576e-06,Weisskopf M2,0.666667,0.00567995,1.25065,0.00426637,1.2675e+26,2535.01,0,0
141nd,60,141,756.51,0.05,62,11/2-,2018.8,0.9,1262.29,,,,1,,0,1,0,1,1262.29,1,,unknown,1,,1.30357,,,,0,0
141nd,60,141,756.51,0.05,62,11/2-,2049.57,0.17,1293.06,13/2(-),1e-09,LT,1,M1,0,1,0,0.998403,1293.06,1,0.0796911,Weisskopf M1,1.16667,427.388,1.33534,300.663,3.33131e+21,0.0666262,0,0
141nd,60,141,756.51,0.05,62,11/2-,2202.9,0.9,1446.39,,,,1,,0,1,0,1.43182,1446.39,1,,unknown,1,,1.49369,,,,0,0
141nd,60,141,756.51,0.05,62,11/2-,2211.2,0.5,1454.69,15/2-,,,1,E2,0.247913,0.752087,0,1.49499,1642.24,1.12893,0.000229703,Weisskopf E2,1.33333,1.11242,1.50226,0.695621,9.61586e+23,19.2317,0,0
141nd,60,141,756.51,0.05,62,11/2-,2303.63,0.05,1547.12,7/2+,,,0,M2,1,0,0,1.65225,2303.63,1.48898,5.5318e-06,Weisskopf M2,0.666667,0.0118421,1.59771,0.00696277,8.69244e+25,1738.49,0,0
141nd,60,141,756.51,0.05,62,11/2-,2311.69,0.11,1555.18,7/2+,,,0,M2,1,0,0,1.7716,2311.69,1.48645,5.6774e-06,Weisskopf M2,0.666667,0.0120282,1.60604,0.00703551,8.02302e+25,1604.6,0,0
141nd,60,141,756.51,0.05,62,11/2-,2336.02,0.2,1579.51,7/2+,,,0,M2,1,0,0,1,2336.02,1.47895,6.13562e-06,Weisskopf M2,0.666667,0.0126016,1.63116,0.00725736,1.37791e+26,2755.82,0,0
141nd,60,141,756.51,0.05,62,11/2-,2348.5,0.8,1591.99,13/2,,,1,,0,1,0,1,1591.99,1,,unknown,1.16667,,1.64405,,,,0,0
141nd,60,141,756.51,0.05,62,11/2-,2366,0.4,1609.49,13/2-,,,0,M1,0,0,1,0,0,0,0.15368,Weisskopf M1,1.16667,531.976,1.66212,300.663,,,0,0
141nd,60,141,756.51,0.05,62,11/2-,2388.53,0.1,1632.02,7/2+,,,0,M2,1,0,0,1.4012,2388.53,1.46354,7.2256e-06,Weisskopf M2,0.666667,0.0139006,1.68539,0.00774792,9.21119e+25,1842.24,0,0
141nd,60,141,756.51,0.05,62,11/2-,2514.82,0.2,1758.31,(7/2)+,,,0,M2,1,0,0,1,2514.82,1.43025,1.04888e-05,Weisskopf M2,0.666667,0.0173838,1.81581,0.00899342,1.11192e+26,2223.85,0,0
141nd,60,141,756.51,0.05,62,11/2-,2537.44,0.22,1780.93,15/2-,,,1,E2,0,1,0,1.18934,1780.93,1,0.000631755,Weisskopf E2,1.33333,2.04125,1.83917,1.04262,8.06434e+23,16.1287,0,0
141nd,60,141,756.51,0.05,62,11/2-,2805.7,0.3,2049.19,13/2(-),,,0,M1,0.247913,0.752087,0,2.48539,2236.74,1.09152,0.317176,Weisskopf M1,1.16667,677.307,2.1162,300.663,1.33822e+21,0.0267644,0,0
141nd,60,141,756.51,0.05,62,11/2-,2829.56,0.17,2073.05,15/2(-),,,1,E2,0,1,0,1.42697,2073.05,1,0.00135009,Weisskopf E2,1.33333,3.21948,2.14084,1.4127,4.9606e+23,9.92121,0,0
141nd,60,141,756.51,0.05,62,11/2-,3056.08,0.07,2299.57,7/2+,,,0,M2,0.992802,0.00719762,0,2.49919,3050.63,1.32661,4.0131e-05,Weisskopf M2,0.666667,0.0388864,2.37477,0.0153825,2.60119e+25,520.239,0,0
133pm,61,133,129.7,0.7,8,(11/2-),147.9,0.8,18.2,(9/2-),,,0,M1,0,0,1,0,0,0,2.22212e-07,Weisskopf M1,0.833333,4.29682,0.0193522,208.578,,,1,1
133pm,61,133,129.7,0.7,8,(11/2-),214.2,0.3,84.5,(7/2+),,,0,M2,1,0,0,1.4662,214.2,2.53491,2.58594e-12,Weisskopf M2,0.666667,1.85574e-06,0.0898494,1.94023e-05,3.51524e+28,703047,0,1
133pm,61,133,129.7,0.7,8,(11/2-),371.9,0.3,242.2,(7/2+),,,0,M2,1,0,0,1.63694,371.9,1.53551,5.00271e-10,Weisskopf M2,0.666667,4.36988e-05,0.257533,0.0001594,3.83248e+27,76649.5,0,0
133pm,61,133,129.7,0.7,8,(11/2-),381.9,0.3,252.2,(9/2+),,,0,E1,1,0,0,2.07302,381.9,1.51427,0.0275107,Weisskopf E1,0.833333,2770.34,0.268166,9704.67,4.97069e+19,0.000994138,0,0
133pm,61,133,129.7,0.7,8,(11/2-),382.1,0.7,252.4,(15/2-),5e-11,,1,E2,0,1,0,0.91416,252.4,1,9.12476e-06,measured,1.33333,1.46786,0.268379,5.13792,2.12907e+23,4.25815,0,0
133pm,61,133,129.7,0.7,8,(11/2-),410.4,0.7,280.7,(13/2-),,,1,M1,-1.11022e-16,0.45938,0.54062,0.958706,128.948,0.45938,0.000815232,Weisskopf M1,1.16667,92.7782,0.29847,292.009,3.57206e+21,0.0714413,0,0
133pm,61,133,129.7,0.7,8,(11/2-),571.6,0.3,441.9,(11/2+),,,0,E1,1,0,0,2.60534,571.6,1.29351,0.147992,Weisskopf E1,1,5824.97,0.469875,11645.6,3.2959e+19,0.00065918,0,0
133pm,61,133,129.7,0.7,8,(11/2-),653.4,0.3,523.7,(9/2+),,,0,E1,1,0,0,2.60592,653.4,1.24766,0.246328,Weisskopf E1,0.833333,5752.69,0.556854,9704.67,3.9542e+19,0.00079084,0,0
133pm,61,133,129.7,0.7,8,(11/2-),802.5,0.3,672.8,(13/2+),,,0,E1,1,0,0,3.16721,802.5,1.19278,0.522306,Weisskopf E1,1.16667,10346.7,0.715393,13586.5,2.32389e+19,0.000464777,0,0
133pm,61,133,129.7,0.7,8,(11/2-),810.1,0.4,680.4,(11/2+),,,0,E1,1,0,0,3.30084,810.1,1.19062,0.540206,Weisskopf E1,1,8968.8,0.723474,11645.6,2.60144e+19,0.000520287,0,0
133pm,61,133,129.7,0.7,8,(11/2-),815.9,0.7,686.2,(15/2-),,,0,E2,-1.38778e-16,0.805931,0.194069,1.93015,553.03,0.805931,4.963e-06,Weisskopf E2,1.33333,0.108015,0.729641,0.139068,3.72548e+24,74.5097,0,0
133pm,61,133,129.7,0.7,8,(11/2-),991.1,0.4,861.4,(13/2+),,,0,E1,1,0,0,3.99785,991.1,1.15057,1.09618,Weisskopf E1,1.16667,13247.1,0.915932,13586.5,1.84105e+19,0.000368209,0,0
133pm,61,133,129.7,0.7,8,(11/2-),1025.3,0.3,895.6,(15/2+),,,0,M2,0.8971,0.1029,0,3.50077,1011.95,1.12992,3.45864e-07,Weisskopf M2,1.33333,0.00441895,0.952297,0.0043591,6.553e+25,1310.6,0,0
133pm,61,133,129.7,0.7,8,(11/2-),1196.5,0.4,1066.8,(15/2+),,,0,M2,1,0,0,4.71399,1196.5,1.12158,8.29373e-07,Weisskopf M2,1.33333,0.00746837,1.13434,0.00618493,3.42986e+25,685.972,0,0
148pm,61,148,137.9,0.3,3.56746e+06,5- 6-,292,0.3,154.1,,,,1,,0.666667,0.333333,0,1.07491,246.033,1.59658,,unknown,1,,0.15533,,,,0,0
148pm,61,148,137.9,0.3,3.56746e+06,5- 6-,302.9,0.4,165,,,,1,,0,1,0,1,165,1,,unknown,1,,0.166317,,,,0,0
148pm,61,148,137.9,0.3,3.56746e+06,5- 6-,308.9,0.3,171,,,,1,,0.75,0.25,0,1.30618,274.425,1.60482,,unknown,1,,0.172365,,,,0,0
148pm,61,148,137.9,0.3,3.56746e+06,5- 6-,363.4,0.4,225.5,,,,1,,0,0.5,0.5,1.5,112.75,0.5,,unknown,1,,0.2273,,,,0,0
148pm,61,148,137.9,0.3,3.56746e+06,5- 6-,385.6,0.4,247.7,,,,1,,0,0.5,0.5,1.5,123.85,0.5,,unknown,1,,0.249678,,,,0,0
148pm,61,148,137.9,0.3,3.56746e+06,5- 6-,388.1,0.3,250.2,,,,1,,0.736111,0.263889,0,1.66901,351.71,1.40571,,unknown,1,,0.252198,,,,0,0
148pm,61,148,137.9,0.3,3.56746e+06,5- 6-,409.6,0.4,271.7,,,,1,,0.333333,0.333333,0.333333,1.40824,227.1,0.835848,,unknown,1,,0.273869,,,,0,0
148pm,61,148,137.9,0.3,3.56746e+06,5- 6-,440.1,0.3,302.2,,,,1,,0.483333,0.516667,0,1.72116,368.852,1.22055,,unknown,1,,0.304613,,,,0,0
148pm,61,148,137.9,0.3,3.56746e+06,5- 6-,452,0.3,314.1,,,,1,,0.333333,0.566667,0.1,1.75993,328.657,1.04634,,unknown,1,,0.316608,,,,0,0
148pm,61,148,137.9,0.3,3.56746e+06,5- 6-,543.4,0.4,405.5,,,,1,,0.277778,0.388889,0.333333,1.88327,308.639,0.761132,,unknown,1,,0.408737,,,,0,0
148pm,61,148,137.9,0.3,3.56746e+06,5- 6-,545.7,0.4,407.8,,,,1,,0.636574,0.363426,0,2.20451,495.584,1.21526,,unknown,1,,0.411056,,,,0,0
148pm,61,148,137.9,0.3,3.56746e+06,5- 6-,550.3,0.4,412.4,,,,1,,0.280556,0.619444,0.1,2.04878,409.849,0.993813,,unknown,1,,0.415692,,,,0,0
148pm,61,148,137.9,0.3,3.56746e+06,5- 6-,564.2,0.4,426.3,,,,1,,0.400463,0.460648,0.138889,2.23681,422.316,0.990653,,unknown,1,,0.429703,,,,0,0
148pm,61,148,137.9,0.3,3.56746e+06,5- 6-,573.1,0.3,435.2,,,,1,,0.594444,0.405556,0,2.2132,517.174,1.18836,,unknown,1,,0.438674,,,,0,0
139sm,62,139,457.38,0.23,10.7,11/2-,589.6,0.3,132.22,(9/2)-,,,1,M1,0,1,0,0.566893,132.22,1,8.52011e-05,Weisskopf M1,0.833333,31.2157,0.137523,213.23,8.27274e+21,0.165455,0,0
139sm,62,139,457.38,0.23,10.7,11/2-,720.75,0.2,263.37,(7/2+),,,0,M2,1,0,0,2.07153,720.75,2.73664,7.83325e-10,Weisskopf M2,0.666667,5.78657e-05,0.273932,0.00019844,2.43265e+27,48653,0,0
139sm,62,139,457.38,0.23,10.7,11/2-,1047.4,0.7,590.02,15/2-,,,1,E2,0,1,0,1,590.02,1,2.47386e-06,Weisskopf E2,1.33333,0.0728255,0.613682,0.111478,8.97035e+24,179.407,0,0
139sm,62,139,457.38,0.23,10.7,11/2-,1065.5,0.8,608.12,(13/2-),,,1,M1,0,1,0,1,608.12,1,0.00828937,Weisskopf M1,1.16667,200.999,0.632508,298.523,3.34983e+21,0.0669966,0,0
139sm,62,139,457.38,0.23,10.7,11/2-,1074.7,0.8,617.32,(9/2+),,,0,E1,1,0,0,2.02942,1074.7,1.74091,0.415502,Weisskopf E1,0.833333,6983.52,0.642077,10217.3,4.82271e+19,0.000964541,0,0
139sm,62,139,457.38,0.23,10.7,11/2-,1137.1,0.7,679.72,(11/2+),,,0,E1,0.576558,0.423442,0,2.42244,943.426,1.38796,0.554667,Weisskopf E1,1,9227.32,0.70698,12260.8,3.36689e+19,0.000673377,0,0
139sm,62,139,457.38,0.23,10.7,11/2-,1158.5,0.4,701.12,,,,1,,0.588235,0.411765,0,2.21855,970.167,1.38374,,unknown,1,,0.729238,,,,0,0
139sm,62,139,457.38,0.23,10.7,11/2-,1176.4,0.5,719.02,,,,1,,0,1,0,1,719.02,1,,unknown,1,,0.747856,,,,0,0
139sm,62,139,457.38,0.23,10.7,11/2-,1346.3,0.8,888.92,(9/2+),,,0,E1,1,0,0,2.61731,1346.3,1.51453,1.2406,Weisskopf E1,0.833333,10056,0.92457,10217.3,3.73945e+19,0.00074789,0,0
139sm,62,139,457.38,0.23,10.7,11/2-,1454.5,0.9,997.12,(13/2+),,,0,E1,1,0,0,2.99504,1454.5,1.4587,1.75099,Weisskopf E1,1.16667,15792.1,1.03711,14304.3,2.33416e+19,0.000466833,0,0
139sm,62,139,457.38,0.23,10.7,11/2-,1581.3,0.8,1123.92,(15/2-),,,0,E2,0,1,0,2,1123.92,1,6.20467e-05,Weisskopf E2,1.33333,0.503373,1.16899,0.404509,1.23607e+24,24.7213,0,0
139sm,62,139,457.38,0.23,10.7,11/2-,1780.7,0.8,1323.32,(15/2+),,,0,M2,0.563596,0.436404,0,3.4032,1581.1,1.1948,2.50862e-06,Weisskopf M2,1.33333,0.0146807,1.37639,0.0100197,2.93263e+25,586.525,0,0
139sm,62,139,457.38,0.23,10.7,11/2-,1879.4,0.9,1422.02,(13/2+),,,0,E1,0.576558,0.423442,0,3.42244,1685.73,1.18544,5.07878,Weisskopf E1,1.16667,22521.5,1.47905,14304.3,2.04267e+19,0.000408535,0,0
141sm,62,141,175.9,0.3,1356,11/2-,545.3,0.3,369.4,(7/2-),,,1,E2,0,1,0,1,369.4,1,2.42548e-07,Weisskopf E2,0.666667,0.00910786,0.38148,0.0224283,4.45866e+25,891.732,0,0
141sm,62,141,175.9,0.3,1356,11/2-,810.7,0.9,634.8,(15/2-),,,1,E2,0,1,0,0.993078,634.8,1,3.63495e-06,Weisskopf E2,1.33333,0.0924414,0.655559,0.132466,7.60171e+24,152.034,0,0
141sm,62,141,175.9,0.3,1356,11/2-,899.8,0.4,723.9,7/2-,,,1,E2,0,1,0,1.4709,723.9,1,7.00982e-06,Weisskopf E2,0.666667,0.0685428,0.747573,0.0861309,7.89329e+24,157.866,0,0
141sm,62,141,175.9,0.3,1356,11/2-,1063.6,0.4,887.7,(9/2 11/2)-,,,1,,0,1,0,1.60976,887.7,1,,unknown,1,,0.916729,,,,0,0
141sm,62,141,175.9,0.3,1356,11/2-,1085.5,0.9,909.6,(13/2-),,,1,M1,0,1,0,0.995094,909.6,1,0.0277399,Weisskopf M1,1.16667,300.645,0.939345,300.663,3.34238e+21,0.0668477,0,0
141sm,62,141,175.9,0.3,1356,11/2-,1771.2,0.4,1595.3,(9/2 11/2)-,,,1,,0,1,0,1.03661,1595.3,1,,unknown,1,,1.64747,,,,0,0
141sm,62,141,175.9,0.3,1356,11/2-,1911.5,1.1,1735.6,(15/2+),,,0,M2,0,1,0,1.99361,1735.6,1,9.82867e-06,Weisskopf M2,1.33333,0.0334378,1.79236,0.0175252,2.86218e+25,572.436,0,0
143sm,62,143,753.99,0.16,66,11/2-,1310.5,0.19,556.51,7/2-,,,1,E2,0.680272,0.319728,0,1.69979,1069.43,1.92167,1.91794e-06,Weisskopf E2,0.666667,0.0317322,0.570676,0.052235,1.12627e+25,225.254,0,0
143sm,62,143,753.99,0.16,66,11/2-,1369.26,0.16,615.27,7/2+,,,0,M2,1,0,0,1,1369.26,2.22546,5.55461e-08,Weisskopf M2,0.666667,0.000751854,0.630931,0.00111944,8.93301e+26,17866,0,0
143sm,62,143,753.99,0.16,66,11/2-,2102.47,0.18,1348.48,(7/2+),,,0,M2,1,0,0,1.06279,2102.47,1.55914,2.80897e-06,Weisskopf M2,0.666667,0.00791534,1.3828,0.00537724,1.74981e+26,3499.63,0,0
143sm,62,143,753.99,0.16,66,11/2-,2167.34,0.25,1413.35,7/2+,,,0,M2,1,0,0,1.58824,2167.34,1.53348,3.55282e-06,Weisskopf M2,0.666667,0.0091135,1.44933,0.00590704,1.0659e+26,2131.79,0,0
143sm,62,143,753.99,0.16,66,11/2-,2270.74,0.22,1516.75,7/2+,,,0,M2,1,0,0,1.19236,2270.74,1.49711,5.05702e-06,Weisskopf M2,0.666667,0.0112636,1.55536,0.00680297,1.23281e+26,2465.61,0,0
143sm,62,143,753.99,0.16,66,11/2-,2327.3,0.8,1573.31,13/2(-),,,1,M1,0,1,0,1,1573.31,1,0.143548,Weisskopf M1,1.16667,520.017,1.61336,302.787,3.30265e+21,0.0660529,0,0
143sm,62,143,753.99,0.16,66,11/2-,2329.1,0.8,1575.11,,,,1,,0,1,0,1,1575.11,1,,unknown,1,,1.6152,,,,0,0
143sm,62,143,753.99,0.16,66,11/2-,2459,0.8,1705.01,13/2(+),,,1,E1,0,1,0,1,1705.01,1,8.92149,Weisskopf E1,1.16667,27519,1.74841,14785.7,6.76331e+19,0.00135266,0,0
143sm,62,143,753.99,0.16,66,11/2-,2509.4,0.6,1755.41,15/2(+),,,1,M2,0,1,0,1.89521,1755.41,1,1.05007e-05,Weisskopf M2,1.33333,0.0349222,1.80009,0.0182246,2.89525e+25,579.049,0,0
143sm,62,143,753.99,0.16,66,11/2-,2585.8,0.8,1831.81,17/2(+),,,1,E3,-2.22045e-16,1,0,1.95783,1831.81,1,3.16723e-08,Weisskopf E3,1.5,0.000108821,1.87844,5.44211e-05,9.3855e+27,187710,0,0
143sm,62,143,753.99,0.16,66,11/2-,2885.9,0.3,2131.91,(7/2- 9/2+),,,1,,0.421965,0.578035,0,1.43407,2450.07,1.14924,,unknown,1,,2.18618,,,,0,0
143sm,62,143,753.99,0.16,66,11/2-,3031.2,0.6,2277.21,7/2+,,,0,M2,1,0,0,1,3031.2,1.3311,3.8578e-05,Weisskopf M2,0.666667,0.0381194,2.33517,0.0153347,6.52114e+25,1304.23,0,0
143sm,62,143,753.99,0.16,66,11/2-,3324.85,0.25,2570.86,(7/2-),,,1,E2,0.78125,0.21875,0,1.78125,3159.91,1.22913,0.00403517,Weisskopf E2,0.666667,3.12836,2.6363,1.11474,5.03619e+23,10.0724,0,0
141eu,63,141,96.45,0.07,2.7,11/2-,320.35,0.13,223.9,9/2 11/2 13/2,,,1,,0,1,0,1,223.9,1,,unknown,1,,0.231222,,,,0,0
141eu,63,141,96.45,0.07,2.7,11/2-,447.75,0.09,351.3,9/2 11/2 13/2,,,1,,0,1,0,1,351.3,1,,unknown,1,,0.362788,,,,0,0
141eu,63,141,96.45,0.07,2.7,11/2-,457.59,0.08,361.14,(9/2+),,,1,E1,0.173554,0.826446,0,1,377.879,1.04635,0.0839857,Weisskopf E1,0.833333,4124.54,0.37295,10389.1,9.62551e+19,0.0019251,0,0
141eu,63,141,96.45,0.07,2.7,11/2-,622.56,0.13,526.11,15/2-,,,1,E2,0,1,0,0.988426,526.11,1,1.42134e-06,Weisskopf E2,1.33333,0.0526242,0.543315,0.0909881,1.11191e+25,222.383,0,0
141eu,63,141,96.45,0.07,2.7,11/2-,656.82,0.11,560.37,(9/2+),,,1,E1,0.130435,0.869565,0,1,572.95,1.02245,0.313764,Weisskopf E1,0.833333,6399.93,0.578695,10389.1,9.62551e+19,0.0019251,0,0
141eu,63,141,96.45,0.07,2.7,11/2-,671.98,0.15,575.53,13/2-,,,1,M1,0,1,0,0.987264,575.53,1,0.0070268,Weisskopf M1,1.16667,190.227,0.594351,300.663,3.36889e+21,0.0673779,0,0
141eu,63,141,96.45,0.07,2.7,11/2-,749.35,0.13,652.9,9/2 11/2 13/2,,,1,,0,1,0,1,652.9,1,,unknown,1,,0.674251,,,,0,0
141eu,63,141,96.45,0.07,2.7,11/2-,837.05,0.11,740.6,9/2 11/2 13/2,,,1,,0,1,0,1.4382,740.6,1,,unknown,1,,0.764819,,,,0,0
141eu,63,141,96.45,0.07,2.7,11/2-,869.87,0.1,773.42,9/2 11/2 13/2(+),,,1,,0.0807442,0.919256,0,1.46524,781.208,1.01007,,unknown,1,,0.798712,,,,0,0
141eu,63,141,96.45,0.07,2.7,11/2-,923.19,0.1,826.74,11/2(-) 13/2,,,1,,0,1,0,1.71589,826.74,1,,unknown,1,,0.853776,,,,0,0
141eu,63,141,96.45,0.07,2.7,11/2-,1072.64,0.11,976.19,(9/2+),,,1,E1,0.180328,0.819672,0,1,993.583,1.01782,1.65875,Weisskopf E1,0.833333,11149,1.00811,10389.1,9.62551e+19,0.0019251,0,0
141eu,63,141,96.45,0.07,2.7,11/2-,1154.6,0.3,1058.15,15/2(+),,,0,M2,0,1,0,1.98247,1058.15,1,8.27909e-07,Weisskopf M2,1.33333,0.00757757,1.09275,0.00651416,7.74347e+25,1548.69,0,0
141eu,63,141,96.45,0.07,2.7,11/2-,1636.3,0.3,1539.85,15/2(+),,,0,M2,0,1,0,1.98737,1539.85,1,5.40305e-06,Weisskopf M2,1.33333,0.023352,1.59021,0.013795,3.64755e+25,729.51,0,0
141eu,63,141,96.45,0.07,2.7,11/2-,2019.56,0.13,1923.11,9/2(+) 11/2 13/2,,,1,,0.0564954,0.943505,0,2.25,1928.56,1.00283,,unknown,1,,1.986,,,,0,0
150eu,63,150,41.7,1,46080,0-,42.7,1,1,(1-),,,1,M1,0,1,0,1,1,1,3.68599e-11,Weisskopf M1,3,0.84992,0.00100124,797.425,1.25404e+21,0.0250807,1,1
150eu,63,150,41.7,1,46080,0-,69.5,0.8,27.8,(2-),,,0,E2,0,1,0,2,27.8,1,6.35869e-13,Weisskopf E2,5,3.16192e-05,0.0278345,0.00106713,4.68546e+26,9370.91,1,1
150eu,63,150,41.7,1,46080,0-,118.6,1,76.9,(2-),,,0,E2,0,1,0,2,76.9,1,1.02985e-10,Weisskopf E2,5,0.000669261,0.0769954,0.00816547,6.12335e+25,1224.67,0,1
150eu,63,150,41.7,1,46080,0-,237.4,1,195.7,(1-),,,0,M1,0,1,0,2.66667,195.7,1,0.000276265,Weisskopf M1,3,166.329,0.195943,797.425,4.70264e+20,0.00940527,0,0
152eu,63,152,45.5998,0.0004,33521.8,0-,65.2969,0.0004,19.6971,1-,9.4e-07,,1,M1,0.0897677,0.910232,0,0.0329567,23.7905,1.20782,4.4179e-10,measured,3,0.0262564,0.0195914,1.25899,2.4101e+25,482.02,1,1
152eu,63,152,45.5998,0.0004,33521.8,0-,78.2331,0.0004,32.6333,1+,1.65e-07,,1,E1,0.0387155,0.961285,0,0.319829,34.3987,1.0541,1.57254e-09,measured,3,0.034049,0.0324581,0.985443,3.17286e+24,63.4572,0,1
152eu,63,152,45.5998,0.0004,33521.8,0-,109.09,0.0005,63.4897,(1)-,,,1,M1,0.0267564,0.973244,0,0.15548,64.7098,1.01922,9.4333e-06,Weisskopf M1,3,53.9612,0.0631489,802.724,8.01233e+21,0.160247,0,1
152eu,63,152,45.5998,0.0004,33521.8,0-,111.447,0.0004,65.8475,2-,,,1,E2,0.0864537,0.913546,0,0.292257,69.7898,1.05987,4.82514e-11,Weisskopf E2,5,0.000427666,0.065494,0.00613413,5.57804e+26,11156.1,0,1
152eu,63,152,45.5998,0.0004,33521.8,0-,118.166,0.0004,72.5663,2-,,,1,E2,0.0893722,0.910628,0,0.13361,76.6417,1.05616,7.84311e-11,Weisskopf E2,5,0.000572389,0.0721768,0.0074498,1.00466e+27,20093.1,0,1
152eu,63,152,45.5998,0.0004,33521.8,0-,120.838,0.0004,75.2386,2+,,,0,M2,0.0500833,0.949917,0,0.526174,77.5224,1.03035,1.58198e-12,Weisskopf M2,5,1.07397e-05,0.0748347,0.000134815,1.40972e+28,281944,0,1
152eu,63,152,45.5998,0.0004,33521.8,0-,158.055,0.0004,112.456,1+,1.8e-09,,1,E1,0.0412046,0.958795,0,0.616827,114.335,1.01671,2.74688e-08,measured,3,0.0500844,0.111852,0.420639,3.85414e+24,77.0828,0,0
152eu,63,152,45.5998,0.0004,33521.8,0-,203.112,0.0005,157.512,1-,,,1,M1,0.0303603,0.96964,0,0.772961,158.897,1.00879,0.000144044,Weisskopf M1,3,133.873,0.156667,802.724,1.61167e+21,0.0322334,0,0
152eu,63,152,45.5998,0.0004,33521.8,0-,214.361,0.0006,168.762,2-,,,1,E2,0.0385801,0.96142,0,0.637918,170.521,1.01042,5.33556e-09,Weisskopf E2,5,0.00719957,0.167856,0.0402922,3.89058e+25,778.115,0,0
152eu,63,152,45.5998,0.0004,33521.8,0-,221.454,0.0004,175.854,2-,,,1,E2,0.39204,0.60796,0,1.09491,193.731,1.10166,6.5551e-09,Weisskopf E2,5,0.00814603,0.17491,0.0437503,2.08757e+25,417.514,0,0
152eu,63,152,45.5998,0.0004,33521.8,0-,237.348,0.0004,191.748,2-,,,0,E2,0.33639,0.66361,0,0.969929,207.088,1.08,1.01035e-08,Weisskopf E2,5,0.0105604,0.190719,0.0520162,1.98208e+25,396.416,0,0
152eu,63,152,45.5998,0.0004,33521.8,0-,248.503,0.0006,202.904,1- 2-,,,1,,0.0364187,0.963581,0,0.930255,204.564,1.00818,,unknown,1,,0.201814,,,,0,0
152eu,63,152,45.5998,0.0004,33521.8,0-,249.331,0.0008,203.731,1+,,,1,E1,0.0459717,0.954028,0,1.06212,205.827,1.01029,0.0158526,Weisskopf E1,3,8806.63,0.202638,40826.3,2.30613e+19,0.000461227,0,0
152eu,63,152,45.5998,0.0004,33521.8,0-,272.378,0.0005,226.778,2+,,,0,M2,0.256787,0.743213,0,1.24726,238.488,1.05163,3.93554e-10,Weisskopf M2,5,0.000294086,0.225561,0.00122479,6.54608e+26,13092.2,0,0
152eu,63,152,45.5998,0.0004,33521.8,0-,286.034,0.0005,240.434,2-,,,1,E2,0.416957,0.583043,0,1.05209,259.447,1.07908,3.13178e-08,Weisskopf E2,5,0.0208196,0.239143,0.0817835,1.1622e+25,232.44,0,0
152eu,63,152,45.5998,0.0004,33521.8,0-,324.296,0.0005,278.696,(2)+,,,0,M2,0.343916,0.656084,0,1.39873,294.378,1.05627,1.10318e-09,Weisskopf M2,5,0.000545833,0.2772,0.00184977,3.86498e+26,7729.96,0,0
152eu,63,152,45.5998,0.0004,33521.8,0-,328.149,0.0008,282.549,2-,,,0,E2,0.318994,0.681006,0,1.13434,297.095,1.05148,7.01908e-08,Weisskopf E2,5,0.0337883,0.281032,0.112943,7.80542e+24,156.108,0,0
152eu,63,152,45.5998,0.0004,33521.8,0-,341.244,0.0005,295.644,2-,,,1,E2,0.480298,0.519702,0,1.47543,317.546,1.07408,8.8036e-08,Weisskopf E2,5,0.0387074,0.294057,0.123655,5.48109e+24,109.622,0,0
152eu,63,152,45.5998,0.0004,33521.8,0-,359.799,0.0007,314.2,2-,,,1,E2,0.473918,0.526082,0,1.33275,335.81,1.06878,1.19355e-07,Weisskopf E2,5,0.0464626,0.312513,0.139664,5.37235e+24,107.447,0,0
152eu,63,152,45.5998,0.0004,33521.8,0-,361.673,0.0015,316.073,(2 3 4-),,,1,,0.284009,0.715991,0,1.2095,329.024,1.04097,,unknown,1,,0.314376,,,,0,0
152eu,63,152,45.5998,0.0004,33521.8,0-,388.845,0.0011,343.245,,,,1,,0.619723,0.380277,0,1.70253,371.505,1.08233,,unknown,1,,0.341403,,,,0,0
152eu,63,152,45.5998,0.0004,33521.8,0-,460.067,0.0021,414.467,2-,,,1,E2,0.40292,0.59708,0,1.59181,432.84,1.04433,4.76722e-07,Weisskopf E2,5,0.106649,0.412243,0.243027,2.58495e+24,51.6991,0,0
152eu,63,152,45.5998,0.0004,33521.8,0-,482.947,0.0014,437.347,,,,1,,0.205195,0.794805,0,1.48119,446.704,1.02139,,unknown,1,,0.435,,,,0,0
154eu,63,154,145.3,0.3,2778,8-,196.121,0.0008,50.8211,(6)+,,,0,M2,1,0,0,0.935138,196.121,3.85905,2.24389e-13,Weisskopf M2,0.764706,5.10635e-07,0.050219,9.55197e-06,1.11952e+29,2.23904e+06,0,1
154eu,63,154,145.3,0.3,2778,8-,229.795,0.0009,84.4951,(6)-,,,0,E2,1,0,0,1.81447,229.795,2.71963,1.70821e-10,Weisskopf E2,0.764706,0.000140629,0.083494,0.00158223,3.48321e+26,6966.43,0,1
154eu,63,154,145.3,0.3,2778,8-,258.19,0.001,112.89,(6)+,,,0,M2,1,0,0,1.03683,258.19,2.28709,1.21356e-11,Weisskopf M2,0.764706,5.59688e-06,0.111553,4.71321e-05,2.04633e+28,409266,0,0
154eu,63,154,145.3,0.3,2778,8-,276.7,0.05,131.4,(7+),,,0,E1,1,0,0,1.93514,276.7,2.10578,0.00429041,Weisskopf E1,0.882353,1685.21,0.129843,12192.3,4.23841e+19,0.000847683,0,0
154eu,63,154,145.3,0.3,2778,8-,292.82,0.0009,147.52,(6)+,,,0,M2,1,0,0,1.52971,292.82,1.98495,4.62419e-11,Weisskopf M2,0.764706,1.24891e-05,0.145772,8.04835e-05,8.12242e+27,162448,0,0
154eu,63,154,145.3,0.3,2778,8-,294,0.5,148.7,(7-),,,0,M1,1,0,0,2.3748,294,1.97714,0.000121196,Weisskopf M1,0.882353,37.1715,0.146938,237.643,1.77193e+21,0.0354386,0,0
154eu,63,154,145.3,0.3,2778,8-,299.808,0.0015,154.508,(6)-,,,0,E2,1,0,0,1.04932,299.808,1.9404,3.49252e-09,Weisskopf E2,0.764706,0.000859873,0.152678,0.00529065,1.80128e+26,3602.56,0,0
154eu,63,154,145.3,0.3,2778,8-,311.3,0.05,166,(9-),,,1,M1,0,1,0,1,166,1,0.000168608,Weisskopf M1,1.11765,52.5617,0.164033,301.015,3.32209e+21,0.0664419,0,0
154eu,63,154,145.3,0.3,2778,8-,356.103,0.0011,210.803,(6)-,,,0,E2,1,0,0,1.77827,356.103,1.68927,1.65108e-08,Weisskopf E2,0.764706,0.00218379,0.208306,0.00984829,5.71008e+25,1142.02,0,0
154eu,63,154,145.3,0.3,2778,8-,367,0.5,221.7,(8-),,,0,M1,1,0,0,3.15497,367,1.65539,0.000401653,Weisskopf M1,1,62.8091,0.219073,269.329,1.17685e+21,0.023537,0,0
154eu,63,154,145.3,0.3,2778,8-,376.8,0.05,231.5,(8+),,,0,E1,1,0,0,3.15497,376.8,1.62765,0.023462,Weisskopf E1,1,3364.86,0.228757,13817.9,2.29383e+19,0.000458767,0,0
154eu,63,154,145.3,0.3,2778,8-,438.1,0.5,292.8,7-,,,0,M1,1,0,0,2.04932,438.1,1.49624,0.000925267,Weisskopf M1,0.882353,73.1931,0.289331,237.643,2.05336e+21,0.0410671,0,0
154eu,63,154,145.3,0.3,2778,8-,484.6,0.05,339.3,(10-),,,0,E2,0,1,0,2,339.3,1,1.78362e-07,Weisskopf E2,1.23529,0.0147098,0.33528,0.0412146,1.21316e+25,242.633,0,0
154eu,63,154,145.3,0.3,2778,8-,494,0.5,348.7,(9+),,,0,E1,1,0,0,4.15497,494,1.41669,0.0801805,Weisskopf E1,1.11765,5664.64,0.344569,15443.6,1.55842e+19,0.000311684,0,0
154eu,63,154,145.3,0.3,2778,8-,589.3,0.05,444,(6+),,,0,M2,1,0,0,2.04932,589.3,1.32725,1.14208e-08,Weisskopf M2,0.764706,0.000340508,0.43874,0.000729073,6.69297e+26,13385.9,0,0
154eu,63,154,145.3,0.3,2778,8-,593.3,0.7,448,(8-),,,0,M1,1,0,0,3.04932,593.3,1.32433,0.00331427,Weisskopf M1,1,126.921,0.442692,269.329,1.21762e+21,0.0243525,0,0
154eu,63,154,145.3,0.3,2778,8-,722,0.5,576.7,(7+),,,0,E1,1,0,0,2.04932,722,1.25195,0.362713,Weisskopf E1,0.882353,7396.19,0.569868,12192.3,4.00226e+19,0.000800451,0,0
154eu,63,154,145.3,0.3,2778,8-,765.8,0.8,620.5,(9-),,,0,M1,1,0,0,4.04932,765.8,1.23417,0.00880601,Weisskopf M1,1.11765,196.473,0.613149,301.015,8.20408e+20,0.0164082,0,0
154eu,63,154,145.3,0.3,2778,8-,952,2,806.7,(10-),,,0,E2,1,0,0,5.04932,952,1.18012,1.35501e-05,Weisskopf E2,1.23529,0.197694,0.797143,0.232974,8.5008e+23,17.0016,0,0
141gd,64,141,377.76,0.09,24.5,11/2-,514.47,0.1,136.71,(9/2 11/2-),,,1,,0,1,0,1,136.71,1,,unknown,1,,0.141181,,,,0,0
141gd,64,141,377.76,0.09,24.5,11/2-,551.59,0.08,173.83,(7/2-),,,1,E2,0.852971,0.147029,0,1.7666,496.048,2.85364,5.59677e-09,Weisskopf E2,0.666667,0.000949074,0.179514,0.00496651,1.13975e+26,2279.5,0,0
141gd,64,141,377.76,0.09,24.5,11/2-,646.16,0.1,268.4,(7/2-),,,1,E2,0.0109155,0.989084,0,1.63199,272.523,1.01536,4.91164e-08,Weisskopf E2,0.666667,0.0034936,0.277177,0.0118404,5.17506e+25,1035.01,0,0
141gd,64,141,377.76,0.09,24.5,11/2-,895.15,0.08,517.39,(7/2-),,,1,E2,0.724907,0.275093,0,2.33093,791.231,1.52927,1.30739e-06,Weisskopf E2,0.666667,0.0250253,0.534309,0.0439985,9.75065e+24,195.013,0,0
141gd,64,141,377.76,0.09,24.5,11/2-,907.4,0.9,529.64,(15/2-),,,1,E2,0,1,0,1,529.64,1,1.46966e-06,Weisskopf E2,1.33333,0.0536906,0.54696,0.0922132,1.08444e+25,216.889,0,0
141gd,64,141,377.76,0.09,24.5,11/2-,940.53,0.11,562.77,(7/2-),,,0,E2,0.520104,0.479896,0,2.46744,759.245,1.34912,1.99053e-06,Weisskopf E2,0.666667,0.0322047,0.581173,0.0520551,7.78556e+24,155.711,0,0
141gd,64,141,377.76,0.09,24.5,11/2-,989.72,0.11,611.96,(7/2-),,,1,E2,0,1,0,1.86207,611.96,1,3.02642e-06,Weisskopf E2,0.666667,0.041409,0.631972,0.0615528,8.72482e+24,174.496,0,0
141gd,64,141,377.76,0.09,24.5,11/2-,995,0.9,617.24,(13/2-),,,1,M1,0,1,0,1,617.24,1,0.00866794,Weisskopf M1,1.16667,204.013,0.637425,300.663,3.32599e+21,0.0665198,0,0
141gd,64,141,377.76,0.09,24.5,11/2-,1100.07,0.14,722.31,(7/2-),,,0,E2,0,1,0,2,722.31,1,6.93318e-06,Weisskopf E2,0.666667,0.0680921,0.745931,0.0857529,5.83071e+24,116.614,0,0
141gd,64,141,377.76,0.09,24.5,11/2-,1131.87,0.14,754.11,(7/2-),,,0,E2,0,1,0,2,754.11,1,8.59979e-06,Weisskopf E2,0.666667,0.0774872,0.77877,0.0934697,5.34932e+24,106.986,0,0
141gd,64,141,377.76,0.09,24.5,11/2-,1282.3,0.7,904.54,(9/2-),,,0,M1,0.622506,0.377494,0,3.39918,1139.7,1.25997,0.0272795,Weisskopf M1,0.833333,213.552,0.93412,214.759,1.36985e+21,0.0273971,0,0
141gd,64,141,377.76,0.09,24.5,11/2-,1547.5,0.7,1169.74,(11/2-),,,0,M1,0.38087,0.61913,0,3.57623,1313.62,1.123,0.0589959,Weisskopf M1,1,331.395,1.20799,257.711,1.08503e+21,0.0217006,0,0
141gd,64,141,377.76,0.09,24.5,11/2-,1873.1,1.2,1495.34,(13/2-),,,0,M1,0.622506,0.377494,0,4.39918,1730.5,1.15726,0.123246,Weisskopf M1,1.16667,494.246,1.54424,300.663,7.56046e+20,0.0151209,0,0
141gd,64,141,377.76,0.09,24.5,11/2-,2149.9,1.2,1772.14,(13/2+),,,0,E1,0.38087,0.61913,0,4.57623,1916.02,1.08119,9.92368,Weisskopf E1,1.16667,28335.2,1.83009,14544.7,1.50241e+19,0.000300482,0,0
141gd,64,141,377.76,0.09,24.5,11/2-,2254.2,1.1,1876.44,(15/2-),,,0,E2,0.38087,0.61913,0,4.57623,2020.32,1.07668,0.000820328,Weisskopf E2,1.33333,2.38759,1.9378,1.15745,1.88795e+23,3.7759,0,0
141gd,64,141,377.76,0.09,24.5,11/2-,2276.3,1.1,1898.54,(15/2-),,,0,E2,0.38087,0.61913,0,4.57623,2042.42,1.07578,0.000869787,Weisskopf E2,1.33333,2.47295,1.96063,1.18487,1.84425e+23,3.68851,0,0
143gd,64,143,152.6,0.05,110,(11/2-),493.1,0.05,340.5,(9/2-),,,1,M1,0,1,0,1,340.5,1,0.00145514,Weisskopf M1,0.833333,80.3883,0.349167,216.277,4.62371e+21,0.0924741,0,0
143gd,64,143,152.6,0.05,110,(11/2-),752.3,0.4,599.7,(15/2-),,,1,E2,0,1,0,0.991296,599.7,1,2.78702e-06,Weisskopf E2,1.33333,0.0794171,0.614965,0.121315,8.31539e+24,166.308,0,0
143gd,64,143,152.6,0.05,110,(11/2-),1076.6,0.4,924,(13/2-),,,1,M1,0,1,0,1,924,1,0.0290783,Weisskopf M1,1.16667,305.405,0.94752,302.787,3.30265e+21,0.0660529,0,0
143gd,64,143,152.6,0.05,110,(11/2-),1794.1,0.4,1641.5,13/2+,,,1,E1,0,1,0,0.999217,1641.5,1,7.96121,Weisskopf E1,1.16667,26494,1.68328,14785.7,6.76862e+19,0.00135372,0,0
143gd,64,143,152.6,0.05,110,(11/2-),1847.9,0.4,1695.3,(15/2-),,,1,E2,0,1,0,1,1695.3,1,0.000503156,Weisskopf E2,1.33333,1.79412,1.73845,0.969481,1.03148e+24,20.6296,0,0
143gd,64,143,152.6,0.05,110,(11/2-),1864.2,0.5,1711.6,(15/2+),,,0,M2,0,1,0,2,1711.6,1,9.25414e-06,Weisskopf M2,1.33333,0.0323723,1.75517,0.0173263,2.88579e+25,577.158,0,0
143gd,64,143,152.6,0.05,110,(11/2-),2180.9,0.4,2028.3,(13/2+),,,1,E1,0,1,0,1.49565,2028.3,1,15.0194,Weisskopf E1,1.16667,32737,2.07993,14785.7,4.52199e+19,0.000904399,0,0
145gd,64,145,749.1,0.2,85,11/2-,1272.9,0.2,523.8,7/2-,,,1,E2,0.771154,0.228846,0,1.78087,1101.47,2.10285,1.44325e-06,Weisskopf E2,0.666667,0.0269539,0.533416,0.0474685,1.18294e+25,236.587,0,0
145gd,64,145,749.1,0.2,85,11/2-,1415.4,0.2,666.3,7/2+,3e-10,LT,0,M2,1,0,0,1.04616,1415.4,2.12427,8.35016e-08,Weisskopf M2,0.666667,0.000963756,0.678532,0.00133428,7.16399e+26,14328,0,0
145gd,64,145,749.1,0.2,85,11/2-,1666.7,0.2,917.6,7/2(-),,,0,E2,0.941899,0.0581008,0,2.38058,1623.18,1.76894,2.38111e-05,Weisskopf E2,0.666667,0.144905,0.934445,0.145674,2.8836e+24,57.6721,0,0
145gd,64,145,749.1,0.2,85,11/2-,1684.2,0.2,935.1,9/2-,,,1,M1,0.390444,0.609556,0,1.39779,1227.58,1.31278,0.0301389,Weisskopf M1,0.833333,220.767,0.952266,217.784,3.28498e+21,0.0656996,0,0
145gd,64,145,749.1,0.2,85,11/2-,1809.9,0.2,1060.8,9/2-,,,0,M1,0.771154,0.228846,0,2.76377,1638.47,1.54456,0.0440002,Weisskopf M1,0.833333,250.443,1.08027,217.784,1.66139e+21,0.0332279,0,0
145gd,64,145,749.1,0.2,85,11/2-,2181.7,0.2,1432.6,(9/2-),3e-10,LT,1,M1,0.367408,0.632592,0,1.92567,1707.83,1.19212,0.108375,Weisskopf M1,0.833333,338.221,1.4589,217.784,2.38447e+21,0.0476895,0,0
145gd,64,145,749.1,0.2,85,11/2-,2195.7,0.3,1446.6,11/2-,,,1,M1,0,1,0,0.998303,1446.6,1,0.111583,Weisskopf M1,1,409.831,1.47316,261.341,3.83293e+21,0.0766586,0,0
145gd,64,145,749.1,0.2,85,11/2-,2200.1,0.2,1451,13/2+,2.04e-08,,1,E1,0.495125,0.504875,0,2.13796,1821.9,1.25562,8.00523e-09,measured,1.16667,3.40949e-05,1.47764,2.16756e-05,2.15789e+28,431577,0,0
145gd,64,145,749.1,0.2,85,11/2-,2258.5,0.3,1509.4,11/2-,,,0,M1,0.771154,0.228846,0,3.05642,2087.07,1.38272,0.126756,Weisskopf M1,1,427.623,1.53711,261.341,1.25193e+21,0.0250386,0,0
145gd,64,145,749.1,0.2,85,11/2-,2301.7,0.3,1552.6,13/2+,,,1,E1,0,1,0,0.999237,1552.6,1,6.79918,Weisskopf E1,1.16667,25292.2,1.5811,15027.2,6.65969e+19,0.00133194,0,0
145gd,64,145,749.1,0.2,85,11/2-,2382.3,0.2,1633.2,(9/2-),,,0,M1,0.648952,0.351048,0,3.09375,2119.33,1.29765,0.160573,Weisskopf M1,0.833333,385.58,1.66318,217.784,1.48419e+21,0.0296838,0,0
145gd,64,145,749.1,0.2,85,11/2-,2411.4,0.2,1662.3,15/2+,,,0,M2,0.0296438,0.970356,0,1.47033,1684.51,1.01336,8.07036e-06,Weisskopf M2,1.33333,0.0299306,1.69282,0.0166095,4.09477e+25,818.955,0,0
145gd,64,145,749.1,0.2,85,11/2-,2432.2,0.2,1683.1,17/2+,3.7e-10,,1,E3,0.0295485,0.970451,0,1.4708,1705.23,1.01315,3.96456e-09,measured,1.5,1.6135e-05,1.714,8.8432e-06,7.68844e+28,1.53769e+06,0,0
145gd,64,145,749.1,0.2,85,11/2-,2442.6,0.3,1693.5,13/2-,,,0,M1,0,1,0,1.86037,1693.5,1,0.179023,Weisskopf M1,1.16667,559.743,1.72459,304.897,1.76298e+21,0.0352595,0,0
145gd,64,145,749.1,0.2,85,11/2-,2640.8,0.3,1891.7,,,,1,,0,1,0,1,1891.7,1,,unknown,1,,1.92643,,,,0,0
145gd,64,145,749.1,0.2,85,11/2-,2657.8,0.3,1908.7,,,,1,,0,1,0,1,1908.7,1,,unknown,1,,1.94374,,,,0,0
145gd,64,145,749.1,0.2,85,11/2-,2784,0.3,2034.9,(11/2+ 13/2+),,,1,,0,1,0,1.27031,2034.9,1,,unknown,1,,2.07226,,,,0,0
145gd,64,145,749.1,0.2,85,11/2-,2823.2,0.4,2074.1,15/2+,,,0,M2,0.495125,0.504875,0,3.1261,2445,1.17882,2.44059e-05,Weisskopf M2,1.33333,0.0581402,2.11218,0.0258581,1.23708e+25,247.417,0,0
145gd,64,145,749.1,0.2,85,11/2-,2935,0.3,2185.9,,,,1,,0,1,0,1,2185.9,1,,unknown,1,,2.22603,,,,0,0
144tb,65,144,396.9,0.5,4.25,(6-),476.2,0.5,79.3,(8-),2.8e-06,,1,E2,0,1,0,0.136054,79.3,1,1.62942e-10,measured,1.30769,0.000260433,0.0810357,0.00301905,2.43454e+27,48690.9,0,1
147tb,65,147,50.6,0.9,112.2,(11/2-),719.2,0.18,668.6,(7/2+),1.3e-09,LT,0,M2,1,0,0,2.11631,719.2,1.07568,8.57322e-08,Weisskopf M2,0.666667,0.000982704,0.676226,0.00136515,3.46129e+26,6922.59,0,0
147tb,65,147,50.6,0.9,112.2,(11/2-),1312.95,0.23,1262.35,(7/2-),,,1,E2,0,1,0,0.998183,1262.35,1,0.000119493,Weisskopf E2,0.666667,0.384234,1.27675,0.28271,3.54363e+24,70.8726,0,0
147tb,65,147,50.6,0.9,112.2,(11/2-),1316.43,0.17,1265.83,(15/2+),4.56e-09,,1,M2,0,1,0,0.995917,1265.83,1,1.00052e-07,measured,1.33333,0.000639908,1.28027,0.000469534,2.1385e+27,42770.1,0,0
147tb,65,147,50.6,0.9,112.2,(11/2-),1329.48,0.18,1278.88,(7/2+),,,0,M2,1,0,0,2.38302,1329.48,1.03957,2.19513e-06,Weisskopf M2,0.666667,0.00687722,1.29347,0.00499469,8.40165e+25,1680.33,0,0
147tb,65,147,50.6,0.9,112.2,(11/2-),1438.32,0.24,1387.72,(9/2+ 11/2+ 15/2+),,,1,,0,1,0,0.999215,1387.72,1,,unknown,1,,1.40355,,,,0,0
147tb,65,147,50.6,0.9,112.2,(11/2-),1487.39,0.17,1436.79,(9/2+),,,1,E1,0.0288245,0.971175,0,1.06338,1438.25,1.00102,5.43781,Weisskopf E1,0.833333,16871.7,1.45318,10906.6,8.62226e+19,0.00172445,0,0
147tb,65,147,50.6,0.9,112.2,(11/2-),1601.23,0.19,1550.63,(13/2+),,,1,E1,-2.22045e-16,1,0,1.66461,1550.63,1,6.83547,Weisskopf E1,1.16667,25491.9,1.56832,15269.3,3.93432e+19,0.000786864,0,0
147tb,65,147,50.6,0.9,112.2,(11/2-),1659.6,0.3,1609,(9/2- 11/2- 13/2-),,,1,,0,1,0,0.998263,1609,1,,unknown,1,,1.62735,,,,0,0
147tb,65,147,50.6,0.9,112.2,(11/2-),1715.7,0.3,1665.1,,,,1,,0,1,0,1,1665.1,1,,unknown,1,,1.68409,,,,0,0
147tb,65,147,50.6,0.9,112.2,(11/2-),1760.6,0.3,1710,(9/2- 11/2- 13/2-),,,1,,0,1,0,0.998422,1710,1,,unknown,1,,1.7295,,,,0,0
147tb,65,147,50.6,0.9,112.2,(11/2-),1775.86,0.25,1725.26,(-),,,1,,0,1,0,0.998642,1725.26,1,,unknown,1,,1.74494,,,,0,0
147tb,65,147,50.6,0.9,112.2,(11/2-),1987.91,0.2,1937.31,(15/2-),,,1,E2,0,1,0,1.00986,1937.31,1,0.00101728,Weisskopf E2,1.33333,2.77769,1.95941,1.33171,7.43582e+23,14.8716,0,0
147tb,65,147,50.6,0.9,112.2,(11/2-),2020.3,0.3,1969.7,,,,1,,0,1,0,1,1969.7,1,,unknown,1,,1.99217,,,,0,0
147tb,65,147,50.6,0.9,112.2,(11/2-),2045.95,0.23,1995.35,(7/2- 9/2 11/2+),,,1,,0.5,0.5,0,2.19151,2020.65,1.01268,,unknown,1,,2.01811,,,,0,0
147tb,65,147,50.6,0.9,112.2,(11/2-),2088.27,0.17,2037.67,(17/2+),,,1,E3,0,1,0,1.98404,2037.67,1,7.05369e-08,Weisskopf E3,1.5,0.000195859,2.06091,8.92758e-05,5.64567e+27,112913,0,0
147tb,65,147,50.6,0.9,112.2,(11/2-),2157.6,0.3,2107,,,,1,,0,1,0,1,2107,1,,unknown,1,,2.13103,,,,0,0
147tb,65,147,50.6,0.9,112.2,(11/2-),2179.7,0.4,2129.1,(11/2+),,,0,E1,1,0,0,3.1149,2179.7,1.02377,17.6943,Weisskopf E1,1,30001.5,2.15339,13088,2.45293e+19,0.000490585,0,0
147tb,65,147,50.6,0.9,112.2,(11/2-),2235.2,0.3,2184.6,,,,1,,0,1,0,1,2184.6,1,,unknown,1,,2.20952,,,,0,0
147tb,65,147,50.6,0.9,112.2,(11/2-),2320.3,0.3,2269.7,,,,1,,0,1,0,1,2269.7,1,,unknown,1,,2.29559,,,,0,0
147tb,65,147,50.6,0.9,112.2,(11/2-),2400.8,0.3,2350.2,,,,1,,0,1,0,1,2350.2,1,,unknown,1,,2.37701,,,,0,0
147tb,65,147,50.6,0.9,112.2,(11/2-),2485.8,0.3,2435.2,,,,1,,0,1,0,1,2435.2,1,,unknown,1,,2.46298,,,,0,0
147tb,65,147,50.6,0.9,112.2,(11/2-),2703.9,0.3,2653.3,,,,1,,0,1,0,1,2653.3,1,,unknown,1,,2.68356,,,,0,0
147tb,65,147,50.6,0.9,112.2,(11/2-),2814.6,0.3,2764,,,,1,,0,1,0,1,2764,1,,unknown,1,,2.79553,,,,0,0
148tb,65,148,90.1,0.3,132,(9)+,327.9,0.4,237.8,7+,4.5e-09,,1,E2,0,1,0,0.885191,237.8,1,1.01386e-07,measured,0.789474,0.0108792,0.239699,0.0426364,2.64961e+25,529.922,0,0
148tb,65,148,90.1,0.3,132,(9)+,406,0.4,315.9,8+,7e-10,LE,1,M1,0,1,0,1.04265,315.9,1,0.00116199,Weisskopf M1,0.894737,80.0759,0.318422,236.238,4.05987e+21,0.0811973,0,0
148tb,65,148,90.1,0.3,132,(9)+,1095.8,0.05,1005.7,(11)-,2.2e-08,,1,M2,0,1,0,1.51587,1005.7,1,1.04062e-08,measured,1.21053,9.57269e-05,1.01373,8.8708e-05,7.43662e+27,148732,0,0
148tb,65,148,90.1,0.3,132,(9)+,1249,0.5,1158.9,9-,,,0,E1,0,1,0,2.041,1158.9,1,2.86645,Weisskopf E1,1,16404.2,1.16815,13191.9,3.71406e+19,0.000742812,0,0
148tb,65,148,90.1,0.3,132,(9)+,1267,0.5,1176.9,10+,,,1,M1,0,1,0,1,1176.9,1,0.0600859,Weisskopf M1,1.10526,368.521,1.1863,291.823,3.42673e+21,0.0685347,0,0
148tb,65,148,90.1,0.3,132,(9)+,1295,0.5,1204.9,(8-),,,0,E1,0,1,0,1.96392,1204.9,1,3.22151,Weisskopf E1,0.894737,15260.1,1.21452,11803.3,4.31394e+19,0.000862787,0,0
148tb,65,148,90.1,0.3,132,(9)+,1305,0.5,1214.9,(7-),,,0,M2,0,1,0,2.04265,1214.9,1,1.70599e-06,Weisskopf M2,0.789474,0.00701354,1.2246,0.00538014,9.09938e+25,1819.88,0,0
148tb,65,148,90.1,0.3,132,(9)+,1484,0.5,1393.9,(10+),,,1,M1,0,1,0,1.52133,1393.9,1,0.0998271,Weisskopf M1,1.10526,436.47,1.40503,291.823,2.25247e+21,0.0450493,0,0
148tb,65,148,90.1,0.3,132,(9)+,1654,0.5,1563.9,(8+),,,1,M1,0.216017,0.783983,0,1.80717,1583.36,1.01245,0.140988,Weisskopf M1,0.894737,396.425,1.57639,236.238,2.34235e+21,0.0468471,0,0
148tb,65,148,90.1,0.3,132,(9)+,1723,0.5,1632.9,(9+),,,1,M1,1.11022e-16,1,0,1.64261,1632.9,1,0.160484,Weisskopf M1,1,462.611,1.64594,264.03,2.30574e+21,0.0461148,0,0
149tb,65,149,35.75,0.08,249.6,11/2-,460.48,0.07,424.73,7/2+,,,0,M2,1,0,0,1.51603,460.48,1.08417,8.94931e-09,Weisskopf M2,0.666667,0.0002542,0.426682,0.000559657,1.17861e+27,23572.3,0,0
149tb,65,149,35.75,0.08,249.6,11/2-,689.32,0.07,653.57,7/2-,,,1,E2,0,1,0,0.992605,653.57,1,4.52617e-06,Weisskopf E2,0.666667,0.0542948,0.656573,0.0776829,1.29687e+25,259.375,0,0
149tb,65,149,35.75,0.08,249.6,11/2-,822.35,0.16,786.6,15/2-,,,1,E2,0,1,0,0.995164,786.6,1,1.14298e-05,Weisskopf E2,1.33333,0.18931,0.790215,0.22505,4.46505e+24,89.301,0,0
149tb,65,149,35.75,0.08,249.6,11/2-,825.12,0.08,789.37,9/2-,,,1,M1,0,1,0,1.00374,789.37,1,0.0181299,Weisskopf M1,0.833333,186.361,0.792998,220.767,4.51276e+21,0.0902552,0,0
149tb,65,149,35.75,0.08,249.6,11/2-,840.73,0.11,804.98,13/2-,,,1,M1,0,1,0,0.993147,804.98,1,0.0192269,Weisskopf M1,1.16667,266.066,0.808679,309.074,3.25779e+21,0.0651558,0,0
149tb,65,149,35.75,0.08,249.6,11/2-,844.15,0.08,808.4,7/2+,,,0,M2,1,0,0,1.65611,844.15,1.04422,2.2354e-07,Weisskopf M2,0.666667,0.00175273,0.812115,0.00202744,2.97827e+26,5956.53,0,0
149tb,65,149,35.75,0.08,249.6,11/2-,872.45,0.09,836.7,(11/2)-,,,1,M1,0,1,0,1.00891,836.7,1,0.0215905,Weisskopf M1,1,237.043,0.840545,264.921,3.74137e+21,0.0748274,0,0
149tb,65,149,35.75,0.08,249.6,11/2-,970.42,0.09,934.67,7/2+,,,0,M2,1,0,0,1.54385,970.42,1.03825,4.61866e-07,Weisskopf M2,0.666667,0.00270901,0.938965,0.00271027,2.38991e+26,4779.83,0,0
149tb,65,149,35.75,0.08,249.6,11/2-,982.04,0.08,946.29,(9/2)+,,,0,E1,1,0,0,1.76612,982.04,1.03778,1.56758,Weisskopf E1,0.833333,11212.5,0.950639,11079.9,5.11025e+19,0.00102205,0,0
149tb,65,149,35.75,0.08,249.6,11/2-,1120.09,0.11,1084.34,(7/2)+,,,0,M2,1,0,0,1.66417,1120.09,1.03297,9.70626e-07,Weisskopf M2,0.666667,0.00422993,1.08932,0.00364776,1.64731e+26,3294.61,0,0
149tb,65,149,35.75,0.08,249.6,11/2-,1129.13,0.16,1093.38,15/2+,,,0,M2,0,1,0,1.9792,1093.38,1,1.01177e-06,Weisskopf M2,1.33333,0.00867321,1.0984,0.00741768,6.81149e+25,1362.3,0,0
149tb,65,149,35.75,0.08,249.6,11/2-,1133.61,0.14,1097.86,(9/2 11/2)+,,,1,,0,1,0,0.999001,1097.86,1,,unknown,1,,1.10291,,,,0,0
149tb,65,149,35.75,0.08,249.6,11/2-,1183.86,0.09,1148.11,9/2-,,,1,M1,1.11022e-16,1,0,1.87135,1148.11,1,0.0557833,Weisskopf M1,0.833333,271.056,1.15339,220.767,2.42053e+21,0.0484107,0,0
149tb,65,149,35.75,0.08,249.6,11/2-,1189.07,0.1,1153.32,(7/2)-,,,1,E2,0.502098,0.497902,0,1.71021,1171.27,1.01556,7.74496e-05,Weisskopf E2,0.666667,0.298354,1.15862,0.241903,2.41718e+24,48.3437,0,0
149tb,65,149,35.75,0.08,249.6,11/2-,1205.36,0.11,1169.61,(9/2)+,,,1,E1,0.573376,0.426624,0,1.76718,1190.11,1.01753,2.95992,Weisskopf E1,0.833333,13858.6,1.17498,11079.9,5.10719e+19,0.00102144,0,0
149tb,65,149,35.75,0.08,249.6,11/2-,1205.95,0.14,1170.2,(7/2 9/2)-,,,1,,0,1,0,1.29406,1170.2,1,,unknown,1,,1.17558,,,,0,0
149tb,65,149,35.75,0.08,249.6,11/2-,1272.72,0.1,1236.97,(9/2)+,,,1,E1,0.439995,0.560005,0,1.66301,1252.7,1.01272,3.50134,Weisskopf E1,0.833333,14656.7,1.24265,11079.9,5.4271e+19,0.00108542,0,0
149tb,65,149,35.75,0.08,249.6,11/2-,1381.92,0.08,1346.17,7/2-,,,1,E2,0.479152,0.520848,0,1.88463,1363.3,1.01272,0.000167791,Weisskopf E2,0.666667,0.474441,1.35236,0.329565,1.61002e+24,32.2004,0,0
149tb,65,149,35.75,0.08,249.6,11/2-,1420.55,0.11,1384.8,(9/2)-,,,1,M1,0.3047,0.6953,0,1.86786,1395.69,1.00787,0.0978847,Weisskopf M1,0.833333,326.936,1.39116,220.767,2.42505e+21,0.048501,0,0
149tb,65,149,35.75,0.08,249.6,11/2-,1426.13,0.09,1390.38,9/2-,,,1,M1,0,1,0,1.256,1390.38,1,0.0990728,Weisskopf M1,0.833333,328.253,1.39677,220.767,3.60641e+21,0.0721281,0,0
149tb,65,149,35.75,0.08,249.6,11/2-,1473.75,0.09,1438,(11/2)-,,,1,M1,0.0636642,0.936336,0,1.70905,1440.28,1.00158,0.109605,Weisskopf M1,1,407.395,1.44461,264.921,2.20866e+21,0.0441732,0,0
149tb,65,149,35.75,0.08,249.6,11/2-,1508.52,0.1,1472.77,(7/2)-,,,1,E2,0.730338,0.269662,0,1.85651,1498.88,1.01773,0.000262993,Weisskopf E2,0.666667,0.621279,1.47954,0.394468,1.3655e+24,27.3099,0,0
149tb,65,149,35.75,0.08,249.6,11/2-,1568.89,0.28,1533.14,(15/2-),,,0,E2,0,1,0,2.05586,1533.14,1,0.000321499,Weisskopf E2,1.33333,1.40171,1.54019,0.854939,5.68946e+23,11.3789,0,0
149tb,65,149,35.75,0.08,249.6,11/2-,1697.52,0.14,1661.77,9/2-,,,1,M1,0.00565948,0.994341,0,1.52815,1661.97,1.00012,0.169148,Weisskopf M1,0.833333,392.325,1.66941,220.767,2.96414e+21,0.0592827,0,0
149tb,65,149,35.75,0.08,249.6,11/2-,1735.43,0.11,1699.68,(7/2)-,,,1,E2,0.876706,0.123294,0,2.40986,1731.02,1.01844,0.000538401,Weisskopf E2,0.666667,0.954956,1.70749,0.525383,7.89826e+23,15.7965,0,0
149tb,65,149,35.75,0.08,249.6,11/2-,1776.61,0.1,1740.86,7/2-,,,1,E2,0.701272,0.298728,0,2.12519,1765.93,1.0144,0.000606861,Weisskopf E2,0.666667,1.02606,1.74886,0.551149,8.53753e+23,17.0751,0,0
149tb,65,149,35.75,0.08,249.6,11/2-,1841.62,0.08,1805.87,9/2-,,,1,M1,0.359469,0.640531,0,1.80644,1818.72,1.00712,0.217077,Weisskopf M1,0.833333,426.346,1.81417,220.767,2.50751e+21,0.0501501,0,0
149tb,65,149,35.75,0.08,249.6,11/2-,1852.03,0.14,1816.28,(7/2)-,,,1,E2,0.722783,0.277217,0,1.79358,1842.12,1.01423,0.000750213,Weisskopf E2,0.666667,1.16528,1.82463,0.599939,9.29337e+23,18.5867,0,0
149tb,65,149,35.75,0.08,249.6,11/2-,1883.08,0.08,1847.33,(9/2)-,,,1,M1,0.393943,0.606057,0,2.23628,1861.41,1.00762,0.232374,Weisskopf M1,0.833333,436.134,1.85582,220.767,2.02553e+21,0.0405106,0,0
149tb,65,149,35.75,0.08,249.6,11/2-,1928.15,0.16,1892.4,(7/2- 9/2-),,,1,,0.338177,0.661823,0,2.13186,1904.49,1.00639,,unknown,1,,1.9011,,,,0,0
149tb,65,149,35.75,0.08,249.6,11/2-,1953.13,0.09,1917.38,9/2-,,,1,M1,0.0555663,0.944434,0,1.64956,1919.37,1.00104,0.259823,Weisskopf M1,0.833333,452.672,1.92619,220.767,2.74598e+21,0.0549196,0,0
149tb,65,149,35.75,0.08,249.6,11/2-,2014.72,0.14,1978.97,(9/2)-,,,1,M1,0.16606,0.83394,0,2.11001,1984.91,1.003,0.285674,Weisskopf M1,0.833333,467.213,1.98806,220.767,2.14675e+21,0.0429349,0,0
149tb,65,149,35.75,0.08,249.6,11/2-,2026.31,0.1,1990.56,(7/2)-,,,0,E2,0.800419,0.199581,0,2.31108,2019.17,1.01438,0.00118617,Weisskopf E2,0.666667,1.53394,1.99971,0.720596,6.00471e+23,12.0094,0,0
149tb,65,149,35.75,0.08,249.6,11/2-,2065.36,0.07,2029.61,7/2-,,,1,E2,0.585096,0.414904,0,2.08079,2050.53,1.01031,0.00130717,Weisskopf E2,0.666667,1.626,2.03894,0.749146,6.41511e+23,12.8302,0,0
149tb,65,149,35.75,0.08,249.6,11/2-,2074.21,0.1,2038.46,7/2-,,,1,E2,0.691503,0.308497,0,1.90922,2063.18,1.01213,0.00133592,Weisskopf E2,0.666667,1.64736,2.04783,0.755694,6.93105e+23,13.8621,0,0
149tb,65,149,35.75,0.08,249.6,11/2-,2157.97,0.14,2122.22,(7/2)-,,,0,E2,0.354946,0.645054,0,2.35298,2134.91,1.00598,0.00163389,Weisskopf E2,0.666667,1.85889,2.13197,0.819072,5.18871e+23,10.3774,0,0
149tb,65,149,35.75,0.08,249.6,11/2-,2161.07,0.13,2125.32,(9/2)-,,,1,M1,0.153037,0.846963,0,2.01367,2130.79,1.00257,0.353856,Weisskopf M1,0.833333,501.764,2.13509,220.767,2.24945e+21,0.0449891,0,0
149tb,65,149,35.75,0.08,249.6,11/2-,2260.33,0.19,2224.58,(7/2- 9/2),,,1,,0.381679,0.618321,0,1.91284,2238.23,1.00613,,unknown,1,,2.2348,,,,0,0
149tb,65,149,35.75,0.08,249.6,11/2-,2352.29,0.19,2316.54,(7/2- 9/2),,,1,,0.331081,0.668919,0,1.84103,2328.38,1.00511,,unknown,1,,2.32719,,,,0,0
149tb,65,149,35.75,0.08,249.6,11/2-,2452.52,0.25,2416.77,(9/2-),,,1,M1,0,1,0,1.32092,2416.77,1,0.520307,Weisskopf M1,0.833333,570.573,2.42788,220.767,3.42915e+21,0.0685831,0,0
149tb,65,149,35.75,0.08,249.6,11/2-,2516.33,0.24,2480.58,(7/2-),,,1,E2,0.827504,0.172496,0,1.69671,2510.16,1.01193,0.00356481,Weisskopf E2,0.666667,2.96853,2.49198,1.11905,5.26677e+23,10.5335,0,0
149tb,65,149,35.75,0.08,249.6,11/2-,2566.08,0.29,2530.33,(7/2- 9/2),,,1,,0.70922,0.29078,0,2.0752,2555.68,1.01002,,unknown,1,,2.54196,,,,0,0
149tb,65,149,35.75,0.08,249.6,11/2-,2573.43,0.29,2537.68,(7/2- 9/2),,,1,,0.70922,0.29078,0,2.0752,2563.03,1.00999,,unknown,1,,2.54934,,,,0,0
149tb,65,149,35.75,0.08,249.6,11/2-,2661.42,0.29,2625.67,(9/2-),,,1,M1,0,1,0,1.68633,2625.67,1,0.667228,Weisskopf M1,0.833333,619.892,2.63774,220.767,2.68609e+21,0.0537219,0,0
150tb,65,150,461,27,348,9+,1054.95,0.24,593.95,(10+),,,1,M1,0,1,0,1,593.95,1,0.00772331,Weisskopf M1,1.10526,185.983,0.594687,293.788,3.40381e+21,0.0680763,0,0
150tb,65,150,461,27,348,9+,1219.8,0.24,758.8,(11+),,,1,E2,0,1,0,1,758.8,1,9.63341e-06,Weisskopf E2,1.21053,0.155669,0.759742,0.192481,5.19532e+24,103.906,0,0
150tb,65,150,461,27,348,9+,1293.55,0.24,832.55,(10-),,,1,E1,0,1,0,1,832.55,1,1.07232,Weisskopf E1,1.10526,13142.3,0.833583,14810.6,6.7519e+19,0.00135038,0,0
150tb,65,150,461,27,348,9+,1335.4,0.24,874.4,(11-),3.9e-10,,0,M2,0,1,0,2,874.4,1,3.32439e-07,Weisskopf M2,1.21053,0.00404547,0.875485,0.00434081,1.15186e+26,2303.72,0,0
151tb,65,151,99.53,0.05,25,(11/2-),485.63,0.05,386.1,(7/2-),,,1,E2,0.0199905,0.98001,0,0.977795,388.09,1.00515,3.31505e-07,Weisskopf E2,0.666667,0.0113947,0.385297,0.0277816,3.68125e+25,736.249,0,0
151tb,65,151,99.53,0.05,25,(11/2-),646,0.05,546.47,(9/2-),,,1,M1,0.00051458,0.999485,0,1.00429,546.521,1.00009,0.00601524,Weisskopf M1,0.833333,129.015,0.545334,222.244,4.48033e+21,0.0896067,0,0
151tb,65,151,99.53,0.05,25,(11/2-),703.82,0.11,604.29,(15/2-),,,1,E2,0,1,0,0.99108,604.29,1,3.11328e-06,Weisskopf E2,1.33333,0.0873714,0.603033,0.136106,7.41332e+24,148.266,0,0
151tb,65,151,99.53,0.05,25,(11/2-),887.55,0.13,788.02,(13/2-),,,1,M1,0,1,0,1.06484,788.02,1,0.0180371,Weisskopf M1,1.16667,260.46,0.786381,311.142,3.01827e+21,0.0603655,0,0
151tb,65,151,99.53,0.05,25,(11/2-),1082.61,0.08,983.08,(7/2-),,,0,E2,0.59132,0.40868,0,1.62743,1041.93,1.05987,3.54761e-05,Weisskopf E2,0.666667,0.188092,0.981036,0.180109,3.41164e+24,68.2327,0,0
151tb,65,151,99.53,0.05,25,(11/2-),1096.61,0.13,997.08,(15/2+),,,0,M2,0,1,0,2.01261,997.08,1,6.43777e-07,Weisskopf M2,1.33333,0.00663616,0.995006,0.0062653,7.93048e+25,1586.1,0,0
151tb,65,151,99.53,0.05,25,(11/2-),1119.38,0.08,1019.85,(7/2- 9/2),,,1,,0.749583,0.250417,0,1.854,1094.46,1.07315,,unknown,1,,1.01773,,,,0,0
151tb,65,151,99.53,0.05,25,(11/2-),1241.2,0.1,1141.67,(7/2- 9/2-),,,1,,0.0605582,0.939442,0,1.51705,1147.7,1.00528,,unknown,1,,1.1393,,,,0,0
151tb,65,151,99.53,0.05,25,(11/2-),1433.85,0.08,1334.32,(7/2-),,,1,E2,0.508199,0.491801,0,1.94945,1384.9,1.03791,0.000163415,Weisskopf E2,0.666667,0.470309,1.33155,0.331801,1.546e+24,30.92,0,0
151tb,65,151,99.53,0.05,25,(11/2-),1629.64,0.08,1530.11,(7/2- 9/2-),,,1,,0.260038,0.739962,0,2.16966,1555.99,1.01691,,unknown,1,,1.52693,,,,0,0
152tb,65,152,501.74,0.19,252,8+,600.3,0.05,98.56,9+,2e-09,LT,1,M1,0,1,0,1,98.56,1,3.52903e-05,Weisskopf M1,1.11765,31.2077,0.098031,299.054,3.34388e+21,0.0668776,0,1
152tb,65,152,501.74,0.19,252,8+,806.1,0.05,304.36,10+,2e-09,LT,1,E2,0,1,0,1.88496,304.36,1,1.01801e-07,Weisskopf E2,1.23529,0.010434,0.302726,0.032378,1.63851e+25,327.702,0,0
152tb,65,152,501.74,0.19,252,8+,1212.4,0.05,710.66,(9-),2e-09,LT,1,E1,0,1,0,1.29078,710.66,1,0.672843,Weisskopf E1,1.11765,11444.5,0.706845,15209.8,5.09359e+19,0.00101872,0,0
156tb,65,156,88.4,0.05,19080,(0+),100,0.5,11.6,1-,,,0,E1,0,0,1,0,0,0,2.9773e-06,Weisskopf E1,3,510.189,0.0113889,42082.5,,,1,1
156tb,65,156,88.4,0.05,19080,(0+),156,0.5,67.6,2-,,,0,M2,0,0,1,0,0,0,9.42433e-13,Weisskopf M2,5,7.92556e-06,0.0663695,0.000112179,,,0,1
156tb,65,156,100,0.5,87840,1-,156,0.5,56,2-,,,0,M1,0,0,1,0,0,0,6.47318e-06,Weisskopf M1,1.66667,26.442,0.0549807,451.787,,,0,1
156tb,65,156,100,0.5,87840,1-,188,0.5,88,3-,,,0,E2,0,0,1,0,0,0,2.12945e-10,Weisskopf E2,2.33333,0.000493154,0.0863982,0.00536202,,,0,1
158tb,65,158,110.3,1.2,10.7,0-,115.5,0.05,5.2,1-,,,0,M1,0,0,1,0,0,0,5.18279e-09,Weisskopf M1,3,4.41958,0.00507293,818.414,,,1,1
158tb,65,158,110.3,1.2,10.7,0-,167.4,0.05,57.1,2-,,,0,E2,0,0,1,0,0,0,2.49122e-11,Weisskopf E2,5,0.000293638,0.0557047,0.00495189,,,0,1
158tb,65,158,110.3,1.2,10.7,0-,178.9,0.05,68.6,1+,,,0,E1,0,0,1,0,0,0,0.000621026,Weisskopf E1,3,3042.88,0.0669237,42712.6,,,0,1
158tb,65,158,110.3,1.2,10.7,0-,207.8,0.05,97.5,2+,,,0,M2,0,0,1,0,0,0,5.93237e-12,Weisskopf M2,5,2.39824e-05,0.0951175,0.000236855,,,0,1
158tb,65,158,110.3,1.2,10.7,0-,419.3,0.05,309,(1+),,,0,E1,0,0,1,0,0,0,0.0567561,Weisskopf E1,3,13706.3,0.301449,42712.6,,,0,0
158tb,65,158,110.3,1.2,10.7,0-,487.3,0.05,377,(2+),,,0,M2,0,0,1,0,0,0,5.12757e-09,Weisskopf M2,5,0.00138644,0.367788,0.00354124,,,0,0
158tb,65,158,110.3,1.2,10.7,0-,638.7,0.05,528.4,2+,,,0,M2,0,0,1,0,0,0,2.77344e-08,Weisskopf M2,5,0.00381739,0.515488,0.00695662,,,0,0
158tb,65,158,110.3,1.2,10.7,0-,699.6,0.05,589.3,(1+),,,0,E1,0,0,1,0,0,0,0.393683,Weisskopf E1,3,26139.5,0.5749,42712.6,,,0,0
158tb,65,158,110.3,1.2,10.7,0-,709,0.5,598.7,2-,,,0,E2,0,0,1,0,0,0,3.15702e-06,Weisskopf E2,5,0.338479,0.58407,0.544399,,,0,0
158tb,65,158,110.3,1.2,10.7,0-,767.5,0.05,657.2,(2+),,,0,M2,0,0,1,0,0,0,8.25454e-08,Weisskopf M2,5,0.00734465,0.641141,0.0107614,,,0,0
158tb,65,158,110.3,1.2,10.7,0-,1068,0.5,957.7,1-,,,0,M1,0,0,1,0,0,0,0.0323774,Weisskopf M1,3,813.968,0.934298,818.414,,,0,0
158tb,65,158,110.3,1.2,10.7,0-,1110,0.5,999.7,2-,,,0,E2,0,0,1,0,0,0,4.09807e-05,Weisskopf E2,5,1.57584,0.975271,1.51788,,,0,0
162tb,65,162,285.5,3.2,600,(4-),310,1,24.5,5-,,,0,M1,0,0,1,0,0,0,5.42066e-07,Weisskopf M1,1.22222,8.48346,0.0236044,337.622,,,1,1
162tb,65,162,285.5,3.2,600,(4-),434,1,148.5,(5)-,,,0,M1,0,0,1,0,0,0,0.000120707,Weisskopf M1,1.22222,51.4202,0.143072,337.622,,,0,0
162tb,65,162,285.5,3.2,600,(4-),550,1,264.5,(6)-,,,0,E2,0,0,1,0,0,0,5.49335e-08,Weisskopf E2,1.44444,0.00871745,0.254831,0.0321357,,,0,0
162tb,65,162,285.5,3.2,600,(4-),570,2,284.5,(6)+,,,0,M2,0,0,1,0,0,0,1.27601e-09,Weisskopf M2,1.44444,0.000175023,0.2741,0.000599841,,,0,0
143dy,66,143,310.7,0.6,3,(11/2-),405.7,0.05,95,,1.2e-06,,1,,0,0.5,0.5,1,47.5,0.5,1.90099e-10,measured,1,0.000161896,0.0974182,0.00156116,6.40551e+26,12811,0,1
143dy,66,143,310.7,0.6,3,(11/2-),433.3,0.7,122.6,,,,1,,0,1,0,1,122.6,1,,unknown,1,,0.125721,,,,0,0
143dy,66,143,310.7,0.6,3,(11/2-),471.8,0.5,161.1,(7/2-),,,1,E2,0.75188,0.24812,0,2.12782,394.709,2.45009,3.89895e-09,Weisskopf E2,0.666667,0.000769783,0.165201,0.00437731,1.07364e+26,2147.28,0,0
143dy,66,143,310.7,0.6,3,(11/2-),693.6,0.5,382.9,(11/2-),,,0,M1,0.75188,0.24812,0,3.12782,616.509,1.6101,0.00206924,Weisskopf M1,1,108.478,0.392646,259.532,1.23188e+21,0.0246375,0,0
143dy,66,143,310.7,0.6,3,(11/2-),805.9,0.6,495.2,(15/2-),,,1,E2,0,1,0,1,495.2,1,1.06997e-06,Weisskopf E2,1.33333,0.044715,0.507805,0.0827194,1.20891e+25,241.781,0,0
143dy,66,143,310.7,0.6,3,(11/2-),845.5,0.5,534.8,(11/2-),,,0,M1,0.75188,0.24812,0,3.13772,768.409,1.43682,0.00563804,Weisskopf M1,1,151.512,0.548413,259.532,1.22799e+21,0.0245598,0,0
143dy,66,143,310.7,0.6,3,(11/2-),923.1,0.6,612.4,,,,1,,0,1,0,1,612.4,1,,unknown,1,,0.627988,,,,0,0
143dy,66,143,310.7,0.6,3,(11/2-),1010.6,0.6,699.9,(13/2-),,,1,M1,0,1,0,1.84034,699.9,1,0.0126375,Weisskopf M1,1.16667,231.334,0.717715,302.787,1.79459e+21,0.0358918,0,0
143dy,66,143,310.7,0.6,3,(11/2-),1044.2,0.5,733.5,(15/2-),,,0,E2,0.75188,0.24812,0,4.128,967.109,1.31849,7.62905e-06,Weisskopf E2,1.33333,0.145316,0.752171,0.181487,1.33479e+24,26.6958,0,0
143dy,66,143,310.7,0.6,3,(11/2-),1409.7,0.5,1099,(15/2-),,,0,E2,0.75188,0.24812,0,4.17946,1332.61,1.21257,5.76048e-05,Weisskopf E2,1.33333,0.48877,1.12697,0.407419,5.87271e+23,11.7454,0,0
143dy,66,143,310.7,0.6,3,(11/2-),2091.6,0.6,1780.9,(13/2+),,,0,E1,0.75188,0.24812,0,5.17946,2014.51,1.13117,10.1666,Weisskopf E1,1.16667,28743.9,1.82623,14785.7,1.3058e+19,0.000261159,0,0
145dy,66,145,118.2,0.2,14.1,(11/2-),431.1,0.2,312.9,(9/2-),,,1,M1,0,1,0,1,312.9,1,0.0011292,Weisskopf M1,0.833333,73.8722,0.318644,217.784,4.59171e+21,0.0918342,0,0
145dy,66,145,118.2,0.2,14.1,(11/2-),681.5,0.3,563.3,(15/2-),,,1,E2,0,1,0,1,563.3,1,2.07592e-06,Weisskopf E2,1.33333,0.0670461,0.573641,0.109795,9.10785e+24,182.157,0,0
145dy,66,145,118.2,0.2,14.1,(11/2-),740.2,0.2,622,(7/2-),,,1,E2,0.689655,0.310345,0,1.96086,703.517,1.13106,3.40773e-06,Weisskopf E2,0.666667,0.0451331,0.633418,0.0669353,7.61899e+24,152.38,0,0
145dy,66,145,118.2,0.2,14.1,(11/2-),818.7,0.3,700.5,(13/2-),,,1,M1,0,1,0,1.42857,700.5,1,0.01267,Weisskopf M1,1.16667,231.532,0.71336,304.897,2.29585e+21,0.0459171,0,0
145dy,66,145,118.2,0.2,14.1,(11/2-),1142,0.2,1023.8,(9/2-),,,0,M1,0.689655,0.310345,0,2.96086,1105.32,1.07962,0.0395548,Weisskopf M1,0.833333,241.708,1.04259,217.784,1.5508e+21,0.031016,0,0
147dy,66,147,750.5,0.4,55.2,(11/2-),1145,0.3,394.5,(7/2-),,,1,E2,0.865187,0.134813,0,1.90556,1043.82,2.64594,3.56189e-07,Weisskopf E2,0.666667,0.0117273,0.399,0.0276106,1.90065e+25,380.13,0,0
147dy,66,147,750.5,0.4,55.2,(11/2-),1335.7,0.4,585.2,(7/2+),,,0,M2,1,0,0,1.13323,1335.7,2.28247,4.40386e-08,Weisskopf M2,0.666667,0.000658926,0.591875,0.00104582,8.43772e+26,16875.4,0,0
147dy,66,147,750.5,0.4,55.2,(11/2-),1924.6,0.4,1174.1,(9/2-),,,0,M1,0.912083,0.0879169,0,2.90782,1858.62,1.58302,0.0596581,Weisskopf M1,0.833333,277.192,1.18749,219.281,1.56831e+21,0.0313662,0,0
147dy,66,147,750.5,0.4,55.2,(11/2-),2404,0.8,1653.5,(15/2-),,,1,E2,0,1,0,0.998742,1653.5,1,0.000460751,Weisskopf E2,1.33333,1.72703,1.67236,0.970108,1.03211e+24,20.6422,0,0
147dy,66,147,750.5,0.4,55.2,(11/2-),2462,0.8,1711.5,(15/2+),,,1,M2,0,1,0,1.30507,1711.5,1,9.42316e-06,Weisskopf M2,1.33333,0.0329674,1.73102,0.0178909,4.28284e+25,856.569,0,0
165dy,66,165,108.156,0.0013,75.42,1/2-,158.589,0.0013,50.4333,(3/2)-,1.8e-09,,1,M1,0,1,0,0.111111,50.4333,1,2.53465e-07,measured,2,1.53185,0.0481459,29.8887,3.01117e+23,6.02233,0,1
165dy,66,165,108.156,0.0013,75.42,1/2-,180.924,0.0013,72.7675,(5/2)-,2.5e-09,,1,E2,0,1,0,0.0993863,72.7675,1,1.76961e-07,measured,3,0.770595,0.0694672,10.4207,9.65554e+23,19.3111,0,1
165dy,66,165,108.156,0.0013,75.42,1/2-,184.255,0.0012,76.099,5/2-,1e-09,,0,E2,1,0,0,0.94304,184.255,2.42126,1.10976e-10,Weisskopf E2,3,0.00044187,0.0726476,0.00571379,1.85586e+26,3711.72,0,1
165dy,66,165,108.156,0.0013,75.42,1/2-,533.494,0.0013,425.337,5/2-,,,1,E2,0.829966,0.170034,0,1.66689,515.104,1.21105,6.05344e-07,Weisskopf E2,3,0.0771541,0.406047,0.178498,3.36094e+24,67.2187,0,0
165dy,66,165,108.156,0.0013,75.42,1/2-,538.636,0.0013,430.479,3/2+,,,1,E1,0.87031,0.12969,0,1.03264,524.609,1.21866,0.157959,Weisskopf E1,2,13103.1,0.410955,29952.3,3.23312e+19,0.000646625,0,0
165dy,66,165,108.156,0.0013,75.42,1/2-,570.262,0.0016,462.106,(1/2)-,,,1,M1,0.458926,0.541074,0,1.45303,511.741,1.10741,0.00363729,Weisskopf M1,1,130.918,0.441147,278.782,2.46866e+21,0.0493731,0,0
165dy,66,165,108.156,0.0013,75.42,1/2-,573.585,0.0016,465.429,(3/2)-,,,1,M1,0.00290037,0.9971,0,1.02274,465.743,1.00067,0.00371633,Weisskopf M1,2,263.718,0.44432,557.564,1.75364e+21,0.0350727,0,0
165dy,66,165,108.156,0.0013,75.42,1/2-,583.997,0.0013,475.841,5/2+,,,0,M2,0.906403,0.0935969,0,1.10735,573.874,1.20602,1.6907e-08,Weisskopf M2,3,0.00172173,0.45426,0.00356051,2.5363e+26,5072.61,0,0
165dy,66,165,108.156,0.0013,75.42,1/2-,605.097,0.0015,496.941,(3/2)-,,,1,M1,0.225579,0.774421,0,1.19729,521.338,1.0491,0.00452342,Weisskopf M1,2,281.573,0.474402,557.564,1.49798e+21,0.0299596,0,0
165dy,66,165,108.156,0.0013,75.42,1/2-,628.838,0.0016,520.682,(5/2)-,,,1,E2,0.00148249,0.998518,0,1.13031,520.843,1.00031,1.66417e-06,Weisskopf E2,3,0.141539,0.497067,0.267493,3.30743e+24,66.1485,0,0
165dy,66,165,108.156,0.0013,75.42,1/2-,658,0.0015,549.843,(5/2)-,,,1,E2,0.12838,0.87162,0,1.21949,563.729,1.02525,2.18539e-06,Weisskopf E2,3,0.166677,0.524906,0.298294,2.74902e+24,54.9805,0,0
165dy,66,165,108.156,0.0013,75.42,1/2-,911.973,0.0021,803.817,5/2+,,,0,M2,0.995258,0.00474167,0,1.03661,911.461,1.13392,2.32564e-07,Weisskopf M2,3,0.00829951,0.767361,0.0101602,9.49467e+25,1898.93,0,0
165dy,66,165,108.156,0.0013,75.42,1/2-,1016.08,0.0021,907.919,(5/2+),,,0,M2,0.987655,0.0123446,0,1.40631,1014.74,1.11765,4.27556e-07,Weisskopf M2,3,0.0119598,0.866742,0.0129623,5.48574e+25,1097.15,0,0
165dy,66,165,108.156,0.0013,75.42,1/2-,1080.04,0.0017,971.884,(1/2 3/2)-,,,1,,0.295479,0.704521,0,2.09628,1003.84,1.03288,,unknown,1,,0.927805,,,,0,0
165dy,66,165,108.156,0.0013,75.42,1/2-,1088.01,0.0018,979.855,(3/2-),,,1,M1,0.224213,0.775787,0,1.39325,1004.11,1.02475,0.0346768,Weisskopf M1,2,555.199,0.935415,557.564,1.28729e+21,0.0257458,0,0
165dy,66,165,108.156,0.0013,75.42,1/2-,1103.05,0.0017,994.889,(3/2)-,,,1,M1,0.324055,0.675945,0,1.64343,1029.94,1.03523,0.0362976,Weisskopf M1,2,563.717,0.949767,557.564,1.09133e+21,0.0218265,0,0
165dy,66,165,108.156,0.0013,75.42,1/2-,1108.2,0.0019,1000.05,(3/2)+,,,0,E1,0.658547,0.341453,0,1.77276,1071.27,1.07122,1.98037,Weisskopf E1,2,30439.7,0.954689,29952.3,1.88331e+19,0.000376661,0,0
165dy,66,165,108.156,0.0013,75.42,1/2-,1135.81,0.0028,1027.66,(5/2-),,,1,E2,0.203455,0.796545,0,1.41354,1049.66,1.02141,4.98394e-05,Weisskopf E2,3,1.08818,0.981048,1.04199,6.78938e+23,13.5788,0,0
165dy,66,165,108.156,0.0013,75.42,1/2-,1140.87,0.0027,1032.71,(3/2+),,,1,E1,0.233237,0.766763,0,1.92065,1057.94,1.02443,2.18084,Weisskopf E1,2,31434,0.985873,29952.3,1.73829e+19,0.000347658,0,0
165dy,66,165,108.156,0.0013,75.42,1/2-,1158.12,0.0022,1049.96,(5/2+),,,0,M2,0.742826,0.257174,0,1.7382,1130.3,1.07652,8.84355e-07,Weisskopf M2,3,0.0184971,1.00234,0.0173355,3.31867e+25,663.734,0,0
165dy,66,165,108.156,0.0013,75.42,1/2-,1166.89,0.0023,1058.74,(3/2)-,,,0,M1,0.203586,0.796414,0,2.10091,1080.76,1.0208,0.0437439,Weisskopf M1,2,599.894,1.01072,557.564,8.53683e+20,0.0170737,0,0
165dy,66,165,108.156,0.0013,75.42,1/2-,1197,0.5,1088.84,5/2-,,,0,E2,0,0,1,0,0,0,6.65521e-05,Weisskopf E2,3,1.29436,1.03946,1.16976,,,0,0
165dy,66,165,108.156,0.0013,75.42,1/2-,1218.36,0.0025,1110.2,(5/2+),,,0,M2,0.109343,0.890657,0,2.05577,1122.03,1.01065,1.16886e-06,Weisskopf M2,3,0.0218667,1.05985,0.0193816,2.50977e+25,501.954,0,0
165dy,66,165,108.156,0.0013,75.42,1/2-,1309.3,0.004,1201.15,(3/2- 5/2-),,,1,,0.845756,0.154244,0,1.89997,1292.62,1.07616,,unknown,1,,1.14667,,,,0,0
165dy,66,165,108.156,0.0013,75.42,1/2-,1320.81,0.006,1212.65,(1/2- 3/2 5/2-),,,1,,0.36543,0.63457,0,1.44355,1252.18,1.03259,,unknown,1,,1.15766,,,,0,0
165dy,66,165,108.156,0.0013,75.42,1/2-,1337.1,0.004,1228.95,(1/2+ 3/2+),,,1,,0.0148091,0.985191,0,1.16765,1230.55,1.0013,,unknown,1,,1.17321,,,,0,0
165dy,66,165,108.156,0.0013,75.42,1/2-,1376.34,0.003,1268.18,(3/2+),,,1,E1,0.324005,0.675995,0,1.454,1303.23,1.02763,4.03862,Weisskopf E1,2,38601.4,1.21066,29952.3,2.29619e+19,0.000459237,0,0
165dy,66,165,108.156,0.0013,75.42,1/2-,1380.89,0.004,1272.73,(5/2+),,,0,M2,0.102593,0.897407,0,1.55925,1283.83,1.00872,2.3144e-06,Weisskopf M2,3,0.032945,1.21501,0.0254719,2.51782e+25,503.563,0,0
165dy,66,165,108.156,0.0013,75.42,1/2-,1400.27,0.0033,1292.12,(3/2+),,,1,E1,0.0559895,0.944011,0,1.27681,1298.17,1.00469,4.27164,Weisskopf E1,2,39330,1.23352,29952.3,2.61483e+19,0.000522966,0,0
165dy,66,165,108.156,0.0013,75.42,1/2-,1440.47,0.015,1332.31,(5/2+),,,0,M2,0.860846,0.139154,0,1.97573,1425.42,1.06988,2.9093e-06,Weisskopf M2,3,0.037792,1.27189,0.0279127,1.8133e+25,362.66,0,0
165dy,66,165,108.156,0.0013,75.42,1/2-,1464.85,0.0024,1356.69,(3/2)-,,,0,M1,0.752994,0.247006,0,2.29576,1438.13,1.06003,0.0920446,Weisskopf M1,2,768.72,1.29516,557.564,7.81231e+20,0.0156246,0,0
165dy,66,165,108.156,0.0013,75.42,1/2-,1479.13,0.0024,1370.98,(3/2- 5/2-),,,1,,0.0502278,0.949772,0,1.62969,1376.41,1.00396,,unknown,1,,1.3088,,,,0,0
165dy,66,165,108.156,0.0013,75.42,1/2-,1482.06,0.005,1373.9,(5/2-),,,1,E2,0.346747,0.653253,0,1.69136,1411.41,1.0273,0.000212871,Weisskopf E2,3,2.60033,1.31159,1.86243,3.17456e+23,6.34912,0,0
165dy,66,165,108.156,0.0013,75.42,1/2-,1652.4,0.5,1544.24,5/2-,,,0,E2,0,0,1,0,0,0,0.000381868,Weisskopf E2,3,3.69237,1.47421,2.35287,,,0,0
165dy,66,165,108.156,0.0013,75.42,1/2-,1773.22,0.16,1665.06,(1/2 3/2 5/2-),,,1,,0.121316,0.878684,0,1.17223,1678.18,1.00788,,unknown,1,,1.58955,,,,0,0
165dy,66,165,108.156,0.0013,75.42,1/2-,1814.19,0.18,1706.03,(3/2),,,1,,-2.22045e-16,1,0,1.06371,1706.03,1,,unknown,2,,1.62866,,,,0,0
165dy,66,165,108.156,0.0013,75.42,1/2-,2271.21,0.25,2163.05,(1/2- 3/2),,,1,,0,1,0,1.07017,2163.05,1,,unknown,1,,2.06495,,,,0,0
165dy,66,165,108.156,0.0013,75.42,1/2-,2475.79,0.29,2367.63,(1/2 3/2),,,1,,0.229463,0.770537,0,1.72651,2392.45,1.01048,,unknown,1,,2.26025,,,,0,0
165dy,66,165,108.156,0.0013,75.42,1/2-,2547.53,0.25,2439.37,(1/2 3/2),,,1,,0.00096679,0.999033,0,1.37795,2439.48,1.00004,,unknown,1,,2.32874,,,,0,0
165dy,66,165,108.156,0.0013,75.42,1/2-,2610.04,0.29,2501.88,(1/2 3/2),,,1,,0.00145018,0.99855,0,1.51137,2502.04,1.00006,,unknown,1,,2.38841,,,,0,0
165dy,66,165,108.156,0.0013,75.42,1/2-,2765.37,0.21,2657.21,(1/2- 3/2),,,1,,0.174642,0.825358,0,1.45318,2676.1,1.00711,,unknown,1,,2.5367,,,,0,0
165dy,66,165,108.156,0.0013,75.42,1/2-,2783.72,0.29,2675.56,(1/2- 3/2),,,1,,0,1,0,1.04969,2675.56,1,,unknown,1,,2.55422,,,,0,0
165dy,66,165,108.156,0.0013,75.42,1/2-,2852.64,0.25,2744.48,(1/2 3/2),,,1,,0.443079,0.556921,0,1.82856,2792.41,1.01746,,unknown,1,,2.62001,,,,0,0
165dy,66,165,108.156,0.0013,75.42,1/2-,2874.43,0.29,2766.27,(1/2 3/2),,,1,,0.229463,0.770537,0,1.72651,2791.09,1.00897,,unknown,1,,2.64081,,,,0,0
165dy,66,165,108.156,0.0013,75.42,1/2-,2943.54,0.29,2835.38,(1/2 3/2),,,1,,0.00145018,0.99855,0,1.51137,2835.54,1.00006,,unknown,1,,2.70679,,,,0,0
165dy,66,165,108.156,0.0013,75.42,1/2-,2982.73,0.22,2874.57,(1/2- 3/2),,,1,,0.114732,0.885268,0,1.41588,2886.98,1.00432,,unknown,1,,2.7442,,,,0,0
165dy,66,165,108.156,0.0013,75.42,1/2-,3051.82,0.25,2943.66,(1/2- 3/2),,,1,,0.00096679,0.999033,0,1.37404,2943.77,1.00004,,unknown,1,,2.81016,,,,0,0
149ho,67,149,48.8,0.2,56,(1/2+),220.23,0.22,171.43,(3/2+),,,1,M1,0,1,0,0.63857,171.43,1,0.000185701,Weisskopf M1,2,97.1345,0.172218,529.842,2.9556e+21,0.059112,0,0
149ho,67,149,48.8,0.2,56,(1/2+),564.17,0.23,515.37,(5/2+),,,1,E2,0,1,0,1.48031,515.37,1,1.37996e-06,Weisskopf E2,3,0.119799,0.517738,0.217366,3.10781e+24,62.1562,0,0
149ho,67,149,48.8,0.2,56,(1/2+),1797.3,0.23,1748.5,(3/2+),,,1,M1,0,1,0,1.19972,1748.5,1,0.197038,Weisskopf M1,2,990.723,1.75654,529.842,1.57317e+21,0.0314634,0,0
151ho,67,151,41,0.2,47.2,(1/2+),141.12,0.22,100.12,(3/2+),,,1,M1,0,1,0,0.277778,100.12,1,3.69927e-05,Weisskopf M1,2,56.7293,0.0999118,533.386,6.74934e+21,0.134987,0,0
151ho,67,151,41,0.2,47.2,(1/2+),397.6,0.24,356.6,(5/2+),,,0,E2,0,1,0,1.12024,356.6,1,2.22791e-07,Weisskopf E2,3,0.040398,0.355858,0.106643,8.37061e+24,167.412,0,0
152ho,67,152,160,1,49.8,9+,219.71,0.09,59.71,(8)+,,,1,M1,0,1,0,0.0555556,59.71,1,7.84684e-06,Weisskopf M1,0.894737,15.1356,0.0593895,239.409,7.51852e+22,1.5037,0,1
152ho,67,152,160,1,49.8,9+,576.22,0.11,416.22,(9+),,,0,M1,0,1,0,0.990135,416.22,1,0.0026578,Weisskopf M1,1,117.918,0.413986,267.575,3.77451e+21,0.0754902,0,0
152ho,67,152,160,1,49.8,9+,706.01,0.13,546.01,(10+),,,1,M1,0,1,0,1.35481,546.01,1,0.00600006,Weisskopf M1,1.10526,170.971,0.543079,295.74,2.4958e+21,0.049916,0,0
152ho,67,152,160,1,49.8,9+,919.43,0.14,759.43,11+,,,1,E2,0,1,0,0.994233,759.43,1,9.84583e-06,Weisskopf E2,1.21053,0.158838,0.755354,0.19754,5.09164e+24,101.833,0,0
152ho,67,152,160,1,49.8,9+,1345.64,0.12,1185.64,(11+),,,1,E2,0,1,0,2.06804,1185.64,1,9.13225e-05,Weisskopf E2,1.21053,0.604434,1.17928,0.481487,1.00428e+24,20.0857,0,0
153ho,67,153,68.7,0.3,558,1/2+,256.7,0.4,188,(3/2+),,,1,M1,0,1,0,0.694927,188,1,0.000244922,Weisskopf M1,2,106.523,0.186379,536.907,2.68017e+21,0.0536034,0,0
153ho,67,153,68.7,0.3,558,1/2+,634.2,0.4,565.5,(5/2+),,,1,E2,0,1,0,1.57819,565.5,1,2.27391e-06,Weisskopf E2,3,0.163958,0.560623,0.274734,2.30636e+24,46.1273,0,0
156ho,67,156,52.37,0.005,9.5,1-,82.23,0.005,29.86,2-,1.38e-09,,1,M1,0.0279867,0.972013,0,0.0647604,31.3257,1.04908,3.21354e-07,measured,1.66667,4.61696,0.0293165,147.943,1.04375e+23,2.08749,1,1
156ho,67,156,52.37,0.005,9.5,1-,91,0.5,38.63,1+,,,0,E1,0.0279867,0.972013,0,0.148094,40.0957,1.03794,0.000109957,Weisskopf E1,1,566.339,0.0379268,14027.5,4.81374e+20,0.00962749,0,1
156ho,67,156,52.37,0.005,9.5,1-,117.58,0.005,65.21,1+,5.8e-08,,1,E1,0.0278115,0.972188,0,0.558506,66.6665,1.02234,4.92361e-11,measured,1,8.89935e-05,0.064023,0.00130579,1.3712e+27,27423.9,0,1
156ho,67,156,52.37,0.005,9.5,1-,215.74,0.005,163.37,1-,,,0,M1,0.0279867,0.972013,0,0.530961,164.836,1.00897,0.00016072,Weisskopf M1,1,46.2838,0.160396,271.072,6.94788e+21,0.138958,0,0
158ho,67,158,67.2,0.01,1680,2-,74.897,0.011,7.697,2+,6e-08,,1,E1,0,1,0,0.0660502,7.697,1,7.60396e-09,measured,1,0.986507,0.00750892,123.417,1.22674e+23,2.45348,1,1
158ho,67,158,67.2,0.01,1680,2-,91.595,0.012,24.395,1- 2- 3-,1.4e-07,,1,,0,1,0,0.0284091,24.395,1,3.25884e-09,measured,1,0.0420886,0.0237989,1.66134,2.11877e+25,423.754,1,1
158ho,67,158,67.2,0.01,1680,2-,125.62,0.05,58.42,(2+),,,0,E1,0,1,0,0.107717,58.42,1,0.00038355,Weisskopf E1,1,863.777,0.0569925,14237.5,6.52051e+20,0.013041,0,1
158ho,67,158,67.2,0.01,1680,2-,137.099,0.025,69.899,(2-),,,1,M1,1.11022e-16,1,0,0.0559197,69.899,1,1.25883e-05,Weisskopf M1,1,19.8029,0.068191,272.805,6.55516e+22,1.31103,0,1
158ho,67,158,67.2,0.01,1680,2-,146.801,0.011,79.601,1+,1.85e-09,,1,E1,0,1,0,0.195542,79.601,1,4.45513e-10,measured,0.6,0.000324248,0.0776559,0.00392242,1.30379e+27,26075.7,0,1
158ho,67,158,67.2,0.01,1680,2-,255.034,0.018,187.834,(3+),,,0,E1,0,1,0,0.479637,187.834,1,0.0127485,Weisskopf E1,1.4,3888.14,0.183244,19932.6,1.04598e+20,0.00209196,0,0
158ho,67,158,67.2,0.01,1680,2-,385.708,0.019,318.508,1+,,,0,E1,0,1,0,1.02383,318.508,1,0.0621582,Weisskopf E1,0.6,2825.61,0.310725,8542.52,1.14337e+20,0.00228674,0,0
158ho,67,158,67.2,0.01,1680,2-,433.168,0.021,365.968,1+,,,0,E1,0,1,0,1.00568,365.968,1,0.0942902,Weisskopf E1,0.6,3246.64,0.357025,8542.52,1.16401e+20,0.00232802,0,0
158ho,67,158,67.2,0.01,1680,2-,461.698,0.022,394.498,1+,,,0,E1,0,1,0,1.01845,394.498,1,0.118106,Weisskopf E1,0.6,3499.74,0.384858,8542.52,1.14941e+20,0.00229881,0,0
158ho,67,158,67.2,0.01,1680,2-,810.88,0.08,743.68,(1+),,,0,E1,0,1,0,1.78003,743.68,1,0.791217,Weisskopf E1,0.6,6597.47,0.725507,8542.52,6.57638e+19,0.00131528,0,0
158ho,67,158,180,0.5,1278,(9+),207.7,0.05,27.7,(8-),,,0,E1,0,0,1,0,0,0,4.08862e-05,Weisskopf E1,0.894737,366.45,0.0270231,12738.9,,,1,1
158ho,67,158,180,0.5,1278,(9+),225,0.5,45,(7+),,,0,E2,1,0,0,1.5,225,5,7.57345e-12,Weisskopf E2,0.789474,2.26939e-05,0.0439004,0.000485615,1.37283e+27,27456.6,0,1
158ho,67,158,180,0.5,1278,(9+),278.5,0.05,98.5,(9-),,,0,E1,0,0,1,1,0,0,0.00183842,Weisskopf E1,1,1456.39,0.0960931,14237.5,7.02369e+19,0.00140474,0,1
158ho,67,158,180,0.5,1278,(9+),279.2,0.05,99.2,(7+),,,0,E2,1,0,0,1.5,279.2,2.81452,3.94266e-10,Weisskopf E2,0.789474,0.000243112,0.096776,0.00235988,2.825e+26,5650,0,1
158ho,67,158,180,0.5,1278,(9+),328.4,0.2,148.4,(7-),,,0,M2,1,0,0,2.90301,328.4,2.21294,4.8459e-11,Weisskopf M2,0.789474,1.3352e-05,0.144774,8.6638e-05,3.97597e+27,79519.5,0,0
158ho,67,158,180,0.5,1278,(9+),359.3,0.05,179.3,(8+),,,0,M1,1,0,0,2.33333,359.3,2.0039,0.000212469,Weisskopf M1,0.894737,45.4498,0.174919,244.088,1.75581e+21,0.0351161,0,0
158ho,67,158,180,0.5,1278,(9+),368,0.5,188,(8+),,,0,M1,1,0,0,2.25,368,1.95745,0.000244922,Weisskopf M1,0.894737,47.6552,0.183406,244.088,1.82084e+21,0.0364167,0,0
158ho,67,158,180,0.5,1278,(9+),379,0.5,199,(10-),,,0,E1,0,0,1,1.5,0,0,0.0151599,Weisskopf E1,1.10526,3252.06,0.194137,15736.2,4.23651e+19,0.000847302,0,0
158ho,67,158,180,0.5,1278,(9+),405,0.5,225,(10+),,,1,M1,0,1,0,1,225,1,0.000419857,Weisskopf M1,1.10526,70.4539,0.219502,301.521,3.31652e+21,0.0663304,0,0
158ho,67,158,180,0.5,1278,(9+),443.5,0.2,263.5,(8-),,,0,E1,1,0,0,3.45692,443.5,1.68311,0.0351948,Weisskopf E1,0.894737,3485.91,0.257061,12738.9,2.27081e+19,0.000454162,0,0
158ho,67,158,180,0.5,1278,(9+),454.4,0.05,274.4,(9+),,,0,M1,0.666667,0,0.333333,2.27778,302.933,1.10398,0.000761563,Weisskopf M1,1,77.7393,0.267695,272.805,1.6093e+21,0.032186,0,0
158ho,67,158,180,0.5,1278,(9+),493.9,0.05,313.9,(11-),,,0,M2,0,0,1,2.25,0,0,2.05193e-09,Weisskopf M2,1.21053,0.000193757,0.30623,0.000594374,7.47752e+26,14955,0,0
158ho,67,158,180,0.5,1278,(9+),531.5,0.05,351.5,(9+),,,0,M1,1,0,0,2.875,531.5,1.51209,0.00160077,Weisskopf M1,1,99.5823,0.342911,272.805,1.275e+21,0.0255,0,0
158ho,67,158,180,0.5,1278,(9+),582.2,0.05,402.2,(10+),,,0,M1,0.555556,0,0.444444,2.87037,323.444,0.804188,0.00239817,Weisskopf M1,1.10526,125.94,0.392372,301.521,1.15543e+21,0.0231087,0,0
158ho,67,158,180,0.5,1278,(9+),602.8,0.2,422.8,(9-),,,0,E1,1,0,0,4.30732,602.8,1.42573,0.145393,Weisskopf E1,1,6251.37,0.412468,14237.5,1.63064e+19,0.000326128,0,0
158ho,67,158,180,0.5,1278,(9+),652,0.5,472,(11+),,,1,E2,0,1,0,1.5,472,1,9.61483e-07,Weisskopf E2,1.21053,0.0401545,0.460466,0.0819195,8.13807e+24,162.761,0,0
158ho,67,158,180,0.5,1278,(9+),715.8,0.05,535.8,(10+),,,0,M1,1,0,0,3.5625,715.8,1.33595,0.00566972,Weisskopf M1,1.10526,167.774,0.522707,301.521,9.30953e+20,0.0186191,0,0
158ho,67,158,180,0.5,1278,(9+),735.7,0.05,555.7,(11+),,,0,E2,0.407407,0,0.592593,3.21605,299.73,0.539373,2.17487e-06,Weisskopf E2,1.21053,0.0655284,0.542121,0.113549,2.73838e+24,54.7675,0,0
158ho,67,158,180,0.5,1278,(9+),768.9,0.2,588.9,(10-),,,0,E1,1,0,0,4.91909,768.9,1.30565,0.392882,Weisskopf E1,1.10526,9623.82,0.57451,15736.2,1.29186e+19,0.000258371,0,0
158ho,67,158,180,0.5,1278,(9+),917.2,0.05,737.2,(11+),,,0,E2,1,0,0,4.21875,917.2,1.24417,8.93631e-06,Weisskopf E2,1.21053,0.152991,0.719186,0.199836,1.18616e+24,23.7231,0,0
158ho,67,158,180,0.5,1278,(9+),982.7,0.3,802.7,(11-),,,0,M2,1,0,0,5.60537,982.7,1.22424,2.24373e-07,Weisskopf M2,1.21053,0.00323998,0.783085,0.00388672,4.59e+25,917.999,0,0
159ho,67,159,205.91,0.05,8.3,1/2+,212.81,0.13,6.9,3/2+,,,1,M1,0,1,0,1,6.9,1,1.21088e-08,Weisskopf M1,2,3.90963,0.00671019,547.333,1.82704e+21,0.0365408,1,1
159ho,67,159,205.91,0.05,8.3,1/2+,252.69,0.18,46.78,5/2+,,,0,E2,1,0,0,0.973141,252.69,5.40167,9.27227e-12,Weisskopf E2,3,9.76989e-05,0.0454931,0.00201741,5.09366e+26,10187.3,0,1
159ho,67,159,205.91,0.05,8.3,1/2+,312.81,0.07,106.9,5/2+,,,1,E2,0,1,0,0.3125,106.9,1,5.77794e-10,Weisskopf E2,3,0.00116585,0.103959,0.0105349,3.03753e+26,6075.06,0,0
159ho,67,159,205.91,0.05,8.3,1/2+,424.3,0.1,218.39,1/2-,,,1,E1,0,1,0,1.51613,218.39,1,0.0201216,Weisskopf E1,1,3242.65,0.212382,14342.7,4.59867e+19,0.000919734,0,0
159ho,67,159,205.91,0.05,8.3,1/2+,464.27,0.14,258.36,5/2-,,,0,M2,0,1,0,2.51613,258.36,1,7.7832e-10,Weisskopf M2,3,0.000268864,0.251253,0.00100524,3.95363e+26,7907.25,0,0
159ho,67,159,205.91,0.05,8.3,1/2+,520.5,0.11,314.59,3/2-,,,1,E1,1.11022e-16,1,0,1.20913,314.59,1,0.0601449,Weisskopf E1,2,9342.04,0.305936,28685.4,2.88313e+19,0.000576626,0,0
159ho,67,159,205.91,0.05,8.3,1/2+,580.97,0.1,375.06,(3/2)-,,,0,E1,1,0,0,0.989306,580.97,1.54901,0.101922,Weisskopf E1,2,11137.8,0.364743,28685.4,3.52377e+19,0.000704755,0,0
159ho,67,159,205.91,0.05,8.3,1/2+,624.52,0.1,418.61,5/2-,,,0,M2,1,0,0,0.982029,624.52,1.49189,8.6912e-09,Weisskopf M2,3,0.00114363,0.407095,0.002639,3.85865e+26,7717.3,0,0
159ho,67,159,205.91,0.05,8.3,1/2+,649.15,0.17,443.24,5/2-,,,0,M2,0.990145,0.00985511,0,1.02099,647.121,1.45998,1.15672e-08,Weisskopf M2,3,0.0013576,0.431047,0.00295869,3.31041e+26,6620.81,0,0
159ho,67,159,205.91,0.05,8.3,1/2+,671.27,0.14,465.36,5/2+,,,0,E2,1,0,0,1.90903,671.27,1.44247,9.03296e-07,Weisskopf E2,3,0.0961781,0.452559,0.199642,2.62383e+24,52.4767,0,0
159ho,67,159,205.91,0.05,8.3,1/2+,815.01,0.19,609.1,3/2+,,,0,M1,0.603356,0.396644,0,2.19189,733.337,1.20397,0.00832951,Weisskopf M1,2,345.124,0.592345,547.333,8.33546e+20,0.0166709,0,0
159ho,67,159,205.91,0.05,8.3,1/2+,875,0.5,669.09,1/2+,,,0,M1,0,0,1,0,0,0,0.011041,Weisskopf M1,1,189.558,0.650684,273.666,,,0,0
159ho,67,159,205.91,0.05,8.3,1/2+,1178,0.5,972.09,1/2+,,,0,M1,0,0,1,0,0,0,0.0338589,Weisskopf M1,1,275.4,0.945349,273.666,,,0,0
159ho,67,159,205.91,0.05,8.3,1/2+,1201,0.5,995.09,1/2+,,,0,M1,0,0,1,0,0,0,0.0363196,Weisskopf M1,1,281.916,0.967716,273.666,,,0,0
159ho,67,159,205.91,0.05,8.3,1/2+,1355.4,0.6,1149.49,(5/2)+,,,0,E2,1,0,0,1.95209,1355.4,1.17913,8.30636e-05,Weisskopf E2,3,1.44952,1.11787,1.2181,4.20549e+23,8.41097,0,0
159ho,67,159,205.91,0.05,8.3,1/2+,1558.3,0.6,1352.39,5/2(-),,,0,M2,1,0,0,1.50645,1558.3,1.15226,3.05873e-06,Weisskopf M2,3,0.0385622,1.31519,0.0275439,2.41002e+25,482.005,0,0
159ho,67,159,205.91,0.05,8.3,1/2+,1690.1,0.3,1484.19,5/2+,,,0,E2,0.231871,0.768129,0,2.68342,1531.93,1.03217,0.00029808,Weisskopf E2,3,3.12016,1.44336,2.03073,1.8351e+23,3.67019,0,0
159ho,67,159,205.91,0.05,8.3,1/2+,1752,0.5,1546.09,1/2+,,,0,M1,0,0,1,0,0,0,0.136225,Weisskopf M1,1,438.018,1.50356,273.666,,,0,0
159ho,67,159,205.91,0.05,8.3,1/2+,1891.2,0.4,1685.29,3/2- 5/2+,,,1,,0.839631,0.160369,0,1.05961,1858.18,1.10259,,unknown,1,,1.63893,,,,0,0
159ho,67,159,205.91,0.05,8.3,1/2+,2001.9,0.6,1795.99,(5/2+),,,0,E2,1,0,0,1.10427,2001.9,1.11465,0.0007734,Weisskopf E2,3,5.52867,1.74658,2.97359,3.0454e+23,6.09081,0,0
160ho,67,160,59.98,0.03,18072,2-,67.11,0.03,7.13,1+,2.8e-08,,1,E1,0,1,0,0.0543478,7.13,1,1.62942e-08,measured,0.6,1.47812,0.00691216,200.884,9.15952e+22,1.8319,1,1
160ho,67,160,59.98,0.03,18072,2-,175.6,1,115.62,(1-),,,0,M1,0,1,0,0.753649,115.62,1,5.69708e-05,Weisskopf M1,0.6,19.6536,0.112088,164.715,8.05558e+21,0.161112,0,0
161ho,67,161,211.15,0.03,6.76,1/2+,222.43,0.03,11.28,3/2+,,,1,M1,0,1,0,0.003861,11.28,1,5.29031e-08,Weisskopf M1,2,6.3914,0.0109014,550.765,4.70255e+23,9.40511,1,1
161ho,67,161,211.15,0.03,6.76,1/2+,298.68,0.03,87.53,3/2+,,,1,M1,0,1,0,1.00264,87.53,1,2.47186e-05,Weisskopf M1,2,49.5957,0.0845918,550.765,1.81087e+21,0.0362174,0,1
161ho,67,161,211.15,0.03,6.76,1/2+,316.56,0.04,105.41,5/2+,,,1,E2,0,1,0,1.0036,105.41,1,5.47687e-10,Weisskopf E2,3,0.00113656,0.101872,0.0104807,9.50714e+25,1901.43,0,0
161ho,67,161,211.15,0.03,6.76,1/2+,373.24,0.04,162.09,5/2+,,,1,E2,0,1,0,1.52596,162.09,1,4.70873e-09,Weisskopf E2,3,0.00413253,0.156649,0.0247821,2.64435e+25,528.87,0,0
161ho,67,161,211.15,0.03,6.76,1/2+,423.91,0.04,212.76,1/2-,,,1,E1,0,1,0,1.0085,212.76,1,0.0187609,Weisskopf E1,1,3185.49,0.205618,14553.4,6.8133e+19,0.00136266,0,0
161ho,67,161,211.15,0.03,6.76,1/2+,446.83,0.04,235.68,5/2+,,,0,E2,0.495156,0.504844,0,1.28316,340.232,1.44362,3.06011e-08,Weisskopf E2,3,0.0127033,0.227769,0.0523928,1.48746e+25,297.492,0,0
161ho,67,161,211.15,0.03,6.76,1/2+,458.87,0.04,247.72,5/2-,,,0,M2,0,1,0,1.03303,247.72,1,6.35999e-10,Weisskopf M2,3,0.000238978,0.239405,0.000937727,1.03231e+27,20646.2,0,0
161ho,67,161,211.15,0.03,6.76,1/2+,525.92,0.04,314.77,3/2-,,,1,E1,0,1,0,1.29616,314.77,1,0.0607523,Weisskopf E1,2,9425.61,0.304204,29106.8,2.65061e+19,0.000530121,0,0
161ho,67,161,211.15,0.03,6.76,1/2+,592.66,0.04,381.51,3/2-,,,0,E1,0.841751,0.158249,0,1.15113,559.246,1.46587,0.108168,Weisskopf E1,2,11424.1,0.368704,29106.8,2.98457e+19,0.000596915,0,0
161ho,67,161,211.15,0.03,6.76,1/2+,649.02,0.1,437.87,5/2-,,,0,M2,0.934326,0.0656737,0,1.13653,635.153,1.45055,1.09743e-08,Weisskopf M2,3,0.00131981,0.423172,0.00292985,3.00314e+26,6006.27,0,0
161ho,67,161,211.15,0.03,6.76,1/2+,710.6,0.4,499.45,,,,1,,0.714286,0.285714,0,1.88201,650.271,1.30198,,unknown,1,,0.482685,,,,0,0
161ho,67,161,211.15,0.03,6.76,1/2+,760.44,0.13,549.29,5/2+,,,0,E2,1,0,0,1.99438,760.44,1.38441,2.10442e-06,Weisskopf E2,3,0.160825,0.530852,0.284597,1.76182e+24,35.2364,0,0
161ho,67,161,211.15,0.03,6.76,1/2+,826.62,0.09,615.47,5/2-,,,0,M2,0.993161,0.00683858,0,1.01123,825.176,1.34073,6.02123e-08,Weisskopf M2,3,0.00366519,0.59481,0.00578853,1.70837e+26,3416.73,0,0
161ho,67,161,211.15,0.03,6.76,1/2+,955,2,743.85,3/2+,,,0,M1,0,0,1,0,0,0,0.0151708,Weisskopf M1,2,421.475,0.718881,550.765,,,0,0
161ho,67,161,211.15,0.03,6.76,1/2+,1100,2,888.85,1/2+,,,0,M1,0,0,1,0,0,0,0.0258845,Weisskopf M1,1,251.817,0.859013,275.382,,,0,0
161ho,67,161,211.15,0.03,6.76,1/2+,1232.85,0.14,1021.7,(3/2)+,,,1,M1,0.25,0.75,0,1.50169,1074.49,1.05167,0.0393119,Weisskopf M1,2,578.909,0.987404,550.765,1.20908e+21,0.0241816,0,0
161ho,67,161,211.15,0.03,6.76,1/2+,1240.07,0.22,1028.92,(1/2 3/2 5/2)+,,,1,,0,1,0,1.6514,1028.92,1,,unknown,1,,0.994381,,,,0,0
161ho,67,161,211.15,0.03,6.76,1/2+,1394.46,0.16,1183.31,(1/2+ 3/2),,,1,,1.11022e-16,1,0,1.80635,1183.31,1,,unknown,1,,1.14359,,,,0,0
161ho,67,161,211.15,0.03,6.76,1/2+,1396.95,0.12,1185.8,3/2-,,,1,E1,0.148176,0.851824,0,1.55124,1217.09,1.02639,3.24801,Weisskopf E1,2,35508.1,1.146,29106.8,2.21476e+19,0.000442952,0,0
161ho,67,161,211.15,0.03,6.76,1/2+,1404.35,0.15,1193.2,1/2 3/2,,,1,,0.201717,0.798283,0,1.60025,1235.79,1.0357,,unknown,1,,1.15315,,,,0,0
161ho,67,161,211.15,0.03,6.76,1/2+,1436,4,1224.85,(1/2+),,,0,M1,0,0,1,0,0,0,0.0677333,Weisskopf M1,1,347.008,1.18373,275.382,,,0,0
161ho,67,161,211.15,0.03,6.76,1/2+,1457.67,0.1,1246.52,3/2-,,,1,E1,0.313679,0.686321,0,2.1155,1312.75,1.05313,3.77295,Weisskopf E1,2,37326.3,1.20468,29106.8,1.62403e+19,0.000324805,0,0
161ho,67,161,211.15,0.03,6.76,1/2+,1461.55,0.13,1250.4,3/2-,,,1,E1,0.285778,0.714222,0,1.74811,1310.74,1.04826,3.80829,Weisskopf E1,2,37442.5,1.20843,29106.8,1.96534e+19,0.000393067,0,0
161ho,67,161,211.15,0.03,6.76,1/2+,1488.33,0.12,1277.18,3/2-,,,1,E1,0.425209,0.574791,0,1.948,1366.96,1.0703,4.05826,Weisskopf E1,2,38244.4,1.23431,29106.8,1.76366e+19,0.000352733,0,0
161ho,67,161,211.15,0.03,6.76,1/2+,1491.17,0.13,1280.02,(3/2)-,,,1,E1,0.0431423,0.956858,0,1.76622,1289.13,1.00712,4.08539,Weisskopf E1,2,38329.5,1.23705,29106.8,1.94518e+19,0.000389036,0,0
161ho,67,161,211.15,0.03,6.76,1/2+,1529,4,1317.85,(5/2+),,,0,E2,0,0,1,0,0,0,0.000167283,Weisskopf E2,3,2.22098,1.27361,1.63817,,,0,0
161ho,67,161,211.15,0.03,6.76,1/2+,1545,0.5,1333.85,(3/2+),,,0,M1,0,0,1,0,0,0,0.0874732,Weisskopf M1,2,755.777,1.28908,550.765,,,0,0
161ho,67,161,211.15,0.03,6.76,1/2+,1640.45,0.14,1429.3,(5/2+),,,1,E2,0.110094,0.889906,0,1.34099,1452.55,1.01626,0.000251038,Weisskopf E2,3,2.83346,1.38132,1.92696,3.86991e+23,7.73981,0,0
161ho,67,161,211.15,0.03,6.76,1/2+,1656.64,0.1,1445.49,5/2-,,,0,M2,0.350034,0.649966,0,1.87572,1519.4,1.05113,4.30256e-06,Weisskopf M2,3,0.0474811,1.39697,0.031929,1.66973e+25,333.946,0,0
161ho,67,161,211.15,0.03,6.76,1/2+,1675.31,0.18,1464.16,,,,1,,0.131126,0.868874,0,1.46657,1491.85,1.01891,,unknown,1,,1.41501,,,,0,0
161ho,67,161,211.15,0.03,6.76,1/2+,1691.39,0.13,1480.24,5/2+,,,1,E2,0.249129,0.750871,0,1.98671,1532.84,1.03554,0.000299078,Weisskopf E2,3,3.14734,1.43055,2.06676,2.43543e+23,4.87086,0,0
161ho,67,161,211.15,0.03,6.76,1/2+,1714.8,0.17,1503.65,5/2-,,,0,M2,0.202175,0.797825,0,1.75295,1546.34,1.02839,5.24065e-06,Weisskopf M2,3,0.053446,1.45318,0.03455,1.65113e+25,330.226,0,0
161ho,67,161,211.15,0.03,6.76,1/2+,1740.42,0.14,1529.27,5/2-,,,0,M2,0.847041,0.152959,0,1.55248,1708.12,1.11695,5.70259e-06,Weisskopf M2,3,0.0562248,1.47794,0.0357374,1.8024e+25,360.481,0,0
161ho,67,161,211.15,0.03,6.76,1/2+,1745.9,0.17,1534.75,(3/2+ 5/2+),,,1,,0.0176915,0.982309,0,1.84068,1538.49,1.00243,,unknown,1,,1.48323,,,,0,0
161ho,67,161,211.15,0.03,6.76,1/2+,1776.43,0.16,1565.28,(3/2 5/2)+,,,1,,0.393427,0.606573,0,1.84173,1648.35,1.05307,,unknown,1,,1.51274,,,,0,0
162ho,67,162,105.87,0.06,4020,6-,171.7,0.05,65.83,4+,,,0,M2,1,0,0,0.323915,171.7,2.60823,8.46376e-13,Weisskopf M2,0.692308,1.03924e-06,0.0634236,1.53928e-05,2.00563e+29,4.01126e+06,0,1
162ho,67,162,105.87,0.06,4020,6-,176.5,0.05,70.63,7-,,,1,M1,0,1,0,0.0990099,70.63,1,1.29874e-05,Weisskopf M1,1.15385,23.0884,0.0680481,318.734,3.16879e+22,0.633757,0,1
162ho,67,162,105.87,0.06,4020,6-,184.8,0.05,78.93,(6+),,,1,E1,0,1,0,1,78.93,1,0.000961838,Weisskopf E1,1,1186.65,0.0760447,14658.9,6.82178e+19,0.00136436,0,1
162ho,67,162,105.87,0.06,4020,6-,266.8,0.05,160.93,8-,,,1,E2,0,1,0,1.0495,160.93,1,4.5803e-09,Weisskopf E2,1.30769,0.00177758,0.155047,0.01077,8.84709e+25,1769.42,0,0
162ho,67,162,105.87,0.06,4020,6-,270,0.5,164.13,5+,,,0,E1,1,0,0,1.32392,270,1.64504,0.00864848,Weisskopf E1,0.846154,2087.93,0.15813,12403.7,6.08959e+19,0.00121792,0,0
162ho,67,162,105.87,0.06,4020,6-,301.2,0.05,195.33,(7+),,,0,E1,0,1,0,1.5495,195.33,1,0.0145775,Weisskopf E1,1.15385,3388.41,0.18819,16914.2,3.81555e+19,0.000763109,0,0
162ho,67,162,105.87,0.06,4020,6-,385.9,0.05,280.03,6+,,,0,E1,1,0,0,1.82392,385.9,1.37807,0.0429526,Weisskopf E1,1,4210.01,0.269793,14658.9,3.74018e+19,0.000748036,0,0
162ho,67,162,105.87,0.06,4020,6-,389.7,0.05,283.83,(6-),,,0,M1,0,0,1,0,0,0,0.000842808,Weisskopf M1,1,80.4109,0.273455,276.236,,,0,0
162ho,67,162,105.87,0.06,4020,6-,437.1,0.05,331.23,(8+),,,0,M2,0,1,0,1.9245,331.23,1,2.72956e-09,Weisskopf M2,1.30769,0.000250058,0.319122,0.000736098,7.05904e+26,14118.1,0,0
162ho,67,162,105.87,0.06,4020,6-,476,0.5,370.13,(7-),,,0,M1,0,0,1,1,0,0,0.00186903,Weisskopf M1,1.15385,120.993,0.3566,318.734,3.13741e+21,0.0627482,0,0
162ho,67,162,105.87,0.06,4020,6-,521.5,0.05,415.63,7+,,,0,E1,0.666667,0,0.333333,2.04928,347.667,0.836481,0.140442,Weisskopf E1,1.15385,7209.97,0.400437,16914.2,2.88502e+19,0.000577004,0,0
162ho,67,162,105.87,0.06,4020,6-,563,0.5,457.13,(8-),,,0,E2,0,0,1,1.5,0,0,8.47047e-07,Weisskopf E2,1.30769,0.0407414,0.44042,0.0869001,7.67164e+24,153.433,0,0
162ho,67,162,105.87,0.06,4020,6-,672.8,0.05,566.93,8+,,,0,M2,0.416667,0,0.583333,2.5933,280.333,0.494476,4.00951e-08,Weisskopf M2,1.30769,0.00125384,0.546206,0.00215643,1.78819e+26,3576.37,0,0
163ho,67,163,297.88,0.07,1.09,1/2+,307.64,0.08,9.76,3/2+,,,1,M1,0,1,0,0.0100705,9.76,1,3.42691e-08,Weisskopf M1,2,5.53015,0.00937433,554.175,1.79185e+23,3.58371,1,1
163ho,67,163,297.88,0.07,1.09,1/2+,360.36,0.09,62.48,3/2+,,,1,M1,0,1,0,1.00559,62.48,1,8.99036e-06,Weisskopf M1,2,35.402,0.0600111,554.175,1.79445e+21,0.0358889,0,1
163ho,67,163,297.88,0.07,1.09,1/2+,392.07,0.1,94.19,5/2+,,,0,E2,0,1,0,1.01007,94.19,1,3.17173e-10,Weisskopf E2,3,0.000824348,0.0904681,0.00855985,1.1566e+26,2313.2,0,1
163ho,67,163,297.88,0.07,1.09,1/2+,440.51,0.08,142.63,5/2+,,,1,E2,0,1,0,1.79181,142.63,1,2.52538e-09,Weisskopf E2,3,0.00286239,0.136994,0.0196281,2.84335e+25,568.67,0,0
163ho,67,163,297.88,0.07,1.09,1/2+,471.25,0.1,173.37,(1/2)-,2e-10,LE,1,E1,0,1,0,0.931537,173.37,1,0.0102348,Weisskopf E1,1,2617.19,0.166519,14764.6,7.27076e+19,0.00145415,0,0
163ho,67,163,297.88,0.07,1.09,1/2+,500.38,0.13,202.5,5/2-,,,0,M2,0,1,0,1.01007,202.5,1,2.34073e-10,Weisskopf M2,3,0.000131621,0.194498,0.000635711,1.55736e+27,31147.2,0,0
163ho,67,163,297.88,0.07,1.09,1/2+,560,3,262.12,(3/2)-,,,0,E1,0,0,1,0,0,0,0.0353719,Weisskopf E1,2,7913.9,0.251762,29529.1,,,0,0
163ho,67,163,297.88,0.07,1.09,1/2+,578.23,0.13,280.35,(3/2)-,,,1,E1,0,1,0,1,280.35,1,0.0432772,Weisskopf E1,2,8464.3,0.269272,29529.1,3.38649e+19,0.000677298,0,0
163ho,67,163,297.88,0.07,1.09,1/2+,614.29,0.09,316.41,(5/2)-,,,0,M2,0.900901,0.0990991,0,1.09965,584.77,1.84814,2.1801e-09,Weisskopf M2,3,0.000502112,0.303907,0.00155207,5.85914e+26,11718.3,0,0
163ho,67,163,297.88,0.07,1.09,1/2+,710,2,412.12,5/2+,,,0,E2,0,0,1,0,0,0,5.08617e-07,Weisskopf E2,3,0.0690506,0.395835,0.163872,,,0,0
163ho,67,163,297.88,0.07,1.09,1/2+,876,0.09,578.12,5/2+,,,1,E2,0.93126,0.0687401,0,1.83958,855.524,1.47984,2.76288e-06,Weisskopf E2,3,0.190612,0.555276,0.322472,1.68573e+24,33.7147,0,0
163ho,67,163,297.88,0.07,1.09,1/2+,1113.57,0.22,815.69,5/2-,,,0,M2,1,0,0,1.01768,1113.57,1.36519,2.48228e-07,Weisskopf M2,3,0.00860251,0.783458,0.0103148,9.52638e+25,1905.28,0,0
163ho,67,163,297.88,0.07,1.09,1/2+,1114,2,816.12,(3/2)+,,,0,M1,0,0,1,0,0,0,0.0200362,Weisskopf M1,2,462.424,0.783871,554.175,,,0,0
163ho,67,163,297.88,0.07,1.09,1/2+,1328,2,1030.12,1/2+,,,0,M1,0,0,1,0,0,0,0.0402919,Weisskopf M1,1,291.84,0.989415,277.087,,,0,0
163ho,67,163,297.88,0.07,1.09,1/2+,1635,4,1337.12,(1/2+),,,0,M1,0,0,1,0,0,0,0.0881181,Weisskopf M1,1,378.815,1.28428,277.087,,,0,0
164ho,67,164,139.78,0.07,2196,6-,167.4,0.4,27.62,4+,,,0,M2,1,0,0,1.17968,167.4,6.06083,1.10947e-14,Weisskopf M2,0.692308,7.73873e-08,0.0264476,2.74874e-06,3.08392e+29,6.16784e+06,1,1
164ho,67,164,139.78,0.07,2196,6-,191,0.5,51.22,6+,,,1,E1,0,1,0,1,51.22,1,0.000265001,Weisskopf E1,1,776.374,0.0490458,14870.3,6.72482e+19,0.00134496,0,1
164ho,67,164,139.78,0.07,2196,6-,203.7,0.5,63.92,7-,,,1,M1,0,1,0,1,63.92,1,9.6264e-06,Weisskopf M1,1.15385,20.895,0.0612067,320.695,3.11822e+21,0.0623645,0,1
164ho,67,164,139.78,0.07,2196,6-,261.7,0.4,121.92,5+,,,0,E1,1,0,0,1.67968,261.7,2.14649,0.00357399,Weisskopf E1,0.846154,1563.71,0.116745,12582.6,4.73158e+19,0.000946315,0,0
164ho,67,164,139.78,0.07,2196,6-,273.8,0.4,134.02,(4-),,,0,E2,1,0,0,1.64666,273.8,2.04298,1.86493e-09,Weisskopf E2,0.692308,0.00055249,0.128331,0.0040443,1.5016e+26,3003.2,0,0
164ho,67,164,139.78,0.07,2196,6-,293.7,0.7,153.92,(8-),,,0,E2,0,1,0,2,153.92,1,3.7264e-09,Weisskopf E2,1.30769,0.00158091,0.147386,0.0100763,4.96214e+25,992.429,0,0
164ho,67,164,139.78,0.07,2196,6-,297.4,0.7,157.62,(4+),,,0,M2,1,0,0,1.42598,297.4,1.88682,6.71511e-11,Weisskopf M2,0.692308,1.43824e-05,0.150929,8.95178e-05,7.83388e+27,156678,0,0
164ho,67,164,139.78,0.07,2196,6-,317.3,0.8,177.52,7+,,,0,E1,0,1,0,2,177.52,1,0.0110324,Weisskopf E1,1.15385,3104.75,0.169985,17158,2.91409e+19,0.000582818,0,0
164ho,67,164,139.78,0.07,2196,6-,330.9,0.7,191.12,(5-),,,0,M1,1,0,0,2.17968,330.9,1.73137,0.000257319,Weisskopf M1,0.846154,45.8155,0.183007,235.177,1.95081e+21,0.0390161,0,0
164ho,67,164,139.78,0.07,2196,6-,342.6,0.5,202.82,5+,2.6e-09,,1,E1,0,1,0,0.953743,202.82,1,1.75476e-07,measured,0.846154,0.0277427,0.194211,0.134192,7.81344e+24,156.269,0,0
164ho,67,164,139.78,0.07,2196,6-,370.2,0.6,230.42,(6+),,,0,E1,1,0,0,2.67968,370.2,1.60663,0.0241262,Weisskopf E1,1,3492.62,0.220639,14870.3,2.50956e+19,0.000501913,0,0
164ho,67,164,139.78,0.07,2196,6-,398.2,0.9,258.42,(6-),,,0,M1,1,0,0,3.17968,398.2,1.5409,0.00063611,Weisskopf M1,1,73.2121,0.247451,277.936,1.13155e+21,0.0226309,0,0
164ho,67,164,139.78,0.07,2196,6-,429.9,0.7,290.12,(5+),,,0,E1,1,0,0,1.92598,429.9,1.4818,0.0481572,Weisskopf E1,0.846154,3720.99,0.277805,12582.6,4.12648e+19,0.000825295,0,0
164ho,67,164,139.78,0.07,2196,6-,452.4,0.8,312.62,6+,,,0,E1,0,1,0,1.95374,312.62,1,0.060253,Weisskopf E1,1,4738.58,0.29935,14870.3,3.44202e+19,0.000688403,0,0
164ho,67,164,139.78,0.07,2196,6-,460.9,0.9,321.12,(8+),,,0,M2,0,1,0,3,321.12,1,2.35686e-09,Weisskopf M2,1.30769,0.000229724,0.307489,0.000701823,4.74953e+26,9499.07,0,0
164ho,67,164,139.78,0.07,2196,6-,488,1,348.22,(7-),,,0,M1,1,0,0,4.17968,488,1.40141,0.00155638,Weisskopf M1,1.15385,113.83,0.333439,320.695,7.46044e+20,0.0149209,0,0
164ho,67,164,139.78,0.07,2196,6-,502.7,0.6,362.92,(7+),,,0,E1,1,0,0,3.17968,502.7,1.38515,0.0942673,Weisskopf E1,1.15385,6347.32,0.347515,17158,1.83295e+19,0.000366589,0,0
164ho,67,164,139.78,0.07,2196,6-,579.6,0.9,439.82,7+,,,0,E1,0,1,0,2.95374,439.82,1,0.167785,Weisskopf E1,1.15385,7692.26,0.421151,17158,1.97315e+19,0.00039463,0,0
164ho,67,164,139.78,0.07,2196,6-,586.9,1.1,447.12,(8-),,,0,E2,1,0,0,5.17968,586.9,1.31262,7.70787e-07,Weisskopf E2,1.30769,0.038752,0.428141,0.0850274,2.27059e+24,45.4118,0,0
164ho,67,164,139.78,0.07,2196,6-,644.2,0.7,504.42,(8+),,,0,M2,1,0,0,3.92968,644.2,1.27711,2.25402e-08,Weisskopf M2,1.30769,0.000890393,0.483008,0.00173172,1.46949e+26,2938.97,0,0
164ho,67,164,139.78,0.07,2196,6-,650,3,510.22,(4+),,,0,M2,0,0,1,0,0,0,2.38662e-08,Weisskopf M2,0.692308,0.000487833,0.488562,0.000937997,,,0,0
164ho,67,164,139.78,0.07,2196,6-,723.1,0.9,583.32,(8+),,,0,M2,0,1,0,3.45374,583.32,1,4.66155e-08,Weisskopf M2,1.30769,0.00137697,0.558559,0.00231583,1.25027e+26,2500.54,0,0
164ho,67,164,139.78,0.07,2196,6-,733,1,593.22,(5-),,,0,M1,0,0,1,0,0,0,0.00769487,Weisskopf M1,0.846154,142.207,0.568039,235.177,,,0,0
164ho,67,164,139.78,0.07,2196,6-,777,2,637.22,(5+),,,0,E1,0,0,1,0,0,0,0.510266,Weisskopf E1,0.846154,8172.78,0.610171,12582.6,,,0,0
164ho,67,164,139.78,0.07,2196,6-,833,1,693.22,(4-),,,0,E2,0,0,1,0,0,0,6.90509e-06,Weisskopf E2,0.692308,0.0764591,0.663794,0.108205,,,0,0
164ho,67,164,139.78,0.07,2196,6-,994,4,854.22,(4-),,,0,E2,0,0,1,0,0,0,1.96183e-05,Weisskopf E2,0.692308,0.143062,0.81796,0.164302,,,0,0
166ho,67,166,5.969,0.012,3.57414e+10,7-,137.729,0.013,131.76,8-,,,1,M1,0,1,0,1,131.76,1,8.43149e-05,Weisskopf M1,1.13333,42.3056,0.125405,316.909,3.15548e+21,0.0631096,0,0
166ho,67,166,5.969,0.012,3.57414e+10,7-,263.788,0.0024,257.819,5+,5e-10,LE,1,M2,0.816177,0.183823,0,0.864199,262.69,1.0189,7.92642e-10,Weisskopf M2,0.733333,6.7213e-05,0.245383,0.000257311,4.49704e+27,89940.9,0,0
166ho,67,166,5.969,0.012,3.57414e+10,7-,286.96,0.13,280.991,9-,,,1,E2,0,1,0,1,280.991,1,7.67883e-08,Weisskopf E2,1.26667,0.00946837,0.267438,0.0332585,3.00675e+25,601.349,0,0
166ho,67,166,5.969,0.012,3.57414e+10,7-,295.085,0.009,289.116,(6)+,1.1e-09,,1,E1,0,1,0,0.980777,289.116,1,4.14762e-07,measured,0.866667,0.0330529,0.275171,0.112839,9.03592e+24,180.718,0,0
166ho,67,166,5.969,0.012,3.57414e+10,7-,329.774,0.004,323.805,5-,,,0,E2,1,0,0,1.03743,329.774,1.01843,1.56045e-07,Weisskopf E2,0.733333,0.00838857,0.308187,0.0255696,3.76979e+25,753.959,0,0
166ho,67,166,5.969,0.012,3.57414e+10,7-,348.257,0.003,342.288,5+,,,0,M2,1,0,0,1.17719,348.257,1.01744,3.26937e-09,Weisskopf M2,0.733333,0.000157284,0.325778,0.000453538,1.873e+27,37460,0,0
166ho,67,166,5.969,0.012,3.57414e+10,7-,375.3,1.4,369.331,(6+),,,0,E1,0,0,1,0,0,0,0.100158,Weisskopf E1,0.866667,4891.12,0.351517,13071.1,,,0,0
166ho,67,166,5.969,0.012,3.57414e+10,7-,377.806,0.004,371.837,(6-),,,0,M1,1,0,0,1.50945,377.806,1.01605,0.00189501,Weisskopf M1,0.866667,91.298,0.353902,242.342,2.73371e+21,0.0546742,0,0
166ho,67,166,5.969,0.012,3.57414e+10,7-,379.547,0.004,373.578,6+,,,1,E1,0.302583,0.697417,0,1.45913,375.384,1.00483,0.103653,Weisskopf E1,0.866667,4947.37,0.355559,13071.1,5.24316e+19,0.00104863,0,0
166ho,67,166,5.969,0.012,3.57414e+10,7-,423.651,0.01,417.682,(7+),,,0,E1,0.0355295,0.964471,0,1.9823,417.894,1.00051,0.144869,Weisskopf E1,1,6382.44,0.397536,15082.1,3.34479e+19,0.000668958,0,0
166ho,67,166,5.969,0.012,3.57414e+10,7-,431.239,0.006,425.27,(5)-,,,1,E2,0.344398,0.655602,0,1.36466,427.326,1.00483,6.09757e-07,Weisskopf E2,0.733333,0.0190034,0.404758,0.0441049,1.66145e+25,332.291,0,0
166ho,67,166,5.969,0.012,3.57414e+10,7-,453.771,0.004,447.802,(6)+,,,0,E1,1,0,0,1.53047,453.771,1.01333,0.178524,Weisskopf E1,0.866667,5930.33,0.426203,13071.1,4.99875e+19,0.00099975,0,0
166ho,67,166,5.969,0.012,3.57414e+10,7-,470.841,0.003,464.872,5+,,,0,M2,0.893732,0.106268,0,1.638,470.207,1.01148,1.51068e-08,Weisskopf M2,0.733333,0.000394013,0.442449,0.00083656,7.29775e+26,14595.5,0,0
166ho,67,166,5.969,0.012,3.57414e+10,7-,514.362,0.007,508.393,(7+),,,0,E1,0.578709,0.421291,0,2.13927,511.847,1.00679,0.261238,Weisskopf E1,1,7768.56,0.483871,15082.1,3.09936e+19,0.000619872,0,0
166ho,67,166,5.969,0.012,3.57414e+10,7-,529.816,0.008,523.847,(6-),,,1,M1,0.286618,0.713382,0,1.51995,525.558,1.00327,0.00529867,Weisskopf M1,0.866667,128.621,0.49858,242.342,2.71483e+21,0.0542966,0,0
166ho,67,166,5.969,0.012,3.57414e+10,7-,557.65,0.07,551.681,(7-),,,0,M1,1,0,0,2.19858,557.65,1.01082,0.00618896,Weisskopf M1,1,156.295,0.525071,279.626,1.6266e+21,0.032532,0,0
166ho,67,166,5.969,0.012,3.57414e+10,7-,577.208,0.007,571.239,7+,,,0,E1,0.926764,0.0732362,0,2.18761,576.771,1.00968,0.370588,Weisskopf E1,1,8728.88,0.543686,15082.1,3.03088e+19,0.000606175,0,0
166ho,67,166,5.969,0.012,3.57414e+10,7-,588.083,0.007,582.114,6+,,,0,E1,0.904941,0.0950589,0,2.60202,587.516,1.00928,0.392159,Weisskopf E1,0.866667,7709.05,0.554036,13071.1,2.9402e+19,0.000588039,0,0
166ho,67,166,5.969,0.012,3.57414e+10,7-,634.314,0.006,628.345,5+,,,0,M2,0.969237,0.0307632,0,2.7496,634.13,1.00921,6.81548e-08,Weisskopf M2,0.733333,0.000972982,0.598038,0.00152836,2.3796e+26,4759.2,0,0
166ho,67,166,5.969,0.012,3.57414e+10,7-,644.29,0.06,638.321,7-,,,0,M1,0.0286825,0.971317,0,2.04021,638.492,1.00027,0.00958675,Weisskopf M1,1,180.841,0.607532,279.626,1.75286e+21,0.0350573,0,0
166ho,67,166,5.969,0.012,3.57414e+10,7-,654.818,0.014,648.849,(5+),,,0,M2,0.924528,0.075472,0,2.02927,654.368,1.00851,8.00247e-08,Weisskopf M2,0.733333,0.00107137,0.617553,0.00162974,3.02372e+26,6047.44,0,0
166ho,67,166,5.969,0.012,3.57414e+10,7-,657.995,0.011,652.026,(5-),,,0,E2,1,0,0,1.9364,657.995,1.00915,5.16603e-06,Weisskopf E2,0.733333,0.0684907,0.620576,0.103678,4.98102e+24,99.6205,0,0
166ho,67,166,5.969,0.012,3.57414e+10,7-,693.638,0.007,687.669,5+,,,0,M2,1,0,0,2.81875,693.638,1.00868,1.07005e-07,Weisskopf M2,0.733333,0.00127541,0.6545,0.00183058,1.938e+26,3876,0,0
166ho,67,166,5.969,0.012,3.57414e+10,7-,721.98,0.15,716.011,(6+),,,0,E1,0,1,0,1.98078,716.011,1,0.729788,Weisskopf E1,0.866667,9482.28,0.681475,13071.1,3.86235e+19,0.000772469,0,0
166ho,67,166,5.969,0.012,3.57414e+10,7-,723.239,0.019,717.27,(7+),,,0,E1,0.765127,0.234873,0,3.4037,721.837,1.00637,0.733645,Weisskopf E1,1,10960.3,0.682673,15082.1,1.94799e+19,0.000389599,0,0
166ho,67,166,5.969,0.012,3.57414e+10,7-,732.513,0.016,726.544,(6+),,,0,E1,0.974,0.0259998,0,2.99954,732.358,1.008,0.762471,Weisskopf E1,0.866667,9621.77,0.6915,13071.1,2.55054e+19,0.000510108,0,0
166ho,67,166,5.969,0.012,3.57414e+10,7-,757.707,0.018,751.738,(5-),,,0,E2,0.996282,0.00371776,0,1.67352,757.685,1.00791,1.05236e-05,Weisskopf E2,0.733333,0.104963,0.715479,0.137813,4.33588e+24,86.7177,0,0
166ho,67,166,5.969,0.012,3.57414e+10,7-,769.78,0.04,763.811,(5+),,,0,M2,0.873374,0.126626,0,2.13319,769.024,1.00683,1.80899e-07,Weisskopf M2,0.733333,0.0017477,0.72697,0.00225841,2.07572e+26,4151.43,0,0
166ho,67,166,5.969,0.012,3.57414e+10,7-,771.94,0.08,765.971,(6+),,,0,E1,0.973645,0.0263553,0,2.41928,771.783,1.00759,0.893459,Weisskopf E1,0.866667,10143.9,0.729025,13071.1,3.16228e+19,0.000632456,0,0
166ho,67,166,5.969,0.012,3.57414e+10,7-,788.618,0.011,782.649,(6-),,,0,M1,1,0,0,2.28851,788.618,1.00763,0.0176707,Weisskopf M1,0.866667,192.166,0.744899,242.342,1.80309e+21,0.0360619,0,0
166ho,67,166,5.969,0.012,3.57414e+10,7-,806.56,0.05,800.591,(5+),,,0,M2,0.912396,0.087604,0,2.63336,806.037,1.0068,2.28854e-07,Weisskopf M2,0.733333,0.00201253,0.761975,0.00248114,1.53052e+26,3061.03,0,0
166ho,67,166,5.969,0.012,3.57414e+10,7-,807.011,0.008,801.042,6+,,,0,E1,1,0,0,3.81875,807.011,1.00745,1.02189,Weisskopf E1,0.866667,10608.4,0.762405,13071.1,2.00339e+19,0.000400678,0,0
166ho,67,166,5.969,0.012,3.57414e+10,7-,832.197,0.009,826.228,5+,,,0,M2,0.999234,0.00076618,0,3.05296,832.192,1.00722,2.6792e-07,Weisskopf M2,0.733333,0.00221213,0.786376,0.00264259,1.23951e+26,2479.01,0,0
166ho,67,166,5.969,0.012,3.57414e+10,7-,848.46,0.21,842.491,(7+),,,0,E1,0,1,0,1.98078,842.491,1,1.18887,Weisskopf E1,1,12873.8,0.801854,15082.1,3.34737e+19,0.000669473,0,0
166ho,67,166,5.969,0.012,3.57414e+10,7-,883.94,0.05,877.971,(6+),,,0,E1,0.940458,0.0595417,0,3.08379,883.585,1.00639,1.34548,Weisskopf E1,0.866667,11627.1,0.835623,13071.1,2.48085e+19,0.000496171,0,0
166ho,67,166,5.969,0.012,3.57414e+10,7-,910.49,0.04,904.521,(6+),,,0,E1,0.842222,0.157778,0,3.02368,909.548,1.00556,1.47127,Weisskopf E1,0.866667,11978.8,0.860893,13071.1,2.53018e+19,0.000506036,0,0
166ho,67,166,5.969,0.012,3.57414e+10,7-,915,3,909.031,(7+),,,0,E1,0,0,1,0,0,0,1.49339,Weisskopf E1,1,13890.6,0.865185,15082.1,,,0,0
166ho,67,166,5.969,0.012,3.57414e+10,7-,925.21,0.16,919.241,(5+),,,0,M2,0.818545,0.181455,0,1.96961,924.127,1.00532,4.56723e-07,Weisskopf M2,0.733333,0.00304648,0.874903,0.00327107,1.55214e+26,3104.28,0,0
166ho,67,166,5.969,0.012,3.57414e+10,7-,935.12,0.04,929.151,(5-),,,0,E2,0.999744,0.000256322,0,2.99919,935.118,1.00642,3.03574e-05,Weisskopf E2,0.733333,0.198197,0.884335,0.210538,1.58367e+24,31.6735,0,0
166ho,67,166,5.969,0.012,3.57414e+10,7-,942.524,0.015,936.555,(6+),,,0,E1,0.999687,0.000312727,0,3.58636,942.522,1.00637,1.63319,Weisskopf E1,0.866667,12403,0.891381,13071.1,2.1332e+19,0.000426641,0,0
166ho,67,166,5.969,0.012,3.57414e+10,7-,985.2,0.08,979.231,(5+),,,0,M2,0.987421,0.0125788,0,3.11471,985.125,1.00602,6.26515e-07,Weisskopf M2,0.733333,0.0036827,0.931999,0.00371194,8.64931e+25,1729.86,0,0
166ho,67,166,5.969,0.012,3.57414e+10,7-,1038.4,0.3,1032.43,(6+),,,0,E1,0,0,1,0,0,0,2.18787,Weisskopf E1,0.866667,13672.7,0.982633,13071.1,,,0,0
166ho,67,166,5.969,0.012,3.57414e+10,7-,1097.45,0.05,1091.48,(6+),,,0,E1,1,0,0,2.16869,1097.45,1.00547,2.58515,Weisskopf E1,0.866667,14454.7,1.03883,13071.1,3.52769e+19,0.000705537,0,0
166ho,67,166,5.969,0.012,3.57414e+10,7-,1114.67,0.03,1108.7,(5-),,,0,E2,0.999088,0.000912,0,2.42551,1114.66,1.00538,7.34353e-05,Weisskopf E2,0.733333,0.336729,1.05522,0.299769,1.37534e+24,27.5068,0,0
166ho,67,166,5.969,0.012,3.57414e+10,7-,1272,2,1266.03,(6+),,,0,E1,0,0,1,0,0,0,4.03432,Weisskopf E1,0.866667,16766.3,1.20497,13071.1,,,0,0
166ho,67,166,5.969,0.012,3.57414e+10,7-,1380.15,0.19,1374.18,5+,,,0,M2,0,0,1,0,0,0,3.40977e-06,Weisskopf M2,0.733333,0.0101775,1.3079,0.00731002,,,0,0
166ho,67,166,5.969,0.012,3.57414e+10,7-,1415.8,0.04,1409.83,(7+),,,0,E1,0,0,1,0,0,0,5.57107,Weisskopf E1,1,21543.1,1.34183,15082.1,,,0,0
166ho,67,166,5.969,0.012,3.57414e+10,7-,1560,5,1554.03,(6-),,,0,M1,0,0,1,0,0,0,0.138335,Weisskopf M1,0.866667,381.565,1.47907,242.342,,,0,0
166ho,67,166,5.969,0.012,3.57414e+10,7-,1692,4,1686.03,(7-),,,0,M1,0,0,1,0,0,0,0.176665,Weisskopf M1,1,477.664,1.60471,279.626,,,0,0
166ho,67,166,5.969,0.012,3.57414e+10,7-,1834,0.5,1828.03,(8-),,,0,M1,0,0,1,0,0,0,0.225167,Weisskopf M1,1.13333,586.946,1.73986,316.909,,,0,0
166ho,67,166,5.969,0.012,3.57414e+10,7-,1998,6,1992.03,(9-),,,0,E2,0,0,1,0,0,0,0.00137503,Weisskopf E2,1.26667,3.37354,1.89595,1.67152,,,0,0
149er,68,149,741.69,0.23,8.9,(11/2-),1066.17,0.21,324.48,(7/2-),,,0,E2,1,0,0,2.13095,1066.17,3.28578,1.36524e-07,Weisskopf E2,0.666667,0.00664425,0.325971,0.0191477,2.45081e+25,490.161,0,0
149er,68,149,741.69,0.23,8.9,(11/2-),2311.5,0.3,1569.81,(15/2-),,,1,E2,0,1,0,1,1569.81,1,0.000361831,Weisskopf E2,1.33333,1.50471,1.57702,0.896325,1.11567e+24,22.3133,0,0
149er,68,149,741.69,0.23,8.9,(11/2-),2478.8,0.3,1737.11,(15/2+),,,1,M2,0,1,0,1.87489,1737.11,1,1.02414e-05,Weisskopf M2,1.33333,0.0347815,1.74509,0.0187232,2.84868e+25,569.736,0,0
149er,68,149,741.69,0.23,8.9,(11/2-),2542.1,0.3,1800.41,(15/2+),,,0,M2,1.11022e-16,1,0,1.96772,1800.41,1,1.22485e-05,Weisskopf M2,1.33333,0.038724,1.80868,0.0201126,2.52678e+25,505.356,0,0
167er,68,167,207.801,0.005,2.269,1/2-,264.874,0.006,57.073,3/2-,1.47e-09,,1,M1,0.00484814,0.995152,0,0.167953,58.0804,1.01765,3.08861e-07,measured,2,1.45759,0.0541573,25.283,2.35497e+23,4.70993,0,1
167er,68,167,207.801,0.005,2.269,1/2-,281.574,0.006,73.773,5/2-,,,1,E2,0.00037745,0.999623,0,0.100446,73.8514,1.00106,9.65601e-11,Weisskopf E2,3,0.000409098,0.0700041,0.00548977,1.81348e+27,36269.6,0,1
167er,68,167,207.801,0.005,2.269,1/2-,346.549,0.015,138.748,5/2-,1e-09,,0,E2,1,0,0,0.987128,346.549,2.49769,2.27219e-09,Weisskopf E2,3,0.00272154,0.13166,0.0194184,5.21692e+25,1043.38,0,0
167er,68,167,207.801,0.005,2.269,1/2-,531.54,0.04,323.739,3/2+,1.93e-11,,1,E1,0.995887,0.0041131,0,0.986467,530.685,1.63924,3.0644e-08,measured,2,0.00449457,0.3072,0.0137441,7.37565e+25,1475.13,0,0
167er,68,167,207.801,0.005,2.269,1/2-,573.74,0.06,365.939,(5/2)+,3.6e-11,,0,M2,1,0,0,1.04163,573.74,1.56786,4.58446e-09,Weisskopf M2,3,0.000789396,0.347244,0.00213556,4.49547e+26,8990.94,0,0
167er,68,167,207.801,0.005,2.269,1/2-,667.894,0.02,460.093,(5/2)-,,,1,E2,0.782392,0.217608,0,1.72784,622.675,1.35337,9.11043e-07,Weisskopf E2,3,0.0992366,0.436588,0.213526,2.71048e+24,54.2096,0,0
167er,68,167,207.801,0.005,2.269,1/2-,752.69,0.09,544.889,(3/2)-,,,1,M1,0.00177718,0.998223,0,1.07491,545.258,1.00068,0.00596318,Weisskopf M1,2,308.741,0.517052,560.933,1.65851e+21,0.0331701,0,0
167er,68,167,207.801,0.005,2.269,1/2-,763.47,0.08,555.669,(1/2)-,,,0,M1,0.210197,0.789803,0,1.33699,599.348,1.07861,0.00632415,Weisskopf M1,1,157.425,0.527281,280.467,2.6668e+21,0.0533361,0,0
167er,68,167,207.801,0.005,2.269,1/2-,801.64,0.09,593.839,(3/2)-,,,1,M1,0.135093,0.864907,0,1.15513,621.912,1.04727,0.00771898,Weisskopf M1,2,336.477,0.563501,560.933,1.54332e+21,0.0308665,0,0
167er,68,167,207.801,0.005,2.269,1/2-,810.52,0.08,602.719,(5/2)+,,,0,M2,0.68505,0.31495,0,1.03165,745.073,1.23619,5.55673e-08,Weisskopf M2,3,0.00352707,0.571928,0.00579326,1.67319e+26,3346.38,0,0
167er,68,167,207.801,0.005,2.269,1/2-,812.48,0.15,604.679,(5/2-),,,0,E2,0.00484814,0.995152,0,1.16795,605.686,1.00167,3.57219e-06,Weisskopf E2,3,0.225273,0.573787,0.368815,2.32148e+24,46.4297,0,0
167er,68,167,207.801,0.005,2.269,1/2-,856.47,0.2,648.669,(5/2)-,,,0,E2,0.00444557,0.995554,0,1.35542,649.593,1.00142,5.07489e-06,Weisskopf E2,3,0.278102,0.61553,0.42443,1.73828e+24,34.7656,0,0
167er,68,167,207.801,0.005,2.269,1/2-,1086.27,0.16,878.469,3/2+,,,1,E1,0.487781,0.512219,0,1.48317,979.83,1.11538,1.35318,Weisskopf E1,2,26954.8,0.83359,30376.3,2.2196e+19,0.000443921,0,0
167er,68,167,207.801,0.005,2.269,1/2-,1135.32,0.23,927.519,1/2+,,,0,E1,0.810571,0.189429,0,1.83341,1095.96,1.1816,1.59274,Weisskopf E1,1,14229.9,0.880134,15188.1,3.59117e+19,0.000718234,0,0
167er,68,167,207.801,0.005,2.269,1/2-,1178.91,0.22,971.109,1/2 3/2,,,1,,0.000420554,0.999579,0,1.25437,971.196,1.00009,,unknown,1,,0.921497,,,,0,0
167er,68,167,207.801,0.005,2.269,1/2-,1205,5,997.199,1/2+,,,0,E1,0,0,1,0,0,0,1.97935,Weisskopf E1,1,15298.9,0.946254,15188.1,,,0,0
167er,68,167,207.801,0.005,2.269,1/2-,1227.17,0.17,1019.37,1/2 3/2,,,1,,0.00145783,0.998542,0,1.0505,1019.67,1.0003,,unknown,1,,0.967292,,,,0,0
167er,68,167,207.801,0.005,2.269,1/2-,1384.4,0.12,1176.6,(3/2)-,,,0,M1,1,0,0,1.98713,1384.4,1.17661,0.0600398,Weisskopf M1,2,666.677,1.11649,560.933,8.97146e+20,0.0179429,0,0
167er,68,167,207.801,0.005,2.269,1/2-,1426,2,1218.2,1/2+,,,0,E1,0,0,1,0,0,0,3.60854,Weisskopf E1,1,18689.5,1.15596,15188.1,,,0,0
167er,68,167,207.801,0.005,2.269,1/2-,1440,5,1232.2,(5/2)-,,,0,E2,0,0,1,0,0,0,0.000125521,Weisskopf E2,3,1.90624,1.16925,1.53151,,,0,0
167er,68,167,207.801,0.005,2.269,1/2-,1440,5,1232.2,1/2+,,,0,E1,0,0,1,0,0,0,3.73439,Weisskopf E1,1,18904.3,1.16925,15188.1,,,0,0
167er,68,167,207.801,0.005,2.269,1/2-,1649.3,0.5,1441.5,1/2 3/2,,,1,,0.0017797,0.99822,0,1.06165,1441.87,1.00026,,unknown,1,,1.36786,,,,0,0
167er,68,167,207.801,0.005,2.269,1/2-,1661.8,0.3,1454,1/2 3/2,,,1,,0.000296196,0.999704,0,1.17915,1454.06,1.00004,,unknown,1,,1.37972,,,,0,0
153tm,69,153,43.2,0.2,2.5,(1/2+),134.9,0.2,91.7,(3/2+),,,1,M1,0,1,0,1,91.7,1,2.84225e-05,Weisskopf M1,2,51.9584,0.0909092,536.907,1.86252e+21,0.0372504,0,1
153tm,69,153,43.2,0.2,2.5,(1/2+),504.5,0.2,461.3,(5/2+),,,0,E2,0,1,0,2,461.3,1,8.21349e-07,Weisskopf E2,3,0.088999,0.457322,0.182816,2.73499e+24,54.6999,0,0
160tm,69,160,70,20,74.5,5,123.5,0.8,53.5,(6- 7),,,1,,0,1,0,1,53.5,1,,unknown,1,,0.0518654,,,,0,1
160tm,69,160,70,20,74.5,5,149.9,0.7,79.9,(6- 7),,,1,,0,1,0,1,79.9,1,,unknown,1,,0.0774589,,,,0,1
160tm,69,160,70,20,74.5,5,156.3,0.8,86.3,(6),,,1,,0,1,0,1,86.3,1,,unknown,1.18182,,0.0836633,,,,0,1
160tm,69,160,70,20,74.5,5,168.4,0.8,98.4,(6),,,1,,0,1,0,1,98.4,1,,unknown,1.18182,,0.0953936,,,,0,1
160tm,69,160,70,20,74.5,5,244.4,0.8,174.4,(6- 7),,,1,,0,1,0,1,174.4,1,,unknown,1,,0.169072,,,,0,0
160tm,69,160,70,20,74.5,5,261.2,0.7,191.2,(7),,,1,,0,1,0,1.5,191.2,1,,unknown,1.36364,,0.185358,,,,0,0
161tm,69,161,7.51,0.24,300,1/2+,18.9,0.09,11.39,5/2+,5e-08,LT,0,E2,1,0,0,0.014556,18.9,1.65935,8.06755e-15,Weisskopf E2,3,1.4339e-06,0.0110077,0.00012237,5.61413e+29,1.12283e+07,1,1
161tm,69,161,7.51,0.24,300,1/2+,22.84,0.17,15.33,3/2+,,,1,M1,0,1,0,1,15.33,1,1.32795e-07,Weisskopf M1,2,8.68618,0.0148154,550.765,1.81566e+21,0.0363132,1,1
161tm,69,161,7.51,0.24,300,1/2+,167.28,0.18,159.77,5/2+,,,0,E2,0,1,0,2,159.77,1,4.38126e-09,Weisskopf E2,3,0.00395761,0.154407,0.0240778,2.0766e+25,415.32,0,0
161tm,69,161,7.51,0.24,300,1/2+,337.55,0.17,330.04,1/2+ 3/2+,,,1,,0.105765,0.894235,0,1.44185,330.834,1.00241,,unknown,1,,0.318961,,,,0,0
161tm,69,161,7.51,0.24,300,1/2+,367.46,0.25,359.95,1/2-,,,1,E1,0,1,0,1.56497,359.95,1,0.0908468,Weisskopf E1,1,5389.25,0.347867,14553.4,4.39065e+19,0.000878129,0,0
161tm,69,161,7.51,0.24,300,1/2+,376.64,0.18,369.13,5/2-,,,0,M2,0.545455,0.454545,0,1.46249,373.226,1.0111,4.67248e-09,Weisskopf M2,3,0.000790703,0.356739,0.00208216,3.28394e+26,6567.88,0,0
161tm,69,161,7.51,0.24,300,1/2+,678.08,0.09,670.57,5/2-,,,0,M2,1,0,0,1.55508,678.08,1.0112,9.24425e-08,Weisskopf M2,3,0.00474032,0.64806,0.00687136,9.35845e+25,1871.69,0,0
161tm,69,161,7.51,0.24,300,1/2+,709.66,0.09,702.15,5/2-,,,0,M2,1,0,0,1.60816,709.66,1.0107,1.16359e-07,Weisskopf M2,3,0.00544208,0.67858,0.0075338,8.25384e+25,1650.77,0,0
169yb,70,169,24.1999,0.0016,46,1/2-,86.9188,0.0016,62.7189,3/2-,,,1,M1,0,1,0,0.0621118,62.7189,1,9.09388e-06,Weisskopf M1,2,35.5374,0.0591615,564.282,2.85318e+22,0.570636,0,1
169yb,70,169,24.1999,0.0016,46,1/2-,99.2405,0.0015,75.0406,5/2-,,,1,E2,0,1,0,0.0747655,75.0406,1,1.06828e-10,Weisskopf E2,3,0.000437439,0.0707844,0.00580538,2.30392e+27,46078.5,0,1
169yb,70,169,24.1999,0.0016,46,1/2-,191.214,0.0013,167.014,5/2-,3.35e-09,,1,E2,0.811647,0.188353,0,0.817193,186.656,1.11761,1.35238e-10,measured,3,0.000111794,0.157541,0.000666611,1.83571e+27,36714.1,0,0
169yb,70,169,24.1999,0.0016,46,1/2-,569.834,0.003,545.634,5/2-,,,0,E2,0.746771,0.253229,0,1.66264,563.706,1.03312,2.17126e-06,Weisskopf E2,3,0.168164,0.514686,0.306931,1.95957e+24,39.1913,0,0
169yb,70,169,24.1999,0.0016,46,1/2-,590.689,0.006,566.489,(5/2)+,,,0,M2,0.995772,0.004228,0,0.979713,590.587,1.04254,4.10818e-08,Weisskopf M2,3,0.00295182,0.534358,0.0051893,1.96695e+26,3933.89,0,0
169yb,70,169,24.1999,0.0016,46,1/2-,659.63,0.006,635.43,3/2-,,,1,M1,0.0344861,0.965514,0,1.03486,636.265,1.00131,0.00945708,Weisskopf M1,2,360.043,0.599389,564.282,1.71247e+21,0.0342494,0,0
169yb,70,169,24.1999,0.0016,46,1/2-,719.953,0.006,695.753,3/2+,,,1,E1,0.989535,0.0104653,0,1.00261,719.7,1.03442,0.677624,Weisskopf E1,2,21518.5,0.656291,30801.1,3.2382e+19,0.00064764,0,0
169yb,70,169,24.1999,0.0016,46,1/2-,722.279,0.006,698.079,5/2-,,,0,E2,0.00926699,0.990733,0,1.08146,698.303,1.00032,7.44265e-06,Weisskopf E2,3,0.352162,0.658485,0.502397,1.84053e+24,36.8105,0,0
169yb,70,169,24.1999,0.0016,46,1/2-,761.846,0.007,737.646,(5/2)+,,,0,M2,0.990851,0.00914901,0,1.04276,761.625,1.03251,1.53791e-07,Weisskopf M2,3,0.00651718,0.695807,0.00879876,1.08992e+26,2179.83,0,0
169yb,70,169,24.1999,0.0016,46,1/2-,813.337,0.009,789.137,(1/2)-,,,0,M1,0.36313,0.63687,0,1.39385,797.925,1.01114,0.0181139,Weisskopf M1,1,223.568,0.744378,282.141,2.54283e+21,0.0508567,0,0
169yb,70,169,24.1999,0.0016,46,1/2-,851.394,0.01,827.194,3/2-,,,1,M1,0.278569,0.721431,0,1.29753,833.935,1.00815,0.020863,Weisskopf M1,2,468.699,0.780276,564.282,1.3658e+21,0.027316,0,0
169yb,70,169,24.1999,0.0016,46,1/2-,911.64,0.01,887.44,(5/2)-,,,0,E2,0.319661,0.680339,0,1.62291,895.176,1.00872,2.47115e-05,Weisskopf E2,3,0.723512,0.837105,0.811925,7.58909e+23,15.1782,0,0
169yb,70,169,24.1999,0.0016,46,1/2-,1033.9,0.005,1009.7,(1/2+ 3/2),,,1,,0.0526275,0.947373,0,1.16047,1010.97,1.00126,,unknown,1,,0.952428,,,,0,0
169yb,70,169,24.1999,0.0016,46,1/2-,1110.71,0.008,1086.51,3/2- 5/2-,,,1,,0.0522221,0.947778,0,1.09375,1087.77,1.00116,,unknown,1,,1.02488,,,,0,0
169yb,70,169,24.1999,0.0016,46,1/2-,1159.88,0.04,1135.68,(5/2+),,,0,M2,0.820554,0.179446,0,1.94115,1155.54,1.01748,1.33037e-06,Weisskopf M2,3,0.0237839,1.07127,0.0208563,2.47003e+25,494.006,0,0
169yb,70,169,24.1999,0.0016,46,1/2-,1202.26,0.011,1178.06,(5/2+),,,0,M2,0.804429,0.195571,0,1.71491,1197.52,1.01652,1.5978e-06,Weisskopf M2,3,0.0265469,1.11124,0.0224418,2.59838e+25,519.676,0,0
169yb,70,169,24.1999,0.0016,46,1/2-,1232.22,0.023,1208.02,(3/2-),,,0,M1,0.140617,0.859383,0,2.15013,1211.42,1.00282,0.0649795,Weisskopf M1,2,684.48,1.1395,564.282,8.24212e+20,0.0164842,0,0
169yb,70,169,24.1999,0.0016,46,1/2-,1270.74,0.008,1246.54,(1/2)-,,,1,M1,0.0616658,0.938334,0,1.29554,1248.03,1.0012,0.0713961,Weisskopf M1,1,353.154,1.17584,282.141,2.73579e+21,0.0547157,0,0
169yb,70,169,24.1999,0.0016,46,1/2-,1319.83,0.012,1295.63,(1/2)-,,,1,M1,0.0227342,0.977266,0,1.40433,1296.18,1.00042,0.0801667,Weisskopf M1,1,367.06,1.22214,282.141,2.52386e+21,0.0504773,0,0
169yb,70,169,24.1999,0.0016,46,1/2-,1350.15,0.012,1325.95,(3/2-),,,1,M1,0.0620787,0.937921,0,1.22711,1327.45,1.00113,0.0859277,Weisskopf M1,2,751.3,1.25074,564.282,1.44417e+21,0.0288834,0,0
169yb,70,169,24.1999,0.0016,46,1/2-,1354.82,0.013,1330.62,(3/2-),,,0,M1,0.675415,0.324585,0,1.99438,1346.96,1.01228,0.0868389,Weisskopf M1,2,753.946,1.25515,564.282,8.88578e+20,0.0177716,0,0
169yb,70,169,24.1999,0.0016,46,1/2-,1395.4,0.011,1371.2,(5/2-),,,0,E2,0.00531611,0.994684,0,1.7551,1371.33,1.00009,0.000217626,Weisskopf E2,3,2.6689,1.29343,1.93839,2.93939e+23,5.87877,0,0
169yb,70,169,24.1999,0.0016,46,1/2-,1398.71,0.014,1374.51,(3/2)-,,,1,M1,0.384205,0.615795,0,1.43255,1383.81,1.00676,0.0957195,Weisskopf M1,2,778.817,1.29655,564.282,1.23707e+21,0.0247414,0,0
169yb,70,169,24.1999,0.0016,46,1/2-,1509.7,0.9,1485.5,1/2-,,,0,M1,0,0,1,0,0,0,0.120829,Weisskopf M1,1,420.852,1.40124,282.141,,,0,0
169yb,70,169,24.1999,0.0016,46,1/2-,1554.86,0.023,1530.66,(1/2-),,,1,M1,0.183914,0.816086,0,1.3545,1535.11,1.00291,0.132187,Weisskopf M1,1,433.646,1.44384,282.141,2.6167e+21,0.0523339,0,0
169yb,70,169,24.1999,0.0016,46,1/2-,1585.88,0.015,1561.68,(1/2-),,,0,M1,0.291355,0.708645,0,2.57798,1568.73,1.00451,0.140387,Weisskopf M1,1,442.433,1.4731,282.141,1.37485e+21,0.0274969,0,0
169yb,70,169,24.1999,0.0016,46,1/2-,1618.78,0.015,1594.58,1/2 3/2,,,1,,0.079626,0.920374,0,1.24032,1596.51,1.00121,,unknown,1,,1.50414,,,,0,0
169yb,70,169,24.1999,0.0016,46,1/2-,1657.95,0.022,1633.75,5/2+,,,0,M2,0.836303,0.163697,0,1.7467,1653.99,1.01239,8.19629e-06,Weisskopf M2,3,0.0708062,1.54108,0.0431614,1.32643e+25,265.287,0,0
169yb,70,169,24.1999,0.0016,46,1/2-,1694.43,0.06,1670.23,5/2+,,,0,M2,0.323559,0.676441,0,1.04301,1678.06,1.00469,9.1532e-06,Weisskopf M2,3,0.0756562,1.5755,0.0451105,2.12537e+25,425.073,0,0
169yb,70,169,24.1999,0.0016,46,1/2-,1696.36,0.015,1672.16,3/2-,,,0,M1,0.754948,0.245052,0,1.92189,1690.43,1.01093,0.172342,Weisskopf M1,2,947.47,1.57732,564.282,9.22095e+20,0.0184419,0,0
169yb,70,169,24.1999,0.0016,46,1/2-,1724.57,0.03,1700.37,(3/2-),,,0,M1,0.195826,0.804174,0,1.67091,1705.11,1.00279,0.181211,Weisskopf M1,2,963.452,1.60393,564.282,1.0606e+21,0.021212,0,0
169yb,70,169,24.1999,0.0016,46,1/2-,1745,0.8,1720.8,(1/2-),,,0,M1,0,0,1,0,0,0,0.187821,Weisskopf M1,1,487.514,1.6232,282.141,,,0,0
169yb,70,169,24.1999,0.0016,46,1/2-,1908.66,0.025,1884.46,5/2+,,,0,M2,0.762635,0.237365,0,2.49764,1902.91,1.00979,1.67349e-05,Weisskopf M2,3,0.108661,1.77757,0.0574246,6.97223e+24,139.445,0,0
176yb,70,176,1049.8,0.6,11.4,8-,1431,1.3,381.2,(10)+,1.2e-12,,0,M2,1,0,0,3.7515,1431,3.75393,5.8238e-09,Weisskopf M2,1.23529,0.000380517,0.352355,0.00101448,2.62755e+26,5255.1,0,0
176yb,70,176,1049.8,0.6,11.4,8-,1541.1,0.5,491.3,(6+),,,0,M2,1,0,0,2.62586,1541.1,3.13678,2.07098e-08,Weisskopf M2,0.764706,0.00050429,0.454124,0.00104317,3.65067e+26,7301.33,0,0
177yb,70,177,331.5,0.3,6.41,1/2-,375.3,0.7,43.8,(3/2)-,,,0,M1,0,0,1,0,0,0,3.09725e-06,Weisskopf M1,2,24.8177,0.0403712,577.484,,,0,1
177yb,70,177,331.5,0.3,6.41,1/2-,423.4,0.4,91.9,(5/2)-,,,1,E2,0,1,0,0.182815,91.9,1,3.13014e-10,Weisskopf E2,3,0.000854589,0.0847058,0.00947751,5.77156e+26,11543.1,0,1
177yb,70,177,331.5,0.3,6.41,1/2-,703.7,0.8,372.2,(3/2)-,,,0,M1,0.375,0,0.625,1.28736,263.888,0.708994,0.00190057,Weisskopf M1,2,210.893,0.343063,577.484,1.34512e+21,0.0269024,0,0
177yb,70,177,331.5,0.3,6.41,1/2-,770.6,1.1,439.1,(5/2)-,,,0,E2,0,0,1,0,0,0,7.79477e-07,Weisskopf E2,3,0.0932182,0.404726,0.216367,,,0,0
177yb,70,177,331.5,0.3,6.41,1/2-,831.9,1.4,500.4,(1/2 3/2),,,1,,0,1,0,1,500.4,1,,unknown,1,,0.461227,,,,0,0
177yb,70,177,331.5,0.3,6.41,1/2-,866.7,0.7,535.2,(1/2 3/2),,,1,,0.281046,0.0653595,0.653595,1.49641,278.563,0.520483,,unknown,1,,0.493303,,,,0,0
177yb,70,177,331.5,0.3,6.41,1/2-,939.4,0.8,607.9,(1/2 3/2),,,1,,5.55112e-17,0.666667,0.333333,1,405.267,0.666667,,unknown,1,,0.560312,,,,0,0
177yb,70,177,331.5,0.3,6.41,1/2-,997.6,0.8,666.1,(1/2- 3/2),,,1,,0,0.444444,0.555556,1.04164,296.044,0.444444,,unknown,1,,0.613956,,,,0,0
177yb,70,177,331.5,0.3,6.41,1/2-,1283.9,0.8,952.4,(1/2- 3/2),,,1,,0,1,0,1.06927,952.4,1,,unknown,1,,0.877843,,,,0,0
177yb,70,177,331.5,0.3,6.41,1/2-,1319.3,0.8,987.8,(1/2- 3/2),,,1,,0.0596026,0.278146,0.662252,1.13312,353.386,0.357751,,unknown,1,,0.910472,,,,0,0
177yb,70,177,331.5,0.3,6.41,1/2-,1358.5,0.9,1027,(3/2)-,,,0,M1,0.310105,0.0470212,0.642874,2.15924,469.568,0.457223,0.0399269,Weisskopf M1,2,581.912,0.946604,577.484,8.01971e+20,0.0160394,0,0
177yb,70,177,331.5,0.3,6.41,1/2-,1443.6,1.2,1112.1,(5/2)-,,,0,E2,0,0,1,0,0,0,8.1228e-05,Weisskopf E2,3,1.51441,1.02504,1.38788,,,0,0
177yb,70,177,331.5,0.3,6.41,1/2-,1700.7,0.9,1369.2,(1/2 3/2),,,1,,0.377297,0.0945344,0.528169,2.23474,771.105,0.563179,,unknown,1,,1.26202,,,,0,0
177yb,70,177,331.5,0.3,6.41,1/2-,1920.2,1.7,1588.7,(1/2- 3/2-),,,1,,0.408719,0.231298,0.359983,2.51125,1152.29,0.725301,,unknown,1,,1.46433,,,,0,0
177yb,70,177,331.5,0.3,6.41,1/2-,2136.7,2.1,1805.2,(1/2 3/2),,,1,,0,1,0,1,1805.2,1,,unknown,1,,1.66388,,,,0,0
157lu,71,157,20.9,2,4.79,(11/2-),558.09,0.1,537.19,(15/2-),,,1,E2,0,1,0,0.984707,537.19,1,1.82052e-06,Weisskopf E2,1.33333,0.0646518,0.52573,0.115523,8.79072e+24,175.814,0,0
166lu,71,166,34.37,0.22,84.6,3(-),57.2,0.3,22.83,(1)-,,,1,E2,0.058129,0.941871,0,0.00060551,22.3283,0.978027,2.71871e-13,Weisskopf E2,0.428571,1.71821e-06,0.0217288,7.42833e-05,2.22325e+31,4.44649e+08,1,1
166lu,71,166,34.37,0.22,84.6,3(-),60.5,0.4,26.13,(3+),,,1,E1,0,1,0,0.28169,26.13,1,3.54696e-05,Weisskopf E1,1,399.282,0.0248697,15082.1,2.35379e+20,0.00470758,1,1
166lu,71,166,34.37,0.22,84.6,3(-),135.9,0.3,101.53,1+,,,0,M2,0.118884,0.881116,0,0.61252,100.504,0.989895,7.5072e-12,Weisskopf M2,0.428571,2.39892e-06,0.0966328,2.33207e-05,7.00065e+28,1.40013e+06,0,0
166lu,71,166,34.37,0.22,84.6,3(-),341.2,0.4,306.83,1,,,1,,0.0280103,0.97199,0,1.00029,306.588,0.999212,,unknown,0.428571,,0.29203,,,,0,0
166lu,71,166,34.37,0.22,84.6,3(-),399.1,0.3,364.73,1(+),,,0,M2,0.194682,0.805318,0,1.04799,363.05,0.995394,4.49121e-09,Weisskopf M2,0.428571,0.000111211,0.347138,0.000300951,3.17064e+27,63412.8,0,0
166lu,71,166,34.37,0.22,84.6,3(-),434.7,0.4,400.33,1(+),,,0,M2,0.0732035,0.926797,0,1.15243,399.698,0.998422,7.15478e-09,Weisskopf M2,0.428571,0.000147057,0.381021,0.000362567,2.39329e+27,47865.8,0,0
166lu,71,166,34.37,0.22,84.6,3(-),543.7,0.4,509.33,1+,,,0,M2,0.0622428,0.937757,0,1.4549,508.793,0.998945,2.38508e-08,Weisskopf M2,0.428571,0.000302852,0.484763,0.000586882,1.17116e+27,23423.2,0,0
166lu,71,166,43,0.4,127.2,0-,57.2,0.3,14.2,(1)-,,,1,M1,0.941871,0.058129,0,0.00060551,22.3283,1.57242,1.0554e-07,Weisskopf M1,3,12.0689,0.0135151,838.877,1.9687e+24,39.3741,1,1
166lu,71,166,43,0.4,127.2,0-,135.9,0.3,92.9,1+,,,1,E1,0.881116,0.118884,0,0.61252,100.504,1.08185,0.00159399,Weisskopf E1,3,4258.71,0.0884191,45246.2,3.60826e+19,0.000721651,0,1
166lu,71,166,43,0.4,127.2,0-,399.1,0.3,356.1,1(+),,,1,E1,0.805318,0.194682,0,1.04799,363.05,1.01952,0.0897747,Weisskopf E1,3,16324.3,0.338924,45246.2,2.10892e+19,0.000421784,0,0
166lu,71,166,43,0.4,127.2,0-,434.7,0.4,391.7,1(+),,,0,E1,0.926797,0.0732035,0,1.15243,399.698,1.02042,0.119481,Weisskopf E1,3,17956.3,0.372807,45246.2,1.91779e+19,0.000383559,0,0
166lu,71,166,43,0.4,127.2,0-,543.7,0.4,500.7,1+,,,0,E1,0.937757,0.0622428,0,1.4549,508.793,1.01616,0.249557,Weisskopf E1,3,22953,0.476549,45246.2,1.51909e+19,0.000303819,0,0
169lu,71,169,29,0.5,160,1/2-,43.1,0.6,14.1,(5/2-),,,1,E2,0,1,0,1,14.1,1,2.50207e-14,Weisskopf E2,3,2.90192e-06,0.0133003,0.000204963,4.87892e+27,97578.4,1,1
169lu,71,169,29,0.5,160,1/2-,97.4,0.5,68.4,(1/2+),,,1,E1,0,1,0,0.517866,68.4,1,0.000643861,Weisskopf E1,1,1057.75,0.0645204,15400.5,1.25385e+20,0.0025077,0,1
169lu,71,169,29,0.5,160,1/2-,113.8,0.6,84.8,(3/2+),,,1,E1,0,1,0,1.22326,84.8,1,0.00122691,Weisskopf E1,2,2622.72,0.0799902,30801.1,2.6541e+19,0.000530819,0,1
169lu,71,169,29,0.5,160,1/2-,157.5,0.6,128.5,(3/2-),,,0,M1,0,1,0,2,128.5,1,7.82102e-05,Weisskopf M1,2,72.8098,0.121212,564.282,8.86081e+20,0.0177216,0,0
169lu,71,169,29,0.5,160,1/2-,185.8,0.8,156.8,(5/2+),,,0,M2,0,1,0,1.30946,156.8,1,6.67455e-11,Weisskopf M2,3,6.25971e-05,0.147906,0.000397574,1.92083e+27,38416.7,0,0
169lu,71,169,29,0.5,160,1/2-,225.1,0.6,196.1,(5/2+),,,0,M2,0,1,0,2.11163,196.1,1,2.04211e-10,Weisskopf M2,3,0.000122447,0.184977,0.000621843,7.61556e+26,15231.1,0,0
171lu,71,171,71.13,0.08,79,1/2-,73.01,0.09,1.88,5/2-,,,1,E2,0,1,0,1,1.88,1,1.07104e-18,Weisskopf E2,3,6.98738e-09,0.00176297,3.72324e-06,2.68583e+29,5.37167e+06,1,1
171lu,71,171,71.13,0.08,79,1/2-,206.44,0.12,135.31,(3/2)-,,,1,M1,0,1,0,1.33113,135.31,1,9.13153e-05,Weisskopf M1,2,76.6685,0.126887,567.611,1.32352e+21,0.0264704,0,0
171lu,71,171,71.13,0.08,79,1/2-,208.15,0.09,137.02,(1/2)+,2.97e-08,,1,E1,0,1,0,0.867152,137.02,1,1.53615e-08,measured,1,0.00628883,0.12849,0.045978,2.50816e+25,501.631,0,0
171lu,71,171,71.13,0.08,79,1/2-,220.71,0.09,149.58,(3/2)+,,,1,E1,0,1,0,1.51384,149.58,1,0.00678657,Weisskopf E1,2,4662.69,0.140268,31226.8,2.1154e+19,0.000423079,0,0
171lu,71,171,71.13,0.08,79,1/2-,295.58,0.04,224.45,5/2+,8.26e-10,,0,M2,0.786851,0.213149,0,1.01751,280.419,1.24936,4.04293e-10,Weisskopf M2,3,0.000185047,0.210478,0.000825897,1.18997e+27,23799.3,0,0
171lu,71,171,71.13,0.08,79,1/2-,333.8,0.1,262.67,(5/2)+,,,0,M2,0,1,0,1.79672,262.67,1,8.87463e-10,Weisskopf M2,3,0.000296588,0.246318,0.00113112,4.92053e+26,9841.06,0,0
171lu,71,171,71.13,0.08,79,1/2-,910.09,0.18,838.96,(5/2)+,,,0,M2,0,1,0,2.41771,838.96,1,2.94988e-07,Weisskopf M2,3,0.00966375,0.786733,0.011539,3.58448e+25,716.896,0,0
171lu,71,171,71.13,0.08,79,1/2-,968,2,896.87,(5/2-),,,0,E2,0,0,1,0,0,0,2.64645e-05,Weisskopf E2,3,0.758629,0.841038,0.847353,,,0,0
171lu,71,171,71.13,0.08,79,1/2-,1047,2,975.87,(3/2+),,,0,E1,0,0,1,0,0,0,1.88454,Weisskopf E1,2,30419.7,0.91512,31226.8,,,0,0
171lu,71,171,71.13,0.08,79,1/2-,1111,4,1039.87,(3/2-),,,0,M1,0,0,1,0,0,0,0.0414468,Weisskopf M1,2,589.204,0.975136,567.611,,,0,0
171lu,71,171,71.13,0.08,79,1/2-,1139,2,1067.87,(1/2+),,,0,E1,0,0,1,0,0,0,2.46936,Weisskopf E1,1,16643.8,1.00139,15613.4,,,0,0
171lu,71,171,71.13,0.08,79,1/2-,1156,2,1084.87,(1/2+),,,0,E1,0,0,1,0,0,0,2.58918,Weisskopf E1,1,16908.7,1.01734,15613.4,,,0,0
172lu,71,172,41.86,0.04,222,1-,65.79,0.04,23.93,(1)+,3.32e-07,,1,E1,0,1,0,0.232558,23.93,1,1.37421e-09,measured,1,0.0184447,0.022375,0.774388,5.55277e+24,111.055,1,1
172lu,71,172,41.86,0.04,222,1-,68,3,26.14,(3-),,,0,E2,0,0,1,0,0,0,5.60946e-13,Weisskopf E2,2.33333,1.47228e-05,0.0244414,0.000565867,,,1,1
172lu,71,172,41.86,0.04,222,1-,68,3,26.14,(3+),,,0,M2,0,0,1,0,0,0,8.69589e-15,Weisskopf M2,2.33333,2.28235e-07,0.0244414,8.77218e-06,,,1,1
172lu,71,172,41.86,0.04,222,1-,109.41,0.1,67.55,(1)+,0.00044,,1,E1,0,1,0,0.502513,67.55,1,1.0369e-12,measured,1,1.74659e-06,0.0631605,2.59774e-05,7.6605e+28,1.5321e+06,0,1
172lu,71,172,41.86,0.04,222,1-,109.85,0.04,67.99,(2)+,2.3e-09,,1,E1,0,1,0,0.249712,67.99,1,6.64151e-09,measured,1.66667,0.0184047,0.0635719,0.271965,1.47247e+25,294.494,0,1
172lu,71,172,41.86,0.04,222,1-,132,3,90.14,(2+),,,0,E1,0,0,1,0,0,0,0.00149098,Weisskopf E1,1.66667,2350.65,0.0842826,26199.9,,,0,1
172lu,71,172,41.86,0.04,222,1-,179.85,0.04,137.99,(1)+,,,0,E1,-2.22045e-16,1,0,0.419947,137.99,1,0.00534886,Weisskopf E1,1,2159.08,0.129023,15720,1.5148e+20,0.00302959,0,0
172lu,71,172,41.86,0.04,222,1-,191.6,0.04,149.74,(1)+,5e-10,LE,0,E1,0,1,0,0.47089,149.74,1,0.00683489,Weisskopf E1,1,2342.93,0.14001,15720,1.35092e+20,0.00270183,0,0
172lu,71,172,41.86,0.04,222,1-,196.58,0.11,154.72,(0 1 2)-,,,1,,0,1,0,0.478469,154.72,1,,unknown,1,,0.144666,,,,0,0
172lu,71,172,41.86,0.04,222,1-,232.33,0.1,190.47,(1)+,,,0,E1,0,1,0,0.702047,190.47,1,0.0140669,Weisskopf E1,1,2980.22,0.178093,15720,9.06112e+19,0.00181222,0,0
172lu,71,172,41.86,0.04,222,1-,237,5,195.14,(0+),,,0,E1,0,0,1,0,0,0,0.0151271,Weisskopf E1,0.333333,1017.76,0.182459,5239.99,,,0,0
172lu,71,172,41.86,0.04,222,1-,314,5,272.14,(2+),,,0,E1,0,0,1,0,0,0,0.0410294,Weisskopf E1,1.66667,7096.79,0.254456,26199.9,,,0,0
172lu,71,172,41.86,0.04,222,1-,355,5,313.14,(3+),,,0,M2,0,0,1,0,0,0,2.14525e-09,Weisskopf M2,2.33333,0.000392357,0.292792,0.00125885,,,0,0
172lu,71,172,41.86,0.04,222,1-,406,3,364.14,(2-),,,0,M1,0,0,1,0,0,0,0.00177975,Weisskopf M1,1.66667,171.939,0.340478,474.39,,,0,0
172lu,71,172,41.86,0.04,222,1-,466,3,424.14,(3-),,,0,E2,0,0,1,0,0,0,6.30869e-07,Weisskopf E2,2.33333,0.0628928,0.396579,0.148978,,,0,0
172lu,71,172,41.86,0.04,222,1-,513,3,471.14,(3-),,,0,E2,0,0,1,0,0,0,1.06695e-06,Weisskopf E2,2.33333,0.0862031,0.440525,0.183825,,,0,0
174lu,71,174,170.83,0.05,1.22688e+07,(6)-,200.297,0.005,29.467,(4-),,,0,E2,1,0,0,1.1991,200.297,6.79733,1.03697e-12,Weisskopf E2,0.692308,6.35474e-06,0.0273934,0.000217923,3.82686e+27,76537.2,1,1
174lu,71,174,170.83,0.05,1.22688e+07,(6)-,259.534,0.01,88.704,(4+),,,0,M2,1,0,0,2.05618,259.534,2.92584,3.9432e-12,Weisskopf M2,0.692308,2.66664e-06,0.0824618,3.03782e-05,1.60095e+28,320190,0,1
174lu,71,174,170.83,0.05,1.22688e+07,(6)-,302.45,0.08,131.62,(5+),,,0,E1,1,0,0,3.05618,302.45,2.2979,0.00467768,Weisskopf E1,0.846154,1756.06,0.122358,13482.1,2.42696e+19,0.000485393,0,0
174lu,71,174,170.83,0.05,1.22688e+07,(6)-,311.205,0.009,140.375,(5-),,,0,M1,1,0,0,1.9908,311.205,2.21695,0.000101958,Weisskopf M1,0.846154,33.6508,0.130497,242.241,2.0736e+21,0.0414721,0,0
174lu,71,174,170.83,0.05,1.22688e+07,(6)-,320.29,0.06,149.46,7-,,,1,M1,0,1,0,1,149.46,1,0.000123063,Weisskopf M1,1.15385,48.8573,0.138942,330.328,3.02729e+21,0.0605459,0,0
174lu,71,174,170.83,0.05,1.22688e+07,(6)-,365.183,0.006,194.353,(4-),1.45e-07,,0,E2,1,0,0,1.62496,365.183,1.87897,1.29433e-08,Weisskopf E2,0.692308,0.00182332,0.180676,0.0094801,6.49149e+25,1298.3,0,0
174lu,71,174,170.83,0.05,1.22688e+07,(6)-,367.55,0.08,196.72,(6+),,,0,E1,1,0,0,4.05618,367.55,1.86839,0.0156175,Weisskopf E1,1,3101.82,0.182877,15933.4,1.5473e+19,0.00030946,0,0
174lu,71,174,170.83,0.05,1.22688e+07,(6)-,420.664,0.009,249.834,(4+),,,0,M2,1,0,0,1.62514,420.664,1.68377,6.98861e-10,Weisskopf M2,0.692308,5.95786e-05,0.232253,0.000240979,2.55346e+27,51069.2,0,0
174lu,71,174,170.83,0.05,1.22688e+07,(6)-,431.41,0.06,260.58,(7+),1.5e-09,LT,1,E1,-2.22045e-16,1,0,1.30891,260.58,1,0.0362985,Weisskopf E1,1.15385,4740.86,0.242243,18384.7,4.15558e+19,0.000831116,0,0
174lu,71,174,170.83,0.05,1.22688e+07,(6)-,442.015,0.015,271.185,(6-),,,0,M1,1,0,0,2.81761,442.015,1.62994,0.000735107,Weisskopf M1,1,76.8285,0.252101,286.284,1.23971e+21,0.0247942,0,0
174lu,71,174,170.83,0.05,1.22688e+07,(6)-,453.82,0.09,282.99,(7+),,,0,E1,1,0,0,4.56123,453.82,1.60366,0.046492,Weisskopf E1,1.15385,5148.58,0.263076,18384.7,1.19251e+19,0.000238502,0,0
174lu,71,174,170.83,0.05,1.22688e+07,(6)-,456.5,0.5,285.67,(5-),,,1,M1,0,1,0,1,285.67,1,0.000859306,Weisskopf M1,0.846154,68.4811,0.265567,242.241,4.12813e+21,0.0825625,0,0
174lu,71,174,170.83,0.05,1.22688e+07,(6)-,481.003,0.014,310.173,(5-),,,0,M1,1,0,0,2.62496,481.003,1.55076,0.00109993,Weisskopf M1,0.846154,74.355,0.288346,242.241,1.57264e+21,0.0314529,0,0
174lu,71,174,170.83,0.05,1.22688e+07,(6)-,491.35,0.06,320.52,(8-),,,1,E2,0,1,0,1.33333,320.52,1,1.57893e-07,Weisskopf E2,1.30769,0.0154476,0.297965,0.0487021,1.53998e+25,307.995,0,0
174lu,71,174,170.83,0.05,1.22688e+07,(6)-,523,0.5,352.17,7-,,,0,M1,0,0,1,0,0,0,0.00160994,Weisskopf M1,1.15385,115.122,0.327387,330.328,,,0,0
174lu,71,174,170.83,0.05,1.22688e+07,(6)-,531.12,0.06,360.29,(4-),,,0,E2,1,0,0,3.62496,531.12,1.47415,2.83367e-07,Weisskopf E2,0.692308,0.0116157,0.334936,0.0325788,8.46763e+24,169.353,0,0
174lu,71,174,170.83,0.05,1.22688e+07,(6)-,531.3,0.5,360.47,(7+),,,1,E1,0,1,0,1.42197,360.47,1,0.0960888,Weisskopf E1,1.15385,6558.21,0.335103,18384.7,3.8252e+19,0.00076504,0,0
174lu,71,174,170.83,0.05,1.22688e+07,(6)-,537.41,0.06,366.58,(8+),,,0,M2,-2.22045e-16,1,0,2.30891,366.58,1,4.7531e-09,Weisskopf M2,1.30769,0.000355507,0.340783,0.000979987,4.41949e+26,8838.97,0,0
174lu,71,174,170.83,0.05,1.22688e+07,(6)-,561.21,0.09,390.38,(8+),,,0,M2,1,0,0,5.36413,561.21,1.4376,6.50985e-09,Weisskopf M2,1.30769,0.000429343,0.362909,0.00111137,1.67742e+26,3354.85,0,0
174lu,71,174,170.83,0.05,1.22688e+07,(6)-,575.662,0.013,404.832,(5+),,,0,E1,1,0,0,2.62514,575.662,1.42198,0.13611,Weisskopf E1,0.846154,5401.23,0.376344,13482.1,2.82546e+19,0.000565091,0,0
174lu,71,174,170.83,0.05,1.22688e+07,(6)-,591.3,0.5,420.47,(6-),,,1,M1,0,1,0,1.32432,420.47,1,0.00274005,Weisskopf M1,1,119.122,0.390881,286.284,2.63759e+21,0.0527519,0,0
174lu,71,174,170.83,0.05,1.22688e+07,(6)-,594.244,0.017,423.414,(6+),,,0,E1,1,0,0,2.71994,594.244,1.40346,0.155726,Weisskopf E1,1,6676.26,0.393618,15933.4,2.30744e+19,0.000461489,0,0
174lu,71,174,170.83,0.05,1.22688e+07,(6)-,595.567,0.017,424.737,(7-),,,0,M1,1,0,0,3.5141,595.567,1.4022,0.00282432,Weisskopf M1,1.15385,138.843,0.394848,330.328,8.61471e+20,0.0172294,0,0
174lu,71,174,170.83,0.05,1.22688e+07,(6)-,619.167,0.019,448.337,(6-),,,0,M1,1,0,0,3.61506,619.167,1.38103,0.00332175,Weisskopf M1,1,127.017,0.416787,286.284,9.66244e+20,0.0193249,0,0
174lu,71,174,170.83,0.05,1.22688e+07,(6)-,654.43,0.06,483.6,(5-),,,0,M1,0.588235,0.411765,0,3.67129,584.088,1.20779,0.00416882,Weisskopf M1,0.846154,115.929,0.449569,242.241,1.12443e+21,0.0224887,0,0
174lu,71,174,170.83,0.05,1.22688e+07,(6)-,659.1,0.3,488.27,(8+),,,0,M2,-2.22045e-16,1,0,2.9928,488.27,1,1.99266e-08,Weisskopf M2,1.30769,0.000840083,0.45391,0.00173861,1.92185e+26,3843.7,0,0
174lu,71,174,170.83,0.05,1.22688e+07,(6)-,672.04,0.06,501.21,(4+),,,0,M2,1,0,0,2.05618,672.04,1.34084,2.27108e-08,Weisskopf M2,0.692308,0.000481055,0.465939,0.000969875,5.01446e+26,10028.9,0,0
174lu,71,174,170.83,0.05,1.22688e+07,(6)-,747.6,0.5,576.77,(7-),,,0,M1,0,1,0,2.12531,576.77,1,0.00707232,Weisskopf M1,1.15385,188.542,0.536182,330.328,1.4244e+21,0.0284881,0,0
174lu,71,174,170.83,0.05,1.22688e+07,(6)-,755.3,0.2,584.47,(5+),,,0,E1,1,0,0,3.05618,755.3,1.29228,0.409592,Weisskopf E1,0.846154,7797.94,0.54334,13482.1,2.42696e+19,0.000485393,0,0
174lu,71,174,170.83,0.05,1.22688e+07,(6)-,766.366,0.02,595.536,(8-),,,0,E2,1,0,0,4.12716,766.366,1.28685,3.49645e-06,Weisskopf E2,1.30769,0.0990878,0.553628,0.168133,1.4411e+24,28.8221,0,0
174lu,71,174,170.83,0.05,1.22688e+07,(6)-,773.89,0.05,603.06,(4+),,,0,M2,1,0,0,2.84113,773.89,1.28327,5.72712e-08,Weisskopf M2,0.692308,0.000837948,0.560622,0.0014041,2.50675e+26,5013.5,0,0
174lu,71,174,170.83,0.05,1.22688e+07,(6)-,779.11,0.04,608.28,(7-),,,0,M1,1,0,0,4.60526,779.11,1.28084,0.00829592,Weisskopf M1,1.15385,198.842,0.565475,330.328,6.57356e+20,0.0131471,0,0
174lu,71,174,170.83,0.05,1.22688e+07,(6)-,782.3,0.03,611.47,(7+),,,0,E1,1,0,0,3.71994,782.3,1.27938,0.469019,Weisskopf E1,1.15385,11124.8,0.56844,18384.7,1.4622e+19,0.00029244,0,0
174lu,71,174,170.83,0.05,1.22688e+07,(6)-,800.57,0.07,629.74,(6-),,,0,M1,1,0,0,4.62496,800.57,1.27127,0.00920529,Weisskopf M1,1,178.41,0.585425,286.284,7.55256e+20,0.0151051,0,0
174lu,71,174,170.83,0.05,1.22688e+07,(6)-,842.79,0.13,671.96,(8+),,,0,M2,1,0,0,4.71994,842.79,1.25423,9.83672e-08,Weisskopf M2,1.30769,0.00218964,0.624674,0.00329283,6.43419e+25,1286.84,0,0
174lu,71,174,170.83,0.05,1.22688e+07,(6)-,859.9,0.2,689.07,(6+),,,0,E1,1,0,0,4.05618,859.9,1.24791,0.671205,Weisskopf E1,1,10865,0.64058,15933.4,1.5473e+19,0.00030946,0,0
174lu,71,174,170.83,0.05,1.22688e+07,(6)-,877.4,0.5,706.57,(7-),,,1,M1,0,1,0,2.00704,706.57,1,0.0130023,Weisskopf M1,1.15385,230.972,0.656848,330.328,1.50834e+21,0.0301667,0,0
174lu,71,174,170.83,0.05,1.22688e+07,(6)-,878.2,0.3,707.37,(5+),,,0,E1,1,0,0,3.84113,878.2,1.2415,0.726115,Weisskopf E1,0.846154,9437.66,0.657592,13482.1,1.931e+19,0.0003862,0,0
174lu,71,174,170.83,0.05,1.22688e+07,(6)-,926.9,0.5,756.07,(8-),,,0,E2,1.11022e-16,1,0,2.6071,756.07,1,1.15318e-05,Weisskopf E2,1.30769,0.20276,0.702865,0.270995,1.41541e+24,28.3082,0,0
174lu,71,174,170.83,0.05,1.22688e+07,(6)-,960.56,0.11,789.73,(8-),,,0,E2,1,0,0,5.60526,960.56,1.21631,1.43377e-05,Weisskopf E2,1.30769,0.231064,0.734156,0.295661,6.03407e+23,12.0681,0,0
174lu,71,174,170.83,0.05,1.22688e+07,(6)-,970,4,799.17,(7-),,,0,M1,0,0,1,0,0,0,0.0188136,Weisskopf M1,1.15385,261.243,0.742932,330.328,,,0,0
174lu,71,174,170.83,0.05,1.22688e+07,(6)-,979.6,0.2,808.77,(7+),,,0,E1,1,0,0,5.05618,979.6,1.21122,1.08528,Weisskopf E1,1.15385,14714.4,0.751856,18384.7,1.07577e+19,0.000215155,0,0
174lu,71,174,170.83,0.05,1.22688e+07,(6)-,1005.4,0.5,834.57,(6+),,,0,E1,1,0,0,4.18324,1005.4,1.20469,1.19249,Weisskopf E1,1,13159.2,0.775841,15933.4,1.5003e+19,0.00030006,0,0
174lu,71,174,170.83,0.05,1.22688e+07,(6)-,1438,3,1267.17,(5-),,,0,M1,0,0,1,0,0,0,0.0749995,Weisskopf M1,0.846154,303.767,1.178,242.241,,,0,0
176lu,71,176,122.845,0.004,13190.4,1-,194.358,0.004,71.513,1+,3.5e-08,,1,E1,0,1,0,0.471698,71.513,1,1.30354e-08,measured,1,0.019591,0.0661018,0.278416,7.61451e+24,152.29,0,1
176lu,71,176,122.845,0.004,13190.4,1-,233.1,0.004,110.255,2+,,,0,E1,0,1,0,0.539725,110.255,1,0.00277057,Weisskopf E1,1.66667,2919.61,0.101912,26912.2,6.8846e+19,0.00137692,0,0
176lu,71,176,122.845,0.004,13190.4,1-,235.767,0.004,112.922,3-,,,1,E2,0,1,0,0.318471,112.922,1,8.70158e-10,Weisskopf E2,2.33333,0.00122383,0.104377,0.0110145,2.85079e+26,5701.57,0,0
176lu,71,176,122.845,0.004,13190.4,1-,236.908,0.004,114.063,0-,,,1,M1,0,1,0,0.278552,114.063,1,5.47001e-05,Weisskopf M1,0.333333,10.7716,0.105432,95.975,3.74056e+22,0.748112,0,0
176lu,71,176,122.845,0.004,13190.4,1-,299.349,0.004,176.504,3+,,,0,M2,0,1,0,0.621088,176.504,1,1.23941e-10,Weisskopf M2,2.33333,7.13486e-05,0.163148,0.000410822,3.91916e+27,78383.2,0,0
176lu,71,176,122.845,0.004,13190.4,1-,305.26,0.004,182.415,2-,,,1,M1,0,1,0,0.511629,182.415,1,0.000223736,Weisskopf M1,1.66667,86.1323,0.168612,479.875,4.07302e+21,0.0814604,0,0
176lu,71,176,122.845,0.004,13190.4,1-,338.844,0.004,215.999,1+,,,1,E1,0,1,0,0.862531,215.999,1,0.0208319,Weisskopf E1,1,3431.86,0.199655,16147.3,7.18002e+19,0.001436,0,0
176lu,71,176,122.845,0.004,13190.4,1-,381.342,0.004,258.497,2+,,,1,E1,0,1,0,1.07791,258.497,1,0.035706,Weisskopf E1,1.66667,6845.13,0.238937,26912.2,3.44723e+19,0.000689446,0,0
176lu,71,176,122.845,0.004,13190.4,1-,386.571,0.004,263.726,1-,,,1,M1,0,1,0,1.23865,263.726,1,0.000676103,Weisskopf M1,1,74.7153,0.24377,287.925,2.80395e+21,0.0560791,0,0
176lu,71,176,122.845,0.004,13190.4,1-,433.037,0.004,310.192,2-,,,1,M1,0,1,0,1.20505,310.192,1,0.00110013,Weisskopf M1,1.66667,146.466,0.28672,479.875,1.72928e+21,0.0345857,0,0
176lu,71,176,122.845,0.004,13190.4,1-,450.108,0.004,327.263,3+,,,0,M2,1.11022e-16,1,0,1.24628,327.263,1,2.71598e-09,Weisskopf M2,2.33333,0.000454792,0.3025,0.00141234,5.68128e+26,11362.6,0,0
176lu,71,176,122.845,0.004,13190.4,1-,504.861,0.004,382.016,3-,,,1,E2,1.11022e-16,1,0,1.30818,382.016,1,3.85579e-07,Weisskopf E2,2.33333,0.0473838,0.35311,0.126058,6.06404e+24,121.281,0,0
176lu,71,176,122.845,0.004,13190.4,1-,637.76,0.004,514.915,1-,,,0,M1,1.11022e-16,1,0,1.98908,514.915,1,0.00503223,Weisskopf M1,1,145.879,0.475952,287.925,1.7461e+21,0.034922,0,0
176lu,71,176,122.845,0.004,13190.4,1-,658.434,0.004,535.589,3-,6.3e-09,,0,E2,0,1,0,1.88581,535.589,1,2.08864e-06,Weisskopf E2,2.33333,0.130581,0.495062,0.247783,2.14009e+24,42.8018,0,0
176lu,71,176,122.845,0.004,13190.4,1-,687.854,0.004,565.009,2-,,,0,M1,0,1,0,1.97652,565.009,1,0.00664844,Weisskopf M1,1.66667,266.785,0.522256,479.875,1.05432e+21,0.0210863,0,0
176lu,71,176,122.845,0.004,13190.4,1-,734.358,0.004,611.513,3+,,,0,M2,-2.22045e-16,1,0,1.90208,611.513,1,6.18687e-08,Weisskopf M2,2.33333,0.00296715,0.565241,0.00493124,1.06614e+26,2132.29,0,0
176lu,71,176,122.845,0.004,13190.4,1-,763.626,0.004,640.781,3-,,,0,E2,5.04124e-05,0.99995,0,2.29523,640.787,1.00001,5.11981e-06,Weisskopf E2,2.33333,0.223622,0.592294,0.354672,1.22842e+24,24.5684,0,0
176lu,71,176,122.845,0.004,13190.4,1-,780.177,0.024,657.332,0-,,,1,M1,0,1,0,1,657.332,1,0.0104691,Weisskopf M1,0.333333,62.0755,0.607593,95.975,1.04194e+22,0.208388,0,0
176lu,71,176,122.845,0.004,13190.4,1-,792.227,0.006,669.382,(2)+,,,1,E1,0,1,0,1.78239,669.382,1,0.620007,Weisskopf E1,1.66667,17725.6,0.618731,26912.2,2.08472e+19,0.000416945,0,0
176lu,71,176,122.845,0.004,13190.4,1-,796.632,0.008,673.787,1-,,,1,M1,0,1,0,1.2456,673.787,1,0.0112751,Weisskopf M1,1,190.888,0.622803,287.925,2.78831e+21,0.0557662,0,0
176lu,71,176,122.845,0.004,13190.4,1-,832.394,0.006,709.549,2-,,,1,M1,0,1,0,1.16003,709.549,1,0.0131674,Weisskopf M1,1.66667,335.033,0.655859,479.875,1.79639e+21,0.0359279,0,0
176lu,71,176,122.845,0.004,13190.4,1-,843.407,0.004,720.562,3-,,,0,E2,9.83439e-05,0.999902,0,2.59625,720.574,1.00002,9.20582e-06,Weisskopf E2,2.33333,0.31798,0.666039,0.448488,8.58822e+23,17.1764,0,0
176lu,71,176,122.845,0.004,13190.4,1-,866.356,0.004,743.511,2+,,,0,E1,0,1,0,1.8029,743.511,1,0.849643,Weisskopf E1,1.66667,19688.5,0.687251,26912.2,2.06101e+19,0.000412202,0,0
176lu,71,176,122.845,0.004,13190.4,1-,883.46,0.005,760.615,3-,,,0,E2,0,1,0,1.64597,760.615,1,1.20651e-05,Weisskopf E2,2.33333,0.374007,0.703061,0.499733,1.21574e+24,24.3148,0,0
176lu,71,176,122.845,0.004,13190.4,1-,909.64,0.05,786.795,(2-),,,1,M1,0,1,0,1.21306,786.795,1,0.0179531,Weisskopf M1,1.66667,371.507,0.72726,479.875,1.71787e+21,0.0343573,0,0
176lu,71,176,122.845,0.004,13190.4,1-,930.756,0.005,807.911,3+,,,0,M2,1.5783e-05,0.999984,0,1.99068,807.913,1,2.49035e-07,Weisskopf M2,2.33333,0.00684247,0.746778,0.00860739,5.83617e+25,1167.23,0,0
176lu,71,176,122.845,0.004,13190.4,1-,957.879,0.004,835.034,3-,,,0,E2,2.08564e-05,0.999979,0,2.73604,835.037,1,1.92409e-05,Weisskopf E2,2.33333,0.494878,0.771849,0.602305,6.06823e+23,12.1365,0,0
176lu,71,176,122.845,0.004,13190.4,1-,960.18,0.004,837.335,(3)-,7e-10,,0,E2,0.0325487,0.967451,0,2.19747,841.333,1.00478,1.95075e-05,Weisskopf E2,2.33333,0.49898,0.773976,0.605629,7.51399e+23,15.028,0,0
176lu,71,176,122.845,0.004,13190.4,1-,990.4,1,867.555,(3+),,,0,M2,0,1,0,2.07209,867.555,1,3.55572e-07,Weisskopf M2,2.33333,0.00847253,0.801909,0.00992519,4.86243e+25,972.485,0,0
176lu,71,176,122.845,0.004,13190.4,1-,1029.66,0.006,906.816,(2)-,,,1,M1,1.11022e-16,1,0,1.9954,906.816,1,0.027486,Weisskopf M1,1.66667,428.178,0.838199,479.875,1.04434e+21,0.0208868,0,0
176lu,71,176,122.845,0.004,13190.4,1-,1057,8,934.155,(0+),,,0,E1,0,0,1,0,0,0,1.68512,Weisskopf E1,0.333333,4947.38,0.863469,5382.43,,,0,0
176lu,71,176,122.845,0.004,13190.4,1-,1100.4,0.018,977.557,(3)-,,,0,E2,5.17174e-05,0.999948,0,2.25691,977.563,1.00001,4.23074e-05,Weisskopf E2,2.33333,0.793984,0.903587,0.825452,5.36776e+23,10.7355,0,0
176lu,71,176,122.845,0.004,13190.4,1-,1510,2,1387.15,(3+),,,0,M2,0,0,1,0,0,0,3.71593e-06,Weisskopf M2,2.33333,0.0346336,1.28219,0.0253743,,,0,0
177lu,71,177,970.176,0.0024,1.38586e+07,23/2-,1073.64,0.0019,103.463,19/2-,,,0,E2,1,0,0,3.4773,1073.64,10.3771,5.6611e-10,Weisskopf E2,0.833333,0.000338733,0.0953632,0.00333677,8.61848e+25,1723.7,0,0
177lu,71,177,970.176,0.0024,1.38586e+07,23/2-,1093.66,0.006,123.485,19/2+,,,0,M2,1,0,0,2.96954,1093.66,8.85661,2.08525e-11,Weisskopf M2,0.833333,8.75891e-06,0.113819,7.22916e-05,4.65825e+27,93164.9,0,0
177lu,71,177,970.176,0.0024,1.38586e+07,23/2-,1243,0.4,272.824,25/2-,,,1,M1,0,1,0,0.819001,272.824,1,0.000748519,Weisskopf M1,1.08333,83.734,0.251467,312.804,3.90341e+21,0.0780682,0,0
177lu,71,177,970.176,0.0024,1.38586e+07,23/2-,1322.18,0.003,352.008,21/2-,,,0,M1,1,0,0,4.11079,1322.18,3.75612,0.00160773,Weisskopf M1,0.916667,91.4158,0.324452,264.68,9.19081e+20,0.0183816,0,0
177lu,71,177,970.176,0.0024,1.38586e+07,23/2-,1324.4,0.4,354.224,25/2+,6.2e-08,,1,E1,0,1,0,1.10461,354.224,1,5.45405e-09,measured,1.08333,0.000361933,0.326495,0.00104136,8.69341e+26,17386.8,0,0
177lu,71,177,970.176,0.0024,1.38586e+07,23/2-,1352.5,0.4,382.324,21/2+,,,0,E1,1,0,0,3.45518,1352.5,3.53757,0.115961,Weisskopf E1,0.916667,5589.35,0.352395,14899.9,1.94244e+19,0.000388488,0,0
177lu,71,177,970.176,0.0024,1.38586e+07,23/2-,1536.6,0.4,566.424,27/2-,,,1,E2,1.11022e-16,1,0,1.27409,566.424,1,2.78417e-06,Weisskopf E2,1.16667,0.0778147,0.522083,0.140014,5.60567e+24,112.113,0,0
177lu,71,177,970.176,0.0024,1.38586e+07,23/2-,1542.9,0.5,572.724,(21/2-),,,0,M1,1,0,0,3.75141,1542.9,2.69397,0.00692454,Weisskopf M1,0.916667,148.735,0.52789,264.68,1.00713e+21,0.0201425,0,0
177lu,71,177,970.176,0.0024,1.38586e+07,23/2-,1588.7,0.4,618.524,23/2-,,,0,M1,1,0,0,4.83178,1588.7,2.56853,0.00872216,Weisskopf M1,1,175.232,0.570105,288.742,7.16776e+20,0.0143355,0,0
177lu,71,177,970.176,0.0024,1.38586e+07,23/2-,1605.8,0.5,635.624,27/2+,,,0,M2,0,1,0,2.10461,635.624,1,7.53503e-08,Weisskopf M2,1.16667,0.00167238,0.585866,0.00268155,1.77191e+26,3543.83,0,0
177lu,71,177,970.176,0.0024,1.38586e+07,23/2-,1623.25,0.011,653.074,19/2+,,,0,M2,1,0,0,3.46437,1623.25,2.48555,8.62771e-08,Weisskopf M2,0.833333,0.00129566,0.60195,0.00202201,1.42756e+26,2855.11,0,0
177lu,71,177,970.176,0.0024,1.38586e+07,23/2-,1629.7,0.5,659.524,(23/2+),,,0,E1,1,0,0,3.95417,1629.7,2.47102,0.59526,Weisskopf E1,1,10518.4,0.607895,16254.4,1.55587e+19,0.000311174,0,0
177lu,71,177,970.176,0.0024,1.38586e+07,23/2-,1671.3,0.7,701.124,(19/2-),,,0,E2,1,0,0,3.36654,1671.3,2.38374,8.09024e-06,Weisskopf E2,0.833333,0.105413,0.646238,0.153233,1.9385e+24,38.77,0,0
177lu,71,177,970.176,0.0024,1.38586e+07,23/2-,1746.55,0.008,776.372,(19/2+),,,0,M2,1,0,0,3.81245,1746.55,2.24963,2.04849e-07,Weisskopf M2,0.833333,0.00217678,0.715596,0.00285757,9.17907e+25,1835.81,0,0
177lu,71,177,970.176,0.0024,1.38586e+07,23/2-,1804.3,0.5,834.124,(19/2+),,,0,M2,1,0,0,4.63854,1804.3,2.16311,2.93249e-07,Weisskopf M2,0.833333,0.00269958,0.768827,0.00329852,6.53581e+25,1307.16,0,0
177lu,71,177,970.176,0.0024,1.38586e+07,23/2-,1829.25,0.008,859.076,(19/2+),,,0,M2,1,0,0,3.8327,1829.25,2.12932,3.39814e-07,Weisskopf M2,0.833333,0.00294917,0.791825,0.00349881,7.45718e+25,1491.44,0,0
177lu,71,177,970.176,0.0024,1.38586e+07,23/2-,1872.2,0.4,902.024,25/2-,,,0,M1,1,0,0,5.29688,1872.2,2.07555,0.0270526,Weisskopf M1,1.08333,276.845,0.831411,312.804,6.03543e+20,0.0120709,0,0
177lu,71,177,970.176,0.0024,1.38586e+07,23/2-,1922,0.7,951.824,(25/2+),,,0,E1,1,0,0,4.44189,1922,2.01928,1.78931,Weisskopf E1,1.08333,16445.1,0.877313,17608.9,1.2785e+19,0.0002557,0,0
177lu,71,177,970.176,0.0024,1.38586e+07,23/2-,1925.7,0.7,955.524,(21/2-),,,0,M1,1,0,0,4.03044,1925.7,2.01533,0.0321573,Weisskopf M1,0.916667,248.148,0.880723,264.68,9.37404e+20,0.0187481,0,0
177lu,71,177,970.176,0.0024,1.38586e+07,23/2-,1976.9,0.7,1006.72,(25/2-),,,0,M1,1,0,0,4.72531,1976.9,1.9637,0.0376085,Weisskopf M1,1.08333,308.979,0.927915,312.804,6.76547e+20,0.0135309,0,0
177lu,71,177,970.176,0.0024,1.38586e+07,23/2-,2173.7,0.6,1203.52,(27/2-),,,0,E2,1,0,0,5.81931,2173.7,1.80611,0.000120576,Weisskopf E2,1.16667,0.74645,1.10931,0.632119,2.7185e+23,5.43701,0,0
177lu,71,177,970.176,0.0024,1.38586e+07,23/2-,2200.5,0.7,1230.32,(23/2-),,,0,M1,1,0,0,4.71479,2200.5,1.78855,0.0686456,Weisskopf M1,1,348.559,1.13401,288.742,7.34561e+20,0.0146912,0,0
177lu,71,177,970.176,0.0024,1.38586e+07,23/2-,2345.3,1.2,1375.12,(23/2+),,,0,E1,1,0,0,5.63854,2345.3,1.70552,5.39561,Weisskopf E1,1,21931.1,1.26748,16254.4,1.0911e+19,0.000218219,0,0
178lu,71,178,123.8,2.6,1386,(9-),133,6,9.2,7-,,,0,E2,0,0,1,0,0,0,3.17094e-15,Weisskopf E2,0.789474,2.27328e-07,0.00845595,2.52546e-05,,,1,1
178lu,71,178,123.8,2.6,1386,(9-),187,1,63.2,(8+),,,0,E1,0,0,1,0,0,0,0.000525771,Weisskopf E1,0.894737,905.235,0.0580887,14639.3,,,0,1
178lu,71,178,123.8,2.6,1386,(9-),332,6,208.2,(8-),,,0,M1,0,0,1,0,0,0,0.000332656,Weisskopf M1,0.894737,52.7756,0.191362,259.077,,,0,0
178lu,71,178,123.8,2.6,1386,(9-),334,2,210.2,(10-),,,0,M1,0,0,1,0,0,0,0.000342335,Weisskopf M1,1.10526,65.8196,0.1932,320.036,,,0,0
178lu,71,178,123.8,2.6,1386,(9-),499,2,375.2,(7+),,,0,M2,0,0,1,0,0,0,5.42036e-09,Weisskopf M2,0.789474,0.000233638,0.344856,0.000636438,,,0,0
178lu,71,178,123.8,2.6,1386,(9-),553,6,429.2,(9-),,,0,M1,0,0,1,0,0,0,0.00291429,Weisskopf M1,1,121.595,0.394488,289.556,,,0,0
178lu,71,178,123.8,2.6,1386,(9-),821,6,697.2,(10-),,,0,M1,0,0,1,0,0,0,0.0124918,Weisskopf M1,1.10526,218.313,0.640814,320.036,,,0,0
178lu,71,178,123.8,2.6,1386,(9-),1364,6,1240.2,7-,,,0,E2,0,0,1,0,0,0,0.000141159,Weisskopf E2,0.789474,0.556884,1.1399,0.458933,,,0,0
171hf,72,171,21.93,0.09,29.5,1/2(-),49.6,0.08,27.67,(5/2-),6.4e-08,,0,E2,1,0,0,0.691085,49.6,1.79256,7.39712e-13,Weisskopf E2,3,2.22776e-05,0.0259475,0.000806536,1.79409e+27,35881.9,1,1
171hf,72,171,21.93,0.09,29.5,1/2(-),88.55,0.08,66.62,(3/2-),,,1,M1,0,1,0,0.0588235,66.62,1,1.08985e-05,Weisskopf M1,2,37.7478,0.0624728,567.611,2.99501e+22,0.599001,0,1
171hf,72,171,21.93,0.09,29.5,1/2(-),102.61,0.08,80.68,(5/2-),,,1,E2,0,1,0,0.107969,80.68,1,1.559e-10,Weisskopf E2,3,0.000552254,0.0756575,0.00685705,1.35072e+27,27014.4,0,1
171hf,72,171,21.93,0.09,29.5,1/2(-),492.57,0.09,470.64,(5/2+),,,0,M2,1,0,0,1,492.57,1.0466,1.63886e-08,Weisskopf M2,3,0.00170604,0.441342,0.00363132,2.75382e+26,5507.64,0,0
171hf,72,171,21.93,0.09,29.5,1/2(-),494.1,0.1,472.17,(5/2-),,,0,E2,1,0,0,1.71891,494.1,1.04645,1.07031e-06,Weisskopf E2,3,0.110697,0.442777,0.234856,2.47711e+24,49.5421,0,0
171hf,72,171,21.93,0.09,29.5,1/2(-),559.96,0.09,538.03,(3/2-),,,1,M1,0,1,0,1.02842,538.03,1,0.00574081,Weisskopf M1,2,304.855,0.504537,567.611,1.71308e+21,0.0342616,0,0
171hf,72,171,21.93,0.09,29.5,1/2(-),624.76,0.09,602.83,(5/2-),,,0,E2,1.11022e-16,1,0,1.12585,602.83,1,3.63071e-06,Weisskopf E2,3,0.23037,0.565303,0.38282,2.32019e+24,46.4037,0,0
177hf,72,177,1315.45,0.0008,1.09,23/2+,1342.4,1,26.9498,(19/2-),5.59e-05,,0,M2,1,0,0,3.20161,1342.4,49.8111,1.03243e-14,Weisskopf M2,0.833333,9.10481e-08,0.0248401,3.44325e-06,9.07117e+28,1.81423e+06,1,1
177hf,72,177,1315.45,0.0008,1.09,23/2+,1520.6,0.3,205.15,23/2-,,,0,E1,1,0,0,3.76372,1520.6,7.41214,0.0179155,Weisskopf E1,1,3271.81,0.18909,16254.4,1.6346e+19,0.000326921,0,0
177hf,72,177,1315.45,0.0008,1.09,23/2+,1561.36,0.19,245.91,23/2+,,,0,M1,1,0,0,4.4324,1561.36,6.34932,0.000548127,Weisskopf M1,1,69.6679,0.226659,288.742,7.81361e+20,0.0156272,0,0
177hf,72,177,1315.45,0.0008,1.09,23/2+,1583,1.1,267.55,(21/2-),,,0,E1,1,0,0,3.94899,1583,5.91666,0.0397401,Weisskopf E1,0.916667,3911.41,0.246605,14899.9,1.69954e+19,0.000339908,0,0
177hf,72,177,1315.45,0.0008,1.09,23/2+,1592.75,0.21,277.3,25/2+,,,1,M1,0,1,0,0.820345,277.3,1,0.000785964,Weisskopf M1,1.08333,85.1076,0.255592,312.804,3.89701e+21,0.0779403,0,0
177hf,72,177,1315.45,0.0008,1.09,23/2+,1713.15,0.24,397.7,25/2-,1e-09,LT,1,E1,1.11022e-16,1,0,1.59101,397.7,1,0.130521,Weisskopf E1,1.08333,6871.24,0.366567,17608.9,3.5694e+19,0.00071388,0,0
177hf,72,177,1315.45,0.0008,1.09,23/2+,1798.2,0.3,482.75,25/2-,,,0,E1,1,0,0,4.21423,1798.2,3.72491,0.233443,Weisskopf E1,1.08333,8340.69,0.444959,17608.9,1.34756e+19,0.000269513,0,0
177hf,72,177,1315.45,0.0008,1.09,23/2+,1803.06,0.22,487.61,25/2+,,,0,M1,1,0,0,4.9246,1803.06,3.69775,0.00427338,Weisskopf M1,1.08333,149.655,0.449438,312.804,6.49168e+20,0.0129834,0,0
177hf,72,177,1315.45,0.0008,1.09,23/2+,1845.9,1.1,530.45,(23/2-),,,0,E1,1,0,0,4.68749,1845.9,3.47988,0.309704,Weisskopf E1,1,8459.84,0.488925,16254.4,1.31247e+19,0.000262494,0,0
177hf,72,177,1315.45,0.0008,1.09,23/2+,1887.75,0.23,572.3,27/2+,,,1,E2,1.11022e-16,1,0,1.59203,572.3,1,2.9316e-06,Weisskopf E2,1.16667,0.0802614,0.527499,0.142934,4.39454e+24,87.8908,0,0
177hf,72,177,1315.45,0.0008,1.09,23/2+,1925.3,0.6,609.85,(21/2-),,,0,E1,0,0,1,3.93179,0,0,0.470634,Weisskopf E1,0.916667,8915.63,0.562109,14899.9,1.70698e+19,0.000341395,0,0
177hf,72,177,1315.45,0.0008,1.09,23/2+,1968,0.3,652.55,27/2-,,,0,M2,1.11022e-16,1,0,2.3668,652.55,1,8.59312e-08,Weisskopf M2,1.16667,0.00180956,0.601466,0.00282626,1.49494e+26,2989.89,0,0
177hf,72,177,1315.45,0.0008,1.09,23/2+,2005.1,0.6,689.65,(21/2-),,,0,E1,0,0,1,3.94241,0,0,0.680613,Weisskopf E1,0.916667,10082.3,0.635662,14899.9,1.70238e+19,0.000340476,0,0
177hf,72,177,1315.45,0.0008,1.09,23/2+,2048.2,1,732.75,(19/2-),,,0,M2,1,0,0,4.94739,2048.2,2.79522,1.53413e-07,Weisskopf M2,0.833333,0.00183009,0.675388,0.00254547,7.94063e+25,1588.13,0,0
177hf,72,177,1315.45,0.0008,1.09,23/2+,2070.2,0.4,754.75,(23/2-),,,0,E1,1.11022e-16,1,0,2.59101,754.75,1,0.892121,Weisskopf E1,1,12037.1,0.695666,16254.4,2.37444e+19,0.000474887,0,0
177hf,72,177,1315.45,0.0008,1.09,23/2+,2091,0.4,775.55,27/2-,,,0,M2,1,0,0,4.74991,2091,2.69615,2.03766e-07,Weisskopf M2,1.16667,0.00303782,0.714838,0.00399213,5.27363e+25,1054.73,0,0
177hf,72,177,1315.45,0.0008,1.09,23/2+,2124,1.1,808.55,(25/2-),,,0,E1,1,0,0,5.35783,2124,2.62693,1.09682,Weisskopf E1,1.08333,13969.7,0.745254,17608.9,1.05993e+19,0.000211987,0,0
177hf,72,177,1315.45,0.0008,1.09,23/2+,2128.5,0.3,813.05,27/2+,,,0,E2,1,0,0,5.46411,2128.5,2.61792,1.69657e-05,Weisskopf E2,1.16667,0.230138,0.749402,0.288485,6.34392e+23,12.6878,0,0
177hf,72,177,1315.45,0.0008,1.09,23/2+,2335.9,0.3,1020.45,(25/2-),,,0,E1,2.22045e-16,1,0,3.13064,1020.45,1,2.2049,Weisskopf E1,1.08333,17630.8,0.940566,17608.9,1.81399e+19,0.000362797,0,0
177hf,72,177,1315.45,0.0008,1.09,23/2+,2409.6,0.3,1094.15,(27/2-),,,0,M2,1.11022e-16,1,0,3.27378,1094.15,1,1.13885e-06,Weisskopf M2,1.16667,0.00853027,1.0085,0.00794582,3.84425e+25,768.85,0,0
177hf,72,177,1315.45,0.0008,1.09,23/2+,2416.5,1.1,1101.05,(27/2-),,,0,M2,1,0,0,6.04984,2416.5,2.19472,1.17522e-06,Weisskopf M2,1.16667,0.00869267,1.01486,0.00804636,2.05427e+25,410.854,0,0
177hf,72,177,1315.45,0.0008,1.09,23/2+,2418,0.4,1102.55,(27/2-),,,0,M2,2.22045e-16,1,0,4.13064,1102.55,1,1.18324e-06,Weisskopf M2,1.16667,0.00872825,1.01624,0.00806829,3.00055e+25,600.11,0,0
177hf,72,177,1315.45,0.0008,1.09,23/2+,2451.4,0.7,1135.95,(25/2-),,,0,E1,0,0,1,4.91504,0,0,3.04153,Weisskopf E1,1.08333,19626.3,1.04702,17608.9,1.15542e+19,0.000231084,0,0
177hf,72,177,1315.45,0.0008,1.09,23/2+,2539.1,0.7,1223.65,(25/2-),,,0,E1,0,0,1,4.94241,0,0,3.80177,Weisskopf E1,1.08333,21141.6,1.12786,17608.9,1.14902e+19,0.000229805,0,0
177hf,72,177,1315.45,0.0008,1.09,23/2+,2589.8,1,1274.35,(23/2-),,,0,E1,1,0,0,5.93177,2589.8,2.03225,4.29418,Weisskopf E1,1,20323.9,1.17459,16254.4,1.03716e+19,0.000207432,0,0
177hf,72,177,1315.45,0.0008,1.09,23/2+,2615.3,0.4,1299.85,(27/2-),,,0,M2,1.11022e-16,1,0,3.83798,1299.85,1,2.69494e-06,Weisskopf M2,1.16667,0.0143025,1.19809,0.0112143,2.32341e+25,464.682,0,0
177hf,72,177,2740.02,0.15,3084,37/2-,2865.5,0.4,125.48,33/2+,,,0,M2,1,0,0,3.74445,1550.05,12.353,2.2592e-11,Weisskopf M2,0.894737,9.86744e-06,0.115657,8.01462e-05,3.33218e+27,66643.7,0,0
177hf,72,177,2740.02,0.15,3084,37/2-,2882,0.4,141.98,33/2-,,,0,E2,1,0,0,4.44823,1566.55,11.0336,2.755e-09,Weisskopf E2,0.894737,0.000939866,0.130865,0.00674671,3.33212e+25,666.424,0,0
177hf,72,177,2740.02,0.15,3084,37/2-,2936,0.5,195.98,(33/2-),,,1,E2,0,1,0,1,195.98,1,1.38053e-08,Weisskopf E2,0.894737,0.00247184,0.180638,0.0128547,7.77927e+25,1555.85,0,0
177hf,72,177,2740.02,0.15,3084,37/2-,3015.8,0.5,275.78,33/2+,,,0,M2,1,0,0,6.93771,3015.8,10.9355,1.1585e-09,Weisskopf M2,0.894737,0.000104754,0.254191,0.000387132,3.72327e+26,7446.54,0,0
177hf,72,177,2740.02,0.15,3084,37/2-,3053.7,0.6,313.68,33/2-,,,0,E2,1,0,0,6.19197,3053.7,9.73508,1.45018e-07,Weisskopf E2,0.894737,0.0101355,0.289124,0.0329315,4.90411e+24,98.0822,0,0
177hf,72,177,2740.02,0.15,3084,37/2-,3105.2,0.5,365.18,39/2+,1e-09,LT,1,E1,0,1,0,0.986855,365.18,1,0.10105,Weisskopf E1,1.05263,6130.57,0.336593,17109.9,5.92243e+19,0.00118449,0,0
177hf,72,177,2740.02,0.15,3084,37/2-,3141.2,0.4,401.18,39/2-,,,1,M1,0,1,0,0.921234,401.18,1,0.00237997,Weisskopf M1,1.05263,119.639,0.369775,303.939,3.57144e+21,0.0714289,0,0
177hf,72,177,2740.02,0.15,3084,37/2-,3217.4,0.4,477.38,35/2+,,,0,E1,1,0,0,4.48267,1901.95,3.98414,0.225739,Weisskopf E1,0.947368,7212.75,0.440009,15398.9,1.44868e+19,0.000289737,0,0
177hf,72,177,2740.02,0.15,3084,37/2-,3228.8,0.4,488.78,35/2-,,,0,M1,1,0,0,5.06638,1913.35,3.91454,0.00430422,Weisskopf M1,0.947368,131.186,0.450517,273.545,7.21561e+20,0.0144312,0,0
177hf,72,177,2740.02,0.15,3084,37/2-,3237.4,0.6,497.38,(33/2-),,,0,E2,1,0,0,5.78774,1921.95,3.86415,1.45354e-06,Weisskopf E2,0.894737,0.0404063,0.458444,0.0827969,2.08678e+24,41.7356,0,0
177hf,72,177,2740.02,0.15,3084,37/2-,3302.5,0.6,562.48,(35/2-),,,0,M1,0,1,0,2,562.48,1,0.00655957,Weisskopf M1,0.947368,150.967,0.518448,273.545,1.82785e+21,0.0365571,0,0
177hf,72,177,2740.02,0.15,3084,37/2-,3398.7,0.6,658.68,35/2-,,,0,M1,1,0,0,6.72966,3398.7,5.15987,0.0105336,Weisskopf M1,0.947368,176.787,0.607117,273.545,5.43223e+20,0.0108645,0,0
177hf,72,177,2740.02,0.15,3084,37/2-,3465,0.5,724.98,41/2+,,,0,M2,0,1,0,1.88444,724.98,1,1.4545e-07,Weisskopf M2,1.10526,0.00235087,0.668227,0.00330488,1.60569e+26,3211.38,0,0
177hf,72,177,2740.02,0.15,3084,37/2-,3517.8,0.5,777.78,35/2+,,,0,E1,1,0,0,7.4463,3517.8,4.52287,0.976304,Weisskopf E1,0.947368,11751.5,0.716893,15398.9,8.72107e+18,0.000174421,0,0
177hf,72,177,2740.02,0.15,3084,37/2-,3562.2,0.4,822.18,41/2-,,,1,E2,0,1,0,1.66818,822.18,1,1.79399e-05,Weisskopf E2,1.10526,0.225453,0.757817,0.279474,2.14494e+24,42.8988,0,0
177hf,72,177,2740.02,0.15,3084,37/2-,3579.1,0.4,839.08,37/2+,,,0,E1,1,0,0,5.22607,2263.65,2.69778,1.22581,Weisskopf E1,1,13382,0.773394,16254.4,1.17721e+19,0.000235442,0,0
177hf,72,177,2740.02,0.15,3084,37/2-,3582.1,0.6,842.08,(33/2+),,,0,M2,1,0,0,4.53274,2266.65,2.69173,3.07503e-07,Weisskopf M2,0.894737,0.00298223,0.77616,0.00360945,6.11222e+25,1222.44,0,0
177hf,72,177,2740.02,0.15,3084,37/2-,3593.3,0.5,853.28,37/2-,,,0,M1,1,0,0,5.69783,2277.85,2.66952,0.0228996,Weisskopf M1,1,241.74,0.786483,288.742,6.07828e+20,0.0121566,0,0
177hf,72,177,2740.02,0.15,3084,37/2-,3685.8,0.6,945.78,(37/2-),,,0,M1,0,1,0,2.80063,945.78,1,0.0311835,Weisskopf M1,1,267.946,0.871742,288.742,1.23662e+21,0.0247323,0,0
177hf,72,177,2740.02,0.15,3084,37/2-,3703.4,0.6,963.38,37/2+,,,0,E1,1,0,0,7.92872,3703.4,3.84417,1.85527,Weisskopf E1,1,15364.4,0.887964,16254.4,7.75937e+18,0.000155187,0,0
177hf,72,177,2740.02,0.15,3084,37/2-,3753.7,0.6,1013.68,37/2-,,,0,M1,1,0,0,7.18333,3753.7,3.70304,0.0383934,Weisskopf M1,1,287.182,0.934326,288.742,4.8213e+20,0.0096426,0,0
177hf,72,177,2740.02,0.15,3084,37/2-,3948.5,0.5,1208.48,39/2+,,,0,E1,1,0,0,5.92773,2633.05,2.17881,3.66212,Weisskopf E1,1.05263,20287.7,1.11388,17109.9,9.85973e+18,0.000197195,0,0
177hf,72,177,2740.02,0.15,3084,37/2-,4120.9,0.7,1380.88,39/2-,,,0,M1,1,0,0,7.72159,4120.9,2.98426,0.0970558,Weisskopf M1,1.05263,411.803,1.27278,303.939,4.26096e+20,0.00852191,0,0
177hf,72,177,2740.02,0.15,3084,37/2-,4497.8,0.7,1757.78,41/2-,,,0,E2,1,0,0,8.17578,4497.8,2.5588,0.000801325,Weisskopf E2,1.10526,2.20317,1.62018,1.27743,9.57489e+22,1.91498,0,0
178hf,72,178,1147.42,0.006,4,8-,1364.08,0.009,216.662,9-,,,1,M1,0,1,0,0.778816,216.662,1,0.000374888,Weisskopf M1,1.11765,68.6032,0.199139,323.622,3.9676e+21,0.0793519,0,0
178hf,72,178,1147.42,0.006,4,8-,1479.03,0.007,331.609,8-,,,1,M1,0,1,0,0.87581,331.609,1,0.0013441,Weisskopf M1,1,93.947,0.30479,289.556,3.94327e+21,0.0788655,0,0
178hf,72,178,1147.42,0.006,4,8-,1554,0.004,406.581,6+,7.75e-08,,1,M2,0.986573,0.0134273,0,2.16061,1538.59,3.78422,7.90455e-11,measured,0.764706,2.81048e-06,0.373699,7.06496e-06,6.55111e+28,1.31022e+06,0,0
178hf,72,178,1147.42,0.006,4,8-,1570.3,0.8,422.884,10+,1.03e-12,,0,M2,1,0,0,3.88356,1570.3,3.71331,9.85871e-09,Weisskopf M2,1.23529,0.000523421,0.388683,0.00126504,2.03547e+26,4070.93,0,0
178hf,72,178,1147.42,0.006,4,8-,1601.48,0.01,454.068,10-,,,1,E2,0,1,0,1.22517,454.068,1,9.28652e-07,Weisskopf E2,1.23529,0.0427646,0.417345,0.0962587,8.47938e+24,169.588,0,0
178hf,72,178,1147.42,0.006,4,8-,1648.84,0.005,501.422,(6)-,,,0,E2,1,0,0,2.8683,1648.84,3.28832,1.52498e-06,Weisskopf E2,0.764706,0.0356497,0.460869,0.0726656,4.79785e+24,95.9571,0,0
178hf,72,178,1147.42,0.006,4,8-,1691.08,0.011,543.667,6+,,,0,M2,1,0,0,2.6342,1691.08,3.11051,3.46241e-08,Weisskopf M2,0.764706,0.00068851,0.499698,0.00129435,2.93291e+26,5865.81,0,0
178hf,72,178,1147.42,0.006,4,8-,1697.5,1,550.084,(9-),,,0,M1,0,1,0,1.77882,550.084,1,0.00613537,Weisskopf M1,1.11765,174.177,0.505596,323.622,1.73713e+21,0.0347425,0,0
178hf,72,178,1147.42,0.006,4,8-,1731.06,0.004,583.648,(6)+,,,0,M2,1,0,0,3.01417,1731.06,2.96594,4.93706e-08,Weisskopf M2,0.764706,0.000851852,0.536445,0.00149173,2.22404e+26,4448.09,0,0
178hf,72,178,1147.42,0.006,4,8-,1741.7,0.8,594.284,(7+),,,0,E1,0.986573,0.0134273,0,3.16061,1726.29,2.90483,0.437147,Weisskopf E1,0.882353,8394.31,0.546221,14436.7,2.19161e+19,0.000438321,0,0
178hf,72,178,1147.42,0.006,4,8-,1781.26,0.004,633.848,(6)-,,,0,E2,0.998547,0.00145296,0,2.85062,1779.6,2.80761,4.92237e-06,Weisskopf E2,0.764706,0.0720114,0.582585,0.116116,3.02112e+24,60.4225,0,0
178hf,72,178,1147.42,0.006,4,8-,1788.6,0.004,641.182,6+,,,0,M2,0.997008,0.00299232,0,2.89938,1785.16,2.78418,7.89988e-08,Weisskopf M2,0.764706,0.00112942,0.589326,0.00180032,1.91577e+26,3831.55,0,0
178hf,72,178,1147.42,0.006,4,8-,1890,0.9,742.584,7+,,,0,E1,1,0,0,3.13963,1890,2.54517,0.852869,Weisskopf E1,0.882353,10489.1,0.682527,14436.7,2.20624e+19,0.000441249,0,0
178hf,72,178,1147.42,0.006,4,8-,1939.1,0.7,791.684,(10-),,,0,E2,1.11022e-16,1,0,1.96414,791.684,1,1.49626e-05,Weisskopf E2,1.23529,0.226661,0.727656,0.292619,1.7399e+24,34.798,0,0
178hf,72,178,1147.42,0.006,4,8-,1947.95,0.004,800.535,(7)-,,,0,M1,0.998273,0.00172737,0,3.25642,1945.97,2.43084,0.0189101,Weisskopf M1,0.882353,200.115,0.735791,255.491,1.20195e+21,0.0240389,0,0
178hf,72,178,1147.42,0.006,4,8-,1952,0.8,804.584,(8+),,,0,E1,0.986573,0.0134273,0,4.1507,1936.59,2.40695,1.08483,Weisskopf E1,1,12880.1,0.739513,16361.6,1.47249e+19,0.000294499,0,0
178hf,72,178,1147.42,0.006,4,8-,1953.68,0.005,806.266,7+,,,0,E1,0.999848,0.000151923,0,3.19977,1953.51,2.42291,1.09164,Weisskopf E1,0.882353,11388.6,0.741059,14436.7,2.16478e+19,0.000432956,0,0
178hf,72,178,1147.42,0.006,4,8-,2082.2,0.6,934.784,8+,,,0,E1,0.999003,0.000997441,0,3.81167,2081.06,2.22624,1.70129,Weisskopf E1,1,14964.4,0.859183,16361.6,1.60346e+19,0.000320693,0,0
178hf,72,178,1147.42,0.006,4,8-,2137.4,1,989.984,(8-),,,0,M1,0.998547,0.00145296,0,3.85062,2135.73,2.15734,0.0357634,Weisskopf M1,1,280.469,0.909919,289.556,8.96885e+20,0.0179377,0,0
178hf,72,178,1147.42,0.006,4,8-,2154.1,0.7,1006.68,8+,,,0,E1,0.998504,0.00149616,0,3.90041,2152.38,2.13809,2.12484,Weisskopf E1,1,16115.4,0.925268,16361.6,1.56698e+19,0.000313397,0,0
178hf,72,178,1147.42,0.006,4,8-,2183.4,1,1035.98,(9+),,,0,E1,0.986573,0.0134273,0,4.75348,2167.99,2.09269,2.31582,Weisskopf E1,1.11765,18535.6,0.952198,18286.5,1.15043e+19,0.000230085,0,0
178hf,72,178,1147.42,0.006,4,8-,2315.8,0.9,1168.38,9+,,,0,E1,1,0,0,4.02054,2315.8,1.98205,3.32202,Weisskopf E1,1.11765,20904.5,1.07389,18286.5,1.36015e+19,0.00027203,0,0
178hf,72,178,1147.42,0.006,4,8-,2349.7,1,1202.28,9+,,,0,E1,0.999848,0.000151923,0,4.19977,2349.53,1.95422,3.61965,Weisskopf E1,1.11765,21511,1.10505,18286.5,1.3021e+19,0.00026042,0,0
178hf,72,178,1147.42,0.006,4,8-,2433.7,1.1,1286.28,(10+),,,0,M2,0.986573,0.0134273,0,5.43789,2418.29,1.88006,2.56684e-06,Weisskopf M2,1.23529,0.0147298,1.18226,0.0117041,1.5712e+25,314.241,0,0
178hf,72,178,1147.42,0.006,4,8-,2440.2,1.1,1292.78,(10+),,,0,M2,1,0,0,4.3925,2440.2,1.88755,2.63235e-06,Weisskopf M2,1.23529,0.0149543,1.18823,0.0118227,1.92563e+25,385.126,0,0
178hf,72,178,1147.42,0.006,4,8-,2537.8,0.9,1390.38,10+,,,0,M2,0.999668,0.00033248,0,4.53222,2537.42,1.82498,3.78781e-06,Weisskopf M2,1.23529,0.0186034,1.27794,0.0136752,1.61345e+25,322.69,0,0
178hf,72,178,1147.42,0.006,4,8-,2604.2,0.9,1456.78,10+,,,0,M2,0.999252,0.000748081,0,4.89199,2603.34,1.78705,4.78288e-06,Weisskopf M2,1.23529,0.021398,1.33897,0.0150125,1.36164e+25,272.327,0,0
178hf,72,178,2446.09,0.08,9.78265e+08,16+,2572.4,0.3,126.31,14-,6.8e-05,,1,M2,0.481004,0.518996,0,1.59875,750.978,5.94551,3.48214e-12,measured,0.878788,1.4742e-06,0.116095,1.19288e-05,5.24354e+28,1.04871e+06,0,0
178hf,72,178,2446.09,0.08,9.78265e+08,16+,2749.1,1,303.01,(14-),,,0,M2,1,0,0,3.28034,1601.68,5.28591,1.86208e-09,Weisskopf M2,0.878788,0.000136985,0.278504,0.000462052,6.59765e+26,13195.3,0,0
178hf,72,178,2446.09,0.08,9.78265e+08,16+,2776.6,1.2,330.51,14+,3.3e-13,,0,E2,1,0,0,5.8592,2776.6,8.40096,1.89746e-07,Weisskopf E2,0.878788,0.0117325,0.30378,0.0362812,4.70415e+24,94.0829,0,0
178hf,72,178,2446.09,0.08,9.78265e+08,16+,2803.5,0.3,357.41,17+,,,1,M1,0,1,0,1,357.41,1,0.00168288,Weisskopf M1,1.06061,107.393,0.328504,307.105,3.25621e+21,0.0651243,0,0
178hf,72,178,2446.09,0.08,9.78265e+08,16+,2909.1,0.9,463.01,(15-),,,0,E1,0.481004,0.518996,0,2.59875,1087.68,2.34915,0.206736,Weisskopf E1,0.939394,6962.85,0.425564,15370,2.50359e+19,0.000500718,0,0
178hf,72,178,2446.09,0.08,9.78265e+08,16+,3084.3,1,638.21,15-,,,0,E1,1,0,0,3.8633,1936.88,3.03487,0.541423,Weisskopf E1,0.939394,9597.54,0.586594,15370,1.6841e+19,0.000336821,0,0
178hf,72,178,2446.09,0.08,9.78265e+08,16+,3100.6,0.7,654.51,(14-),,,0,M2,1,0,0,3.8633,1953.18,2.98419,8.75579e-08,Weisskopf M2,0.878788,0.00138054,0.601576,0.00215581,1.20069e+26,2401.38,0,0
178hf,72,178,2446.09,0.08,9.78265e+08,16+,3180.9,0.7,734.81,18+,,,1,E2,0,1,0,1.5,734.81,1,1.03068e-05,Weisskopf E2,1.12121,0.1645,0.675382,0.228805,2.91369e+24,58.2738,0,0
178hf,72,178,2446.09,0.08,9.78265e+08,16+,3263.7,0.9,817.61,16-,,,0,E1,0.481004,0.518996,0,3.09875,1442.28,1.76402,1.13837,Weisskopf E1,1,13088.7,0.751485,16361.6,1.97237e+19,0.000394474,0,0
178hf,72,178,2446.09,0.08,9.78265e+08,16+,3435,1.4,988.91,16+,,,0,M1,1,0,0,6.8592,3435,3.47352,0.0356471,Weisskopf M1,1,280.165,0.908931,289.556,5.03493e+20,0.0100699,0,0
178hf,72,178,2446.09,0.08,9.78265e+08,16+,3521.8,1.1,1075.71,(14+),,,0,E2,1,0,0,6.37053,3521.8,3.27393,6.92986e-05,Weisskopf E2,0.878788,0.404503,0.988711,0.384328,4.08434e+23,8.16869,0,0
178hf,72,178,2446.09,0.08,9.78265e+08,16+,3595.5,1.4,1149.41,14+,,,0,E2,1,0,0,8.06705,3580.09,3.11472,9.65214e-05,Weisskopf E2,0.878788,0.49347,1.05645,0.438795,2.82503e+23,5.65006,0,0
178hf,72,178,2446.09,0.08,9.78265e+08,16+,3624.7,1.5,1178.61,14+,,,0,E2,1,0,0,6.14948,3624.64,3.07535,0.000109421,Weisskopf E2,0.878788,0.532042,1.08329,0.461373,3.5246e+23,7.04919,0,0
178hf,72,178,2446.09,0.08,9.78265e+08,16+,3741.2,1.7,1295.11,14+,,,0,E2,1,0,0,6.89199,3740.34,2.88805,0.0001753,Weisskopf E2,0.878788,0.70592,1.19037,0.55709,2.60454e+23,5.20907,0,0
178hf,72,178,2446.09,0.08,9.78265e+08,16+,3902,0.5,1455.91,15+,,,0,M1,1,0,0,8.72997,3886.59,2.66953,0.113752,Weisskopf M1,0.939394,387.471,1.33816,272.007,4.21121e+20,0.00842241,0,0
178hf,72,178,2446.09,0.08,9.78265e+08,16+,3927.8,2,1481.71,15+,,,0,M1,1,0,0,6.95205,3927.8,2.65086,0.119907,Weisskopf M1,0.939394,394.337,1.36188,272.007,5.28818e+20,0.0105764,0,0
178hf,72,178,2446.09,0.08,9.78265e+08,16+,3997,0.5,1550.91,15+,,,0,M1,1,0,0,7.19977,3996.83,2.57708,0.137503,Weisskopf M1,0.939394,412.754,1.42548,272.007,5.10623e+20,0.0102125,0,0
178hf,72,178,2446.09,0.08,9.78265e+08,16+,4119.4,1.7,1673.31,18+,,,0,E2,1,0,0,7.8592,4119.4,2.46183,0.000631147,Weisskopf E2,1.12121,1.94253,1.53798,1.1865,1.07239e+23,2.14478,0,0
178hf,72,178,2446.09,0.08,9.78265e+08,16+,4178.8,1.3,1732.71,(16+),,,0,M1,1,0,0,7.36297,4178.8,2.41171,0.191748,Weisskopf M1,1,490.888,1.59258,289.556,4.69044e+20,0.00938088,0,0
178hf,72,178,2446.09,0.08,9.78265e+08,16+,4417.2,2,1971.11,16+,,,0,M1,1,0,0,7.89199,4416.34,2.24054,0.282284,Weisskopf M1,1,558.429,1.8117,289.556,4.37603e+20,0.00875207,0,0
179hf,72,179,375.035,0.0025,18.67,1/2-,420.894,0.0025,45.8591,3/2-,,,1,M1,0,1,0,0.11236,45.8591,1,3.55492e-06,Weisskopf M1,2,25.9844,0.0420323,580.737,1.53254e+22,0.306507,0,1
179hf,72,179,375.035,0.0025,18.67,1/2-,476.334,0.0025,101.299,5/2-,,,1,E2,0.000254124,0.999746,0,0.281483,101.394,1.00094,5.17031e-10,Weisskopf E2,3,0.0011618,0.0928459,0.0117549,3.02224e+26,6044.48,0,0
179hf,72,179,375.035,0.0025,18.67,1/2-,518.328,0.0024,143.293,5/2-,2e-10,LT,1,E2,0.935309,0.0646912,0,1.71569,494.066,3.44795,2.92828e-09,Weisskopf E2,3,0.00328843,0.131335,0.0235211,2.47802e+25,495.604,0,0
179hf,72,179,375.035,0.0025,18.67,1/2-,614.204,0.003,239.169,1/2-,5e-10,,1,M1,2.11041e-06,0.999998,0,0.758486,239.17,1,1.13107e-07,measured,1,0.0151978,0.219211,0.0651283,2.02433e+25,404.867,0,0
179hf,72,179,375.035,0.0025,18.67,1/2-,679.516,0.003,304.481,3/2-,,,1,M1,0.576859,0.423141,0,1.7153,520.823,1.71053,0.00104048,Weisskopf M1,2,172.523,0.279073,580.737,1.00388e+21,0.0200776,0,0
179hf,72,179,375.035,0.0025,18.67,1/2-,701.055,0.0025,326.02,5/2-,,,1,E2,0.251649,0.748351,0,1.17889,420.397,1.28948,1.78531e-07,Weisskopf E2,3,0.0387302,0.298815,0.121758,6.96675e+24,139.335,0,0
179hf,72,179,375.035,0.0025,18.67,1/2-,720.613,0.003,345.578,3/2-,3e-10,LE,1,M1,0.618225,0.381775,0,1.90861,577.434,1.67092,0.00152122,Weisskopf M1,2,195.809,0.316741,580.737,9.02201e+20,0.018044,0,0
179hf,72,179,375.035,0.0025,18.67,1/2-,788.185,0.003,413.15,5/2-,,,1,E2,0.624851,0.375149,0,2.02822,647.491,1.56721,5.83486e-07,Weisskopf E2,3,0.0788206,0.378674,0.195535,2.52151e+24,50.4301,0,0
179hf,72,179,375.035,0.0025,18.67,1/2-,1003.65,0.004,628.615,5/2+,,,0,M2,0.997893,0.00210669,0,1.06773,1002.86,1.59535,7.18222e-08,Weisskopf M2,3,0.00419096,0.576159,0.00683317,1.37062e+26,2741.25,0,0
179hf,72,179,375.035,0.0025,18.67,1/2-,1074.7,1,699.665,(5/2-),,,0,E2,1,0,0,1.94073,1074.7,1.53602,8.12723e-06,Weisskopf E2,3,0.382813,0.64128,0.560776,9.18849e+23,18.377,0,0
179hf,72,179,375.035,0.0025,18.67,1/2-,1150.41,0.005,775.376,1/2+,,,1,E1,0.209588,0.790412,0,1.70422,853.979,1.10137,0.974551,Weisskopf E1,1,12459,0.710673,16468.9,3.56297e+19,0.000712594,0,0
179hf,72,179,375.035,0.0025,18.67,1/2-,1185.85,0.005,810.813,3/2+,,,1,E1,0.0685869,0.931413,0,1.40288,836.535,1.03172,1.11437,Weisskopf E1,2,26056.8,0.743153,32937.7,2.16414e+19,0.000432828,0,0
179hf,72,179,375.035,0.0025,18.67,1/2-,1235.44,0.004,860.405,5/2+,,,0,M2,0.147669,0.852331,0,1.79199,915.786,1.06437,3.45025e-07,Weisskopf M2,3,0.0107465,0.788607,0.0128014,4.3592e+25,871.84,0,0
179hf,72,179,375.035,0.0025,18.67,1/2-,1249.55,0.006,874.517,3/2-,,,0,M1,0.732908,0.267092,0,2.00201,1149.38,1.31431,0.0246523,Weisskopf M1,2,495.513,0.801541,580.737,8.60109e+20,0.0172022,0,0
179hf,72,179,375.035,0.0025,18.67,1/2-,1269.44,0.006,894.41,3/2-,,,0,M1,0.54266,0.45734,0,2.08535,1097.93,1.22754,0.0263732,Weisskopf M1,2,506.785,0.819774,580.737,8.25738e+20,0.0165148,0,0
179hf,72,179,375.035,0.0025,18.67,1/2-,1313.5,0.013,938.465,5/2-,,,0,E2,0.76093,0.23907,0,2.087,1223.84,1.30409,3.52844e-05,Weisskopf E2,3,0.923785,0.860153,1.00889,4.74933e+23,9.49867,0,0
179hf,72,179,375.035,0.0025,18.67,1/2-,1433.19,0.011,1058.15,3/2-,,,0,M1,0.256417,0.743583,0,1.60547,1154.32,1.09088,0.0436717,Weisskopf M1,2,599.564,0.969855,580.737,1.07255e+21,0.0214511,0,0
179hf,72,179,375.035,0.0025,18.67,1/2-,1458.99,0.009,1083.96,3/2-,,,1,M1,0.541244,0.458756,0,1.88926,1286.94,1.18726,0.0469453,Weisskopf M1,2,614.186,0.993506,580.737,9.11441e+20,0.0182288,0,0
179hf,72,179,375.035,0.0025,18.67,1/2-,1482.03,0.005,1107,3/2+,,,0,E1,0.472474,0.527526,0,2.39522,1284.19,1.16007,2.836,Weisskopf E1,2,35575.2,1.01462,32937.7,1.26754e+19,0.000253508,0,0
179hf,72,179,375.035,0.0025,18.67,1/2-,1530.2,0.5,1155.16,1/2+,,,0,E1,0,0,1,0,0,0,3.22255,Weisskopf E1,1,18561.6,1.05877,16468.9,,,0,0
179hf,72,179,375.035,0.0025,18.67,1/2-,1532.28,0.005,1157.24,5/2+,,,0,M2,0.837239,0.162761,0,2.43546,1471.24,1.27133,1.51865e-06,Weisskopf M2,3,0.0261476,1.06067,0.023158,1.77304e+25,354.607,0,0
179hf,72,179,375.035,0.0025,18.67,1/2-,1534.6,0.5,1159.56,(5/2-),,,0,E2,0,0,1,0,0,0,0.000101617,Weisskopf E2,3,1.74262,1.0628,1.54028,,,0,0
179hf,72,179,375.035,0.0025,18.67,1/2-,1572.56,0.03,1197.52,3/2-,,,1,M1,0.520579,0.479421,0,2.01673,1392.76,1.16303,0.0633005,Weisskopf M1,2,678.534,1.0976,580.737,8.53831e+20,0.0170766,0,0
179hf,72,179,375.035,0.0025,18.67,1/2-,1614.12,0.013,1239.09,3/2- 1/2-,,,1,,0.402583,0.597417,0,1.92644,1390.07,1.12185,,unknown,1,,1.13569,,,,0,0
179hf,72,179,375.035,0.0025,18.67,1/2-,1658.4,0.5,1283.36,(1/2-),,,0,M1,0,0,1,0,0,0,0.077912,Weisskopf M1,1,363.586,1.17627,290.369,,,0,0
179hf,72,179,375.035,0.0025,18.67,1/2-,1665.7,0.5,1290.66,1/2+,,,0,E1,0,0,1,0,0,0,4.49478,Weisskopf E1,1,20738.8,1.18296,16468.9,,,0,0
179hf,72,179,375.035,0.0025,18.67,1/2-,1668.96,0.006,1293.92,3/2+,,,1,E1,0.144314,0.855686,0,2.44416,1348.04,1.04183,4.52889,Weisskopf E1,2,41582.3,1.18595,32937.7,1.24216e+19,0.000248432,0,0
179hf,72,179,375.035,0.0025,18.67,1/2-,1687.13,0.04,1312.09,(3/2)-,,,0,M1,0.573678,0.426322,0,2.58772,1527.24,1.16397,0.0832625,Weisskopf M1,2,743.45,1.20261,580.737,6.6543e+20,0.0133086,0,0
179hf,72,179,375.035,0.0025,18.67,1/2-,1706.06,0.01,1331.03,(3/2)-,,,1,M1,0.416596,0.583404,0,2.01941,1487.26,1.11738,0.0869189,Weisskopf M1,2,754.178,1.21996,580.737,8.527e+20,0.017054,0,0
179hf,72,179,375.035,0.0025,18.67,1/2-,1725.79,0.012,1350.75,3/2-,,,1,M1,0.324968,0.675032,0,2.27238,1472.63,1.09023,0.0908405,Weisskopf M1,2,765.353,1.23804,580.737,7.57773e+20,0.0151555,0,0
179hf,72,179,375.035,0.0025,18.67,1/2-,1731.44,0.011,1356.4,3/2-,,,1,M1,0.175372,0.824628,0,1.79714,1422.17,1.04849,0.0919856,Weisskopf M1,2,768.556,1.24322,580.737,9.58161e+20,0.0191632,0,0
179hf,72,179,375.035,0.0025,18.67,1/2-,1755.34,0.017,1380.3,3/2-,,,0,M1,0.101385,0.898615,0,1.7363,1418.32,1.02755,0.096934,Weisskopf M1,2,782.097,1.26512,580.737,9.91734e+20,0.0198347,0,0
179hf,72,179,375.035,0.0025,18.67,1/2-,1756.02,0.08,1380.98,3/2-,,,1,M1,0.301347,0.698653,0,1.78101,1494,1.08184,0.0970779,Weisskopf M1,2,782.484,1.26575,580.737,9.6684e+20,0.0193368,0,0
179hf,72,179,375.035,0.0025,18.67,1/2-,1762.8,0.04,1387.76,(3/2)-,,,1,M1,0.295182,0.704818,0,1.64949,1498.47,1.07977,0.0985148,Weisskopf M1,2,786.326,1.27196,580.737,1.04393e+21,0.0208786,0,0
179hf,72,179,375.035,0.0025,18.67,1/2-,1800.52,0.07,1425.48,3/2-,,,1,M1,6.49358e-05,0.999935,0,1.12612,1425.51,1.00002,0.106768,Weisskopf M1,2,807.699,1.30653,580.737,1.5291e+21,0.030582,0,0
179hf,72,179,375.035,0.0025,18.67,1/2-,1811.5,0.07,1436.46,3/2-,,,0,M1,0.180238,0.819762,0,1.82524,1504.06,1.04706,0.109254,Weisskopf M1,2,813.92,1.3166,580.737,9.43408e+20,0.0188682,0,0
179hf,72,179,375.035,0.0025,18.67,1/2-,1821.29,0.07,1446.25,(1/2- 3/2),,,1,,0.317884,0.682116,0,2.28425,1565.47,1.08243,,unknown,1,,1.32557,,,,0,0
179hf,72,179,375.035,0.0025,18.67,1/2-,1846.32,0.15,1471.28,(3/2-),,,0,M1,0.652892,0.347108,0,2.50789,1716.14,1.16642,0.117393,Weisskopf M1,2,833.65,1.34851,580.737,6.86613e+20,0.0137323,0,0
179hf,72,179,375.035,0.0025,18.67,1/2-,1861.24,0.007,1486.2,5/2+,,,0,M2,0.903447,0.0965531,0,2.51409,1825.03,1.22798,5.3055e-06,Weisskopf M2,3,0.0553853,1.36218,0.0381952,1.04138e+25,208.277,0,0
179hf,72,179,375.035,0.0025,18.67,1/2-,1913.47,0.013,1538.44,3/2-,,,0,M1,0.587412,0.412588,0,2.8422,1758.74,1.1432,0.134212,Weisskopf M1,2,871.698,1.41006,580.737,6.0585e+20,0.012117,0,0
179hf,72,179,375.035,0.0025,18.67,1/2-,1945.86,0.014,1570.83,(1/2 3/2),,,1,,0.067595,0.932405,0,1.40386,1596.18,1.01614,,unknown,1,,1.43975,,,,0,0
179hf,72,179,375.035,0.0025,18.67,1/2-,2047,0.3,1671.96,(1/2 3/2),,,1,,0,1,0,1.04888,1671.96,1,,unknown,1,,1.53245,,,,0,0
179hf,72,179,375.035,0.0025,18.67,1/2-,2070.7,1.5,1695.66,(1/2 3/2),,,1,,0.154119,0.845881,0,1.69242,1753.46,1.03409,,unknown,1,,1.55417,,,,0,0
179hf,72,179,375.035,0.0025,18.67,1/2-,2082.8,1.5,1707.76,(1/2 3/2),,,1,,0.562415,0.437585,0,1.7521,1918.69,1.12351,,unknown,1,,1.56526,,,,0,0
179hf,72,179,375.035,0.0025,18.67,1/2-,2088.4,1.5,1713.36,(1/2 3/2),,,1,,0.173461,0.826539,0,1.51579,1778.42,1.03797,,unknown,1,,1.57039,,,,0,0
179hf,72,179,375.035,0.0025,18.67,1/2-,2214.4,0.3,1839.36,(1/2 3/2),,,1,,9.57181e-07,0.999999,0,1.34401,1839.37,1,,unknown,1,,1.68588,,,,0,0
179hf,72,179,375.035,0.0025,18.67,1/2-,2249.97,0.2,1874.93,(3/2-),,,1,M1,0.543658,0.456342,0,1.90419,2078.83,1.10875,0.242947,Weisskopf M1,2,1062.36,1.71848,580.737,9.04294e+20,0.0180859,0,0
179hf,72,179,375.035,0.0025,18.67,1/2-,2366.9,1.5,1991.86,(1/2- 3/2),,,1,,0.151304,0.848696,0,1.58433,2048.61,1.02849,,unknown,1,,1.82565,,,,0,0
179hf,72,179,375.035,0.0025,18.67,1/2-,2451.31,0.23,2076.27,(3/2-),,,0,M1,0.176625,0.823375,0,1.57729,2142.52,1.0319,0.32992,Weisskopf M1,2,1176.44,1.90302,580.737,1.09171e+21,0.0218343,0,0
179hf,72,179,375.035,0.0025,18.67,1/2-,2460.3,1.5,2085.26,(1/2 3/2),,,1,,0,1,0,1.06495,2085.26,1,,unknown,1,,1.91126,,,,0,0
179hf,72,179,375.035,0.0025,18.67,1/2-,2475.5,1.5,2100.46,(3/2-),,,1,M1,0.0655942,0.934406,0,1.27894,2125.06,1.01171,0.341586,Weisskopf M1,2,1190.15,1.92519,580.737,1.34639e+21,0.0269279,0,0
179hf,72,179,375.035,0.0025,18.67,1/2-,2509.5,1.5,2134.46,(1/2 3/2),,,1,,0.0801192,0.919881,0,1.28297,2164.51,1.01408,,unknown,1,,1.95635,,,,0,0
179hf,72,179,375.035,0.0025,18.67,1/2-,2522.7,1.5,2147.66,(1/2- 3/2),,,1,,8.32474e-05,0.999917,0,1.11933,2147.7,1.00001,,unknown,1,,1.96845,,,,0,0
179hf,72,179,375.035,0.0025,18.67,1/2-,2601.2,0.3,2226.16,(1/2- 3/2),,,1,,3.31963e-05,0.999967,0,1.08384,2226.18,1.00001,,unknown,1,,2.0404,,,,0,0
179hf,72,179,375.035,0.0025,18.67,1/2-,2610.7,0.5,2235.66,(1/2- 3/2),,,1,,0.110037,0.889963,0,1.31471,2276.93,1.01846,,unknown,1,,2.04911,,,,0,0
179hf,72,179,375.035,0.0025,18.67,1/2-,2638.8,0.3,2263.76,(1/2 3/2),,,1,,0.2458,0.7542,0,1.75885,2355.95,1.04072,,unknown,1,,2.07486,,,,0,0
179hf,72,179,375.035,0.0025,18.67,1/2-,2654.13,0.24,2279.09,(1/2- 3/2),,,1,,0.52956,0.47044,0,2.36288,2477.7,1.08714,,unknown,1,,2.08891,,,,0,0
179hf,72,179,375.035,0.0025,18.67,1/2-,2702.9,1.5,2327.86,(1/2- 3/2),,,1,,0.354372,0.645628,0,1.65004,2460.77,1.05709,,unknown,1,,2.13361,,,,0,0
179hf,72,179,375.035,0.0025,18.67,1/2-,2905.2,1.5,2530.16,(1/2 3/2),,,1,,0.194152,0.805848,0,1.62609,2602.98,1.02878,,unknown,1,,2.31903,,,,0,0
179hf,72,179,375.035,0.0025,18.67,1/2-,3347.2,0.4,2972.16,(1/2 3/2),,,1,,0.211758,0.788242,0,1.62967,3051.58,1.02672,,unknown,1,,2.72415,,,,0,0
179hf,72,179,1105.92,0.09,2.16e+06,(7/2+),1120.82,0.019,14.896,9/2+,,,0,M1,1,0,0,1.1341,1120.82,75.2427,1.21832e-07,Weisskopf M1,1.25,5.27517,0.013653,362.961,2.42934e+21,0.0485868,1,1
179hf,72,179,1105.92,0.09,2.16e+06,(7/2+),1168.95,0.03,63.03,(9/2+),,,0,M1,1,0,0,1.63472,1168.95,18.5459,9.22987e-06,Weisskopf M1,1.25,22.321,0.0577704,362.961,1.68538e+21,0.0337076,0,1
179hf,72,179,1105.92,0.09,2.16e+06,(7/2+),1176.2,0.9,70.28,(9/2+),,,0,M1,0,0,1,0,0,0,1.27953e-05,Weisskopf M1,1.25,24.8885,0.0644154,362.961,,,0,1
179hf,72,179,1105.92,0.09,2.16e+06,(7/2+),1185.85,0.005,79.928,3/2+,,,0,E2,1,0,0,1.40288,836.535,10.4661,1.5812e-10,Weisskopf E2,0.5,9.5118e-05,0.0732583,0.00121971,5.84417e+26,11688.3,0,1
179hf,72,179,1105.92,0.09,2.16e+06,(7/2+),1198.4,1.3,92.48,(7/2-),,,0,E1,1,0,0,2.94073,1198.4,12.9585,0.00165353,Weisskopf E1,1,1486,0.0847629,16468.9,2.06481e+19,0.000412963,0,1
179hf,72,179,1105.92,0.09,2.16e+06,(7/2+),1199.52,0.14,93.6,(7/2+),,,0,M1,1,0,0,1.26022,1198.5,12.8045,3.0226e-05,Weisskopf M1,1,26.5175,0.0857894,290.369,2.73278e+21,0.0546556,0,1
179hf,72,179,1105.92,0.09,2.16e+06,(7/2+),1235.44,0.004,129.52,5/2+,,,0,M1,1,0,0,1.79199,915.786,7.07061,8.00874e-05,Weisskopf M1,0.75,27.5204,0.118712,217.776,2.56244e+21,0.0512489,0,0
179hf,72,179,1105.92,0.09,2.16e+06,(7/2+),1249.55,0.006,143.632,3/2-,,,0,M2,1,0,0,2.00201,1149.38,8.00228,4.47293e-11,Weisskopf M2,0.5,8.33225e-06,0.131646,5.94571e-05,8.40096e+27,168019,0,0
179hf,72,179,1105.92,0.09,2.16e+06,(7/2+),1255.8,1,149.88,11/2-,,,0,M2,1,0,0,3.29871,1085.92,7.24527,5.53419e-11,Weisskopf M2,1.5,2.84028e-05,0.137373,0.000194227,1.5608e+27,31215.9,0,0
179hf,72,179,1105.92,0.09,2.16e+06,(7/2+),1269.44,0.006,163.525,3/2-,,,0,M2,1,0,0,2.08535,1097.93,6.71412,8.55572e-11,Weisskopf M2,0.5,1.22959e-05,0.149879,7.70673e-05,6.22232e+27,124446,0,0
179hf,72,179,1105.92,0.09,2.16e+06,(7/2+),1282.5,0.9,176.58,(11/2+),,,0,E2,0,0,1,0,0,0,8.32147e-09,Weisskopf E2,1.5,0.00307689,0.161845,0.0178592,,,0,0
179hf,72,179,1105.92,0.09,2.16e+06,(7/2+),1313.5,0.013,207.58,5/2-,,,0,E1,1,0,0,2.087,1223.84,5.89575,0.0186993,Weisskopf E1,0.75,2501.6,0.190258,12351.6,3.8793e+19,0.00077586,0,0
179hf,72,179,1105.92,0.09,2.16e+06,(7/2+),1348.6,1.3,242.68,(9/2-),,,0,E1,1,0,0,3.23651,1348.6,5.55711,0.0298793,Weisskopf E1,1.25,4874.33,0.222429,20586.1,1.50089e+19,0.000300179,0,0
179hf,72,179,1105.92,0.09,2.16e+06,(7/2+),1375,2,269.08,7/2-,,,0,E1,0,0,1,0,0,0,0.0407298,Weisskopf E1,1,4323.67,0.246626,16468.9,,,0,0
179hf,72,179,1105.92,0.09,2.16e+06,(7/2+),1405.2,0.6,299.28,(7/2-),,,0,E1,0,0,1,0,0,0,0.0560404,Weisskopf E1,1,4808.93,0.274306,16468.9,,,0,0
179hf,72,179,1105.92,0.09,2.16e+06,(7/2+),1428.6,0.5,322.68,(7/2-),,,0,E1,0,0,1,0,0,0,0.0702399,Weisskopf E1,1,5184.93,0.295753,16468.9,,,0,0
179hf,72,179,1105.92,0.09,2.16e+06,(7/2+),1433.19,0.011,327.269,3/2-,,,0,M2,1,0,0,1.60547,1154.32,3.52713,2.74701e-09,Weisskopf M2,0.5,9.85652e-05,0.29996,0.000308682,2.01784e+27,40356.9,0,0
179hf,72,179,1105.92,0.09,2.16e+06,(7/2+),1436.35,0.006,330.433,7/2-,,,0,E1,1,0,0,2.66084,1413.43,4.27751,0.0754255,Weisskopf E1,1,5309.51,0.30286,16468.9,2.28201e+19,0.000456402,0,0
179hf,72,179,1105.92,0.09,2.16e+06,(7/2+),1458.99,0.009,353.074,3/2-,,,0,M2,1,0,0,1.88926,1286.94,3.64497,4.01481e-09,Weisskopf M2,0.5,0.000123767,0.323611,0.00035928,1.47325e+27,29464.9,0,0
179hf,72,179,1105.92,0.09,2.16e+06,(7/2+),1482.03,0.005,376.111,3/2+,,,0,E2,1,0,0,2.39522,1284.19,3.41439,3.64815e-07,Weisskopf E2,0.5,0.00991092,0.344726,0.0270079,1.54584e+25,309.168,0,0
179hf,72,179,1105.92,0.09,2.16e+06,(7/2+),1498,2,392.08,7/2-,,,0,E1,0,0,1,0,0,0,0.126006,Weisskopf E1,1,6300.07,0.359362,16468.9,,,0,0
179hf,72,179,1105.92,0.09,2.16e+06,(7/2+),1529,3,423.08,7/2-,,,0,E1,0,0,1,0,0,0,0.15832,Weisskopf E1,1,6798.19,0.387775,16468.9,,,0,0
179hf,72,179,1105.92,0.09,2.16e+06,(7/2+),1532.28,0.005,426.357,5/2+,,,0,M1,1,0,0,2.43546,1471.24,3.45071,0.00285676,Weisskopf M1,0.75,90.5923,0.390779,217.776,1.88542e+21,0.0377084,0,0
179hf,72,179,1105.92,0.09,2.16e+06,(7/2+),1534.6,0.5,428.68,(5/2-),,,0,E1,0,0,1,0,0,0,0.16469,Weisskopf E1,0.75,5166.13,0.392908,12351.6,,,0,0
179hf,72,179,1105.92,0.09,2.16e+06,(7/2+),1570.1,0.7,464.18,(9/2+),,,0,M1,0,0,1,0,0,0,0.00368649,Weisskopf M1,1.25,164.382,0.425446,362.961,,,0,0
179hf,72,179,1105.92,0.09,2.16e+06,(7/2+),1572.56,0.03,466.64,3/2-,,,0,M2,1,0,0,2.01673,1392.76,2.98466,1.619e-08,Weisskopf M2,0.5,0.000285729,0.427701,0.000627575,7.90107e+26,15802.1,0,0
179hf,72,179,1105.92,0.09,2.16e+06,(7/2+),1668.96,0.006,563.037,3/2+,,,0,E2,1,0,0,2.44416,1348.04,2.39424,2.74269e-06,Weisskopf E2,0.5,0.0332488,0.516054,0.0605246,6.75987e+24,135.197,0,0
179hf,72,179,1105.92,0.09,2.16e+06,(7/2+),1687.13,0.04,581.21,(3/2)-,,,0,M2,1,0,0,2.58772,1527.24,2.6277,4.8529e-08,Weisskopf M2,0.5,0.000552088,0.53271,0.000973571,3.9693e+26,7938.61,0,0
179hf,72,179,1105.92,0.09,2.16e+06,(7/2+),1689,3,583.08,11/2-,,,0,M2,0,0,1,0,0,0,4.93147e-08,Weisskopf M2,1.5,0.0016723,0.534424,0.00293954,,,0,0
179hf,72,179,1105.92,0.09,2.16e+06,(7/2+),1706.06,0.01,600.142,(3/2)-,,,0,M2,1,0,0,2.01941,1487.26,2.47819,5.69647e-08,Weisskopf M2,0.5,0.000607814,0.550062,0.00103803,4.77053e+26,9541.05,0,0
179hf,72,179,1105.92,0.09,2.16e+06,(7/2+),1725.79,0.012,619.866,3/2-,,,0,M2,1,0,0,2.27238,1472.63,2.37572,6.69615e-08,Weisskopf M2,0.5,0.000669734,0.56814,0.00110738,3.97394e+26,7947.88,0,0
179hf,72,179,1105.92,0.09,2.16e+06,(7/2+),1731.44,0.011,625.518,3/2-,,,0,M2,1,0,0,1.79714,1422.17,2.27359,7.00704e-08,Weisskopf M2,0.5,0.000688222,0.573321,0.00112767,4.93443e+26,9868.85,0,0
179hf,72,179,1105.92,0.09,2.16e+06,(7/2+),1755.34,0.017,649.417,3/2-,,,0,M2,1,0,0,1.7363,1418.32,2.184,8.4519e-08,Weisskopf M2,0.5,0.000770158,0.595225,0.00121548,4.73833e+26,9476.67,0,0
179hf,72,179,1105.92,0.09,2.16e+06,(7/2+),1756.02,0.08,650.1,3/2-,,,0,M2,1,0,0,1.78101,1494,2.29811,8.49643e-08,Weisskopf M2,0.5,0.00077259,0.595851,0.00121804,4.6097e+26,9219.39,0,0
179hf,72,179,1105.92,0.09,2.16e+06,(7/2+),1762.8,0.04,656.88,(3/2)-,,,0,M2,1,0,0,1.64949,1498.47,2.28119,8.94883e-08,Weisskopf M2,0.5,0.000797016,0.602066,0.00124358,4.87503e+26,9750.06,0,0
179hf,72,179,1105.92,0.09,2.16e+06,(7/2+),1800.52,0.07,694.6,3/2-,,,0,M2,1,0,0,1.12612,1425.51,2.05227,1.18307e-07,Weisskopf M2,0.5,0.000942352,0.636638,0.0013905,6.38623e+26,12772.5,0,0
179hf,72,179,1105.92,0.09,2.16e+06,(7/2+),1811.5,0.07,705.58,3/2-,,,0,M2,1,0,0,1.82524,1504.06,2.13167,1.27958e-07,Weisskopf M2,0.5,0.000987751,0.646702,0.00143481,3.81843e+26,7636.86,0,0
179hf,72,179,1105.92,0.09,2.16e+06,(7/2+),1846.32,0.15,740.4,(3/2-),,,0,M2,1,0,0,2.50789,1716.14,2.31786,1.62805e-07,Weisskopf M2,0.5,0.00114132,0.678616,0.00157992,2.52381e+26,5047.63,0,0
179hf,72,179,1105.92,0.09,2.16e+06,(7/2+),1861.24,0.007,755.318,5/2+,,,0,M1,1,0,0,2.51409,1825.03,2.41624,0.0158834,Weisskopf M1,0.75,160.49,0.692289,217.776,1.82645e+21,0.0365291,0,0
179hf,72,179,1105.92,0.09,2.16e+06,(7/2+),1913.47,0.013,807.551,3/2-,,,0,M2,1,0,0,2.8422,1758.74,2.17786,2.51296e-07,Weisskopf M2,0.5,0.00148088,0.740164,0.0018795,1.87199e+26,3743.98,0,0
179hf,72,179,1105.92,0.09,2.16e+06,(7/2+),2249.97,0.2,1144.05,(3/2-),,,0,M2,1,0,0,1.90419,2078.83,1.81708,1.43404e-06,Weisskopf M2,0.5,0.0042106,1.04858,0.00377217,1.39219e+26,2784.37,0,0
179hf,72,179,1105.92,0.09,2.16e+06,(7/2+),2451.31,0.23,1345.39,(3/2-),,,0,M2,1,0,0,1.57729,2142.52,1.59249,3.22535e-06,Weisskopf M2,0.5,0.00684784,1.23312,0.00521673,1.21532e+26,2430.64,0,0
179hf,72,179,1105.92,0.09,2.16e+06,(7/2+),2475.5,1.5,1369.58,(3/2-),,,0,M2,1,0,0,1.27894,2125.06,1.55162,3.52592e-06,Weisskopf M2,0.5,0.00722389,1.25529,0.005406,1.44636e+26,2892.71,0,0
179hf,72,179,1105.92,0.09,2.16e+06,(7/2+),2857,0.5,1751.08,9/2+,,,0,M1,0,0,1,0,0,0,0.197912,Weisskopf M1,1.25,620.116,1.60496,362.961,,,0,0
179hf,72,179,1105.92,0.09,2.16e+06,(7/2+),3095,15,1989.08,9/2+,,,0,M1,0,0,1,0,0,0,0.290075,Weisskopf M1,1.25,704.4,1.8231,362.961,,,0,0
180hf,72,180,1141.55,0.015,19908,8-,1192.6,0.06,51.048,(6+),,,0,M2,1,0,0,2.66075,1192.6,23.3623,2.54591e-13,Weisskopf M2,0.764706,5.74225e-07,0.0466581,1.15613e-05,3.25079e+28,650158,0,1
180hf,72,180,1141.55,0.015,19908,8-,1384.6,0.4,243.048,9-,,,1,M1,0,1,0,1,243.048,1,0.000529212,Weisskopf M1,1.11765,76.958,0.222147,325.435,3.07281e+21,0.0614562,0,0
180hf,72,180,1141.55,0.015,19908,8-,1472.4,0.06,330.848,(6+),,,0,M2,1,0,0,3.07245,1472.4,4.45038,2.91133e-09,Weisskopf M2,0.764706,0.000156326,0.302396,0.00048563,6.70208e+26,13404.2,0,0
180hf,72,180,1141.55,0.015,19908,8-,1613.09,0.04,471.538,(6-),,,0,E2,1,0,0,3.1678,1613.09,3.42091,1.13842e-06,Weisskopf E2,0.764706,0.030093,0.430988,0.0655922,4.81272e+24,96.2544,0,0
180hf,72,180,1141.55,0.015,19908,8-,1631,0.3,489.448,10+,7.9e-13,,0,M2,1,0,0,3.89764,1631,3.33233,2.06292e-08,Weisskopf M2,1.23529,0.000817602,0.447357,0.00171687,1.49438e+26,2988.76,0,0
180hf,72,180,1141.55,0.015,19908,8-,1652.7,0.4,511.148,(10-),,,1,E2,0,1,0,1.90498,511.148,1,1.70393e-06,Weisskopf E2,1.23529,0.0619202,0.467191,0.124505,4.21621e+24,84.3242,0,0
180hf,72,180,1141.55,0.015,19908,8-,1657.98,0.1,516.428,(6+),,,0,M2,1,0,0,2.6397,1657.98,3.21048,2.69773e-08,Weisskopf M2,0.764706,0.000594532,0.472017,0.00118323,3.20167e+26,6403.35,0,0
180hf,72,180,1141.55,0.015,19908,8-,1700.84,0.04,559.288,(6+),5e-09,LT,0,M2,1,0,0,2.41603,1700.84,3.04108,4.01908e-08,Weisskopf M2,0.764706,0.000755184,0.511191,0.00138778,2.98249e+26,5964.98,0,0
180hf,72,180,1141.55,0.015,19908,8-,1724.47,0.25,582.918,(6+),,,0,M2,1,0,0,2.49432,1724.47,2.95834,4.94295e-08,Weisskopf M2,0.764706,0.000855005,0.532789,0.00150752,2.6594e+26,5318.8,0,0
180hf,72,180,1141.55,0.015,19908,8-,1765.1,0.3,623.548,(7-),,,0,M1,1,0,0,3.37252,1765.1,2.83074,0.00893642,Weisskopf M1,0.882353,155.872,0.569925,256.922,1.1541e+21,0.023082,0,0
180hf,72,180,1141.55,0.015,19908,8-,1787.7,1,646.148,(6-),,,0,E2,1,0,0,2.5454,1787.7,2.7667,5.5002e-06,Weisskopf E2,0.764706,0.0774305,0.590582,0.123164,3.18979e+24,63.7957,0,0
180hf,72,180,1141.55,0.015,19908,8-,1892.7,0.4,751.148,(7+),,,0,E1,1,0,0,3.41603,1892.7,2.51974,0.889318,Weisskopf E1,0.882353,10689.4,0.686552,14626.1,2.00148e+19,0.000400295,0,0
180hf,72,180,1141.55,0.015,19908,8-,1928.7,0.4,787.148,(7+),,,0,E1,1,0,0,3.05205,1928.7,2.45024,1.02341,Weisskopf E1,0.882353,11201.7,0.719456,14626.1,2.24017e+19,0.000448033,0,0
180hf,72,180,1141.55,0.015,19908,8-,1938.2,0.4,796.648,(8-),,,0,M1,1,0,0,4.21004,1938.2,2.43294,0.018636,Weisskopf M1,1,225.696,0.728139,291.178,8.15745e+20,0.0163149,0,0
180hf,72,180,1141.55,0.015,19908,8-,2046.9,0.4,905.348,(8+),,,0,E1,1,0,0,3.73433,2046.9,2.2609,1.55714,Weisskopf E1,1,14601.6,0.827492,16576.2,1.61548e+19,0.000323096,0,0
180hf,72,180,1141.55,0.015,19908,8-,2110.9,0.4,969.348,(8+),,,0,E1,1,0,0,4.27073,2110.9,2.17765,1.91126,Weisskopf E1,1,15633.8,0.885988,16576.2,1.41258e+19,0.000282515,0,0
180hf,72,180,1141.55,0.015,19908,8-,2133.6,0.4,992.048,(8+),,,0,E1,1,0,0,3.37652,2133.6,2.1507,2.0487,Weisskopf E1,1,15999.9,0.906736,16576.2,1.78667e+19,0.000357334,0,0
180hf,72,180,1141.55,0.015,19908,8-,2134.2,0.4,992.648,(9-),,,0,M1,1,0,0,4.48804,2134.2,2.15001,0.0360529,Weisskopf M1,1.11765,314.309,0.907284,325.435,6.84667e+20,0.0136933,0,0
180hf,72,180,1141.55,0.015,19908,8-,2350.4,0.5,1208.85,(10-),,,0,E2,1,0,0,5.34904,2350.4,1.94433,0.00012606,Weisskopf E2,1.23529,0.819044,1.10489,0.696366,2.68464e+23,5.36928,0,0
180hf,72,180,1141.55,0.015,19908,8-,2351.8,0.5,1210.25,(9+),,,0,E1,1,0,0,5.01793,2351.8,1.94324,3.71967,Weisskopf E1,1.11765,21815.4,1.10617,18526.4,1.07568e+19,0.000215137,0,0
180hf,72,180,1141.55,0.015,19908,8-,2398.9,0.5,1257.35,(9+),,,0,E1,1,0,0,3.9613,2398.9,1.9079,4.17107,Weisskopf E1,1.11765,22664.4,1.14922,18526.4,1.36261e+19,0.000272522,0,0
180hf,72,180,1141.55,0.015,19908,8-,2425.2,1.2,1283.65,(10+),2e-09,LT,0,M2,0,1,0,2.83176,1283.65,1,2.55964e-06,Weisskopf M2,1.23529,0.0147489,1.17326,0.0118091,2.99038e+25,598.076,0,0
180hf,72,180,1141.55,0.015,19908,8-,2532.8,0.4,1391.25,(10+),,,0,M2,1,0,0,4.80213,2532.8,1.82052,3.828e-06,Weisskopf M2,1.23529,0.0187774,1.27161,0.0138718,1.50118e+25,300.235,0,0
180hf,72,180,1141.55,0.015,19908,8-,2613.9,0.4,1472.35,(10+),,,0,M2,1,0,0,4.26992,2613.9,1.77533,5.08161e-06,Weisskopf M2,1.23529,0.0222563,1.34573,0.0155362,1.50742e+25,301.484,0,0
180hf,72,180,1141.55,0.015,19908,8-,2614.8,0.6,1473.25,(10+),,,0,M2,1,0,0,5.72634,2614.8,1.77485,5.09716e-06,Weisskopf M2,1.23529,0.0222972,1.34655,0.0155552,1.12266e+25,224.531,0,0
182hf,72,182,1172.87,0.18,3690,(8-),1419.5,0.5,246.63,(9-),,,1,M1,0,1,0,1,246.63,1,0.000552957,Weisskopf M1,1.11765,78.0921,0.224179,327.238,3.05588e+21,0.0611176,0,0
182hf,72,182,1172.87,0.18,3690,(8-),1680.3,0.6,507.43,(10+),,,0,M2,1,0,0,3.96675,1680.3,3.31139,2.48902e-08,Weisskopf M2,1.23529,0.000917804,0.461238,0.00186929,1.34862e+26,2697.24,0,0
182hf,72,182,1172.87,0.18,3690,(8-),1691.9,0.5,519.03,(10-),,,1,E2,0,1,0,1.55866,519.03,1,1.86672e-06,Weisskopf E2,1.23529,0.0657912,0.471782,0.131002,4.89747e+24,97.9493,0,0
180ta,73,180,77.2,1.2,2.24054e+23,9-,177.87,0.11,100.67,8+,7e-08,,1,E1,0,1,0,0.735294,100.67,1,6.51768e-09,measured,0.894737,0.00442274,0.0920128,0.0451537,3.01193e+25,602.386,0,0
180ta,73,180,77.2,1.2,2.24054e+23,9-,280.12,0.12,202.92,10-,,,1,M1,0,1,0,1,202.92,1,0.000307984,Weisskopf M1,1.10526,63.54,0.18547,321.829,3.10724e+21,0.0621448,0,0
180ta,73,180,77.2,1.2,2.24054e+23,9-,357.01,0.12,279.81,7+,4.2e-08,,0,M2,0,1,0,1.28055,279.81,1,1.25969e-09,Weisskopf M2,0.789474,9.76291e-05,0.255747,0.000358607,2.17763e+27,43552.7,0,0
180ta,73,180,77.2,1.2,2.24054e+23,9-,374.15,0.12,296.95,9+,,,0,E1,0,1,0,1.48661,296.95,1,0.0549453,Weisskopf E1,1,4789.25,0.271413,16576.2,4.05805e+19,0.000811609,0,0
180ta,73,180,77.2,1.2,2.24054e+23,9-,463.62,0.13,386.42,7-,3.12e-08,,0,E2,0,1,0,1.711,386.42,1,4.20743e-07,Weisskopf E2,0.789474,0.0170977,0.353189,0.0454759,1.2852e+25,257.039,0,0
180ta,73,180,77.2,1.2,2.24054e+23,9-,505.28,0.12,428.08,11-,,,1,E2,0,1,0,1.60611,428.08,1,7.0201e-07,Weisskopf E2,1.21053,0.0356427,0.391267,0.0855753,7.27573e+24,145.515,0,0
180ta,73,180,77.2,1.2,2.24054e+23,9-,515.8,0.12,438.6,8+,1e-09,LT,1,E1,0,1,0,1.63957,438.6,1,0.177046,Weisskopf E1,0.894737,6329.18,0.400882,14831.4,4.11234e+19,0.000822468,0,0
180ta,73,180,77.2,1.2,2.24054e+23,9-,575.8,0.13,498.6,(8+),1e-09,LT,0,E1,0,1,0,1.96537,498.6,1,0.260098,Weisskopf E1,0.894737,7195.01,0.455722,14831.4,3.43063e+19,0.000686125,0,0
180ta,73,180,77.2,1.2,2.24054e+23,9-,595.4,0.12,518.2,10+,,,0,E1,0,1,0,2.01769,518.2,1,0.291993,Weisskopf E1,1.10526,9237.34,0.473637,18321.1,2.70517e+19,0.000541034,0,0
180ta,73,180,77.2,1.2,2.24054e+23,9-,600.3,0.12,523.1,(7+),,,0,M2,1,0,0,5.4153,600.3,1.14758,2.87655e-08,Weisskopf M2,0.789474,0.000637887,0.478115,0.00125332,1.47338e+26,2946.77,0,0
180ta,73,180,77.2,1.2,2.24054e+23,9-,680.64,0.16,603.44,(8-),,,0,M1,0,1,0,2.711,603.44,1,0.00809946,Weisskopf M1,0.894737,152.963,0.551547,260.528,1.41585e+21,0.0283169,0,0
180ta,73,180,77.2,1.2,2.24054e+23,9-,686.06,0.1,608.86,7-,,,0,E2,1,0,0,3.75391,686.06,1.12679,4.08607e-06,Weisskopf E2,0.789474,0.0668824,0.5565,0.112901,2.3595e+24,47.1899,0,0
180ta,73,180,77.2,1.2,2.24054e+23,9-,723.45,0.13,646.25,9+,,,0,E1,1.11022e-16,1,0,2.56787,646.25,1,0.566347,Weisskopf E1,1,10422.8,0.590675,16576.2,2.34931e+19,0.000469862,0,0
180ta,73,180,77.2,1.2,2.24054e+23,9-,735.22,0.13,658.02,(8+),,,0,E1,1,0,0,5.99661,735.22,1.11732,0.597858,Weisskopf E1,0.894737,9495.51,0.601433,14831.4,1.12438e+19,0.000224876,0,0
180ta,73,180,77.2,1.2,2.24054e+23,9-,763.62,0.15,686.42,7-,,,0,E2,0,1,0,2.87843,686.42,1,7.44163e-06,Weisskopf E2,0.789474,0.0958361,0.627391,0.143497,2.42104e+24,48.4209,0,0
180ta,73,180,77.2,1.2,2.24054e+23,9-,806.95,0.12,729.75,(9+),,,0,E1,0,1,0,2.53731,729.75,1,0.815461,Weisskopf E1,1,11769.5,0.666994,16576.2,2.37761e+19,0.000475522,0,0
180ta,73,180,77.2,1.2,2.24054e+23,9-,840.99,0.13,763.79,11+,,,0,M2,0,1,0,2.58273,763.79,1,1.90906e-07,Weisskopf M2,1.21053,0.00304472,0.698107,0.0040971,9.45026e+25,1890.05,0,0
180ta,73,180,77.2,1.2,2.24054e+23,9-,857.11,0.13,779.91,8-,,,0,M1,1,0,0,4.67829,857.11,1.09899,0.0174859,Weisskopf M1,0.894737,197.695,0.712841,260.528,8.20462e+20,0.0164092,0,0
180ta,73,180,77.2,1.2,2.24054e+23,9-,922.82,0.15,845.62,(9-),,,0,M1,0,1,0,3.26655,845.62,1,0.0222884,Weisskopf M1,1,239.57,0.7729,291.178,1.05136e+21,0.0210272,0,0
180ta,73,180,77.2,1.2,2.24054e+23,9-,956.34,0.13,879.14,10+,,,0,E1,0,1,0,3.27603,879.14,1,1.42579,Weisskopf E1,1.10526,15671.4,0.803537,18321.1,1.6661e+19,0.000333219,0,0
180ta,73,180,77.2,1.2,2.24054e+23,9-,956.59,0.15,879.39,(7+),,,0,M2,1,0,0,5.92344,956.59,1.08779,3.86239e-07,Weisskopf M2,0.789474,0.00303064,0.803766,0.00354205,4.76619e+25,953.238,0,0
180ta,73,180,77.2,1.2,2.24054e+23,9-,976.64,0.14,899.44,8-,,,0,M1,1.11022e-16,1,0,3.42009,899.44,1,0.0268207,Weisskopf M1,0.894737,227.994,0.822092,260.528,1.1223e+21,0.0224459,0,0
180ta,73,180,77.2,1.2,2.24054e+23,9-,977.03,0.13,899.83,(9+),,,0,E1,1,0,0,6.84462,977.03,1.08579,1.52884,Weisskopf E1,1,14512.6,0.822448,16576.2,8.81382e+18,0.000176276,0,0
180ta,73,180,77.2,1.2,2.24054e+23,9-,1030.64,0.13,953.44,9-,,,0,M1,1,0,0,5.56264,1030.64,1.08097,0.0319473,Weisskopf M1,1,270.116,0.871448,291.178,6.17391e+20,0.0123478,0,0
180ta,73,180,77.2,1.2,2.24054e+23,9-,1057.17,0.13,979.97,(10+),,,0,E1,-2.22045e-16,1,0,3.33772,979.97,1,1.97478,Weisskopf E1,1.10526,17468.8,0.895696,18321.1,1.6353e+19,0.000327061,0,0
180ta,73,180,77.2,1.2,2.24054e+23,9-,1141.09,0.14,1063.89,(10+),,,0,E1,1,0,0,7.31461,1141.09,1.07256,2.5268,Weisskopf E1,1.10526,18964.7,0.9724,18321.1,7.46203e+18,0.000149241,0,0
180ta,73,180,77.2,1.2,2.24054e+23,9-,1149.54,0.16,1072.34,(8+),,,0,E1,1,0,0,6.59173,1149.54,1.07199,2.58749,Weisskopf E1,0.894737,15474.3,0.980123,14831.4,1.02287e+19,0.000204573,0,0
180ta,73,180,77.2,1.2,2.24054e+23,9-,1189.24,0.16,1112.04,(10-),,,0,M1,0,1,0,3.88863,1112.04,1,0.0506892,Weisskopf M1,1.10526,348.211,1.01641,321.829,7.99059e+20,0.0159812,0,0
180ta,73,180,77.2,1.2,2.24054e+23,9-,1212.48,0.14,1135.28,11+,,,0,M2,1.11022e-16,1,0,3.97253,1135.28,1,1.38504e-06,Weisskopf M2,1.21053,0.0099985,1.03765,0.00905179,2.78098e+25,556.196,0,0
180ta,73,180,77.2,1.2,2.24054e+23,9-,1216.3,0.3,1139.1,(9-),,,0,M1,0,1,0,3.87843,1139.1,1,0.0544803,Weisskopf M1,1,322.715,1.04114,291.178,8.85492e+20,0.0177098,0,0
180ta,73,180,77.2,1.2,2.24054e+23,9-,1241.2,0.14,1164,10-,,,0,M1,1,0,0,6.47644,1241.2,1.06632,0.0581317,Weisskopf M1,1.10526,364.481,1.0639,321.829,4.79776e+20,0.00959553,0,0
180ta,73,180,77.2,1.2,2.24054e+23,9-,1327.04,0.14,1249.84,(11+),,,0,M2,1.11022e-16,1,0,3.95857,1249.84,1,2.23986e-06,Weisskopf M2,1.21053,0.013341,1.14236,0.0109708,2.30263e+25,460.526,0,0
180ta,73,180,77.2,1.2,2.24054e+23,9-,1339.09,0.13,1261.89,11-,,,1,E2,0,1,0,1.05838,1261.89,1,0.000156252,Weisskopf E2,1.21053,0.912978,1.15337,0.743603,1.27062e+24,25.4125,0,0
180ta,73,180,77.2,1.2,2.24054e+23,9-,1363.8,0.7,1286.6,(9+),,,0,E1,1,0,0,7.20985,1363.8,1.06,4.46901,Weisskopf E1,1,20750.4,1.17596,16576.2,8.36734e+18,0.000167347,0,0
180ta,73,180,77.2,1.2,2.24054e+23,9-,1435.83,0.15,1358.63,(11+),,,0,M2,1,0,0,8.12605,1435.83,1.05682,3.39981e-06,Weisskopf M2,1.21053,0.0171368,1.24179,0.0129638,9.49269e+24,189.854,0,0
180ta,73,180,77.2,1.2,2.24054e+23,9-,1447.28,0.15,1370.08,11-,,,0,E2,1,0,0,7.30436,1447.28,1.05635,0.000235748,Weisskopf E2,1.21053,1.16851,1.25226,0.876577,1.56181e+23,3.12362,0,0
180ta,73,180,77.2,1.2,2.24054e+23,9-,1479.09,0.17,1401.89,(11-),,,0,E2,0,1,0,4.42439,1401.89,1,0.000264416,Weisskopf E2,1.21053,1.25181,1.28133,0.917754,2.46275e+23,4.9255,0,0
182ta,73,182,519.577,0.016,950.4,10-,652.37,0.11,132.793,(9-),,,1,M1,0,1,0,0.340136,132.793,1,8.63136e-05,Weisskopf M1,0.904762,34.0382,0.120705,264.907,1.10982e+22,0.221965,0,0
182ta,73,182,519.577,0.016,950.4,10-,1336.84,0.12,817.263,(8-),,,0,E2,1,0,0,2.68987,1336.84,1.63575,1.80687e-05,Weisskopf E2,0.809524,0.16832,0.742866,0.212851,1.7466e+24,34.932,0,0
188ta,73,188,99,33,19.6,(7-),391,33,292,,3.7e-06,,1,,0,1,0,1,292,1,1.23308e-10,measured,1,1.11154e-05,0.261149,3.99843e-05,2.50098e+28,500197,0,0
179w,74,179,221.91,0.03,384,1/2-,304.76,0.04,82.85,3/2-,,,1,M1,0,1,0,0.106496,82.85,1,2.09619e-05,Weisskopf M1,2,46.9439,0.0759365,580.737,1.61691e+22,0.323382,0,1
179w,74,179,221.91,0.03,384,1/2-,318.35,0.03,96.44,5/2-,,,1,E2,0,1,0,0.181159,96.44,1,4.0437e-10,Weisskopf E2,3,0.00100251,0.0883924,0.0106543,5.18102e+26,10362,0,1
179w,74,179,221.91,0.03,384,1/2-,430.2,0.03,208.29,5/2-,,,1,E2,0.984153,0.0158469,0,0.928453,426.683,2.04851,1.90036e-08,Weisskopf E2,3,0.0101,0.190909,0.0496989,2.16717e+25,433.435,0,0
179w,74,179,221.91,0.03,384,1/2-,634.7,0.5,412.79,(1/2)-,,,1,M1,0.7438,0.2562,0,1.69839,577.847,1.39986,0.00259263,Weisskopf M1,1,116.946,0.378344,290.369,2.02774e+21,0.0405548,0,0
179w,74,179,221.91,0.03,384,1/2-,688.81,0.07,466.9,(3/2)-,,,1,M1,0,1,0,0.965062,466.9,1,0.00375168,Weisskopf M1,2,264.552,0.427939,580.737,1.78429e+21,0.0356858,0,0
179w,74,179,221.91,0.03,384,1/2-,720.18,0.03,498.27,3/2+,,,1,E1,0.537445,0.462555,0,1.53931,617.535,1.23936,0.25862,Weisskopf E1,2,16012.7,0.456691,32937.7,1.97234e+19,0.000394468,0,0
179w,74,179,221.91,0.03,384,1/2-,773.64,0.03,551.73,5/2+,,,0,M2,0.782719,0.217281,0,1.87173,725.423,1.31482,3.74084e-08,Weisskopf M2,3,0.00283361,0.50569,0.00526388,1.01496e+26,2029.93,0,0
179w,74,179,221.91,0.03,384,1/2-,787.35,0.07,565.44,(5/2)-,,,1,E2,0.624852,0.375148,0,1.0676,704.101,1.24523,2.80172e-06,Weisskopf E2,3,0.202058,0.518256,0.366254,2.55747e+24,51.1494,0,0
179w,74,179,221.91,0.03,384,1/2-,1072.27,0.11,850.36,(5/2-),,,1,E2,0.484536,0.515464,0,1.37581,957.883,1.12644,2.1553e-05,Weisskopf E2,3,0.687267,0.7794,0.828353,8.77456e+23,17.5491,0,0
179w,74,179,221.91,0.03,384,1/2-,1606.3,0.06,1384.39,(3/2)+,,,1,E1,0.626036,0.373964,0,2.60525,1523.31,1.10035,5.54681,Weisskopf E1,2,44489.7,1.26887,32937.7,1.16535e+19,0.00023307,0,0
183w,74,183,309.492,0.004,5.3,11/2+,412.094,0.0017,102.602,7/2-,,,0,M2,1,0,0,1.07852,412.094,4.01644,8.44329e-12,Weisskopf M2,0.666667,4.10972e-06,0.0930067,4.15096e-05,2.2337e+28,446740,0,0
183w,74,183,309.492,0.004,5.3,11/2+,453.07,0.0017,143.577,7/2-,1.85e-08,,0,M2,1,0,0,1.17946,453.07,3.15557,4.53071e-11,Weisskopf M2,0.666667,1.12617e-05,0.13015,8.12851e-05,1.04305e+28,208611,0,0
183w,74,183,309.492,0.004,5.3,11/2+,475.05,0.06,165.558,11/2-,,,0,E1,1,0,0,1.29982,475.05,2.86939,0.00962758,Weisskopf E1,1,2699.73,0.150075,16899,4.55257e+19,0.000910515,0,0
183w,74,183,309.492,0.004,5.3,11/2+,485.38,0.05,175.888,13/2+,,,1,M1,0,1,0,1,175.888,1,0.000200568,Weisskopf M1,1.16667,58.1353,0.159439,342.527,2.91947e+21,0.0583895,0,0
183w,74,183,309.492,0.004,5.3,11/2+,551.24,0.03,241.748,9/2-,,,0,E1,1,0,0,1.42027,551.24,2.28023,0.0299747,Weisskopf E1,0.833333,3285.12,0.21914,14082.5,4.99977e+19,0.000999955,0,0
183w,74,183,309.492,0.004,5.3,11/2+,595.338,0.007,285.846,9/2-,,,0,E1,1,0,0,1.55528,595.338,2.08272,0.0495522,Weisskopf E1,0.833333,3884.37,0.259114,14082.5,4.56575e+19,0.000913149,0,0
183w,74,183,309.492,0.004,5.3,11/2+,622.6,0.05,313.108,(9/2)+,,,1,M1,0,1,0,0.83682,313.108,1,0.00113145,Weisskopf M1,0.833333,73.9213,0.283827,244.662,4.88428e+21,0.0976856,0,0
183w,74,183,309.492,0.004,5.3,11/2+,631.11,0.08,321.618,13/2-,1.04e-11,,0,E1,1,0,0,1.77482,631.11,1.9623,0.070581,Weisskopf E1,1.16667,6118.66,0.291541,19715.5,2.85784e+19,0.000571568,0,0
183w,74,183,309.492,0.004,5.3,11/2+,687.63,0.07,378.138,(15/2+),,,1,E2,0,1,0,1.73206,378.138,1,3.85959e-07,Weisskopf E2,1.33333,0.0276619,0.342775,0.0758096,7.61573e+24,152.315,0,0
183w,74,183,309.492,0.004,5.3,11/2+,739.95,0.05,430.458,11/2-,,,0,E1,1,0,0,1.93306,739.95,1.71898,0.169223,Weisskopf E1,1,7019.4,0.390202,16899,3.06121e+19,0.000612243,0,0
183w,74,183,309.492,0.004,5.3,11/2+,766.3,0.06,456.808,11/2-,,,0,E1,1,0,0,2.46722,766.3,1.67751,0.20224,Weisskopf E1,1,7449.09,0.414088,16899,2.39845e+19,0.00047969,0,0
183w,74,183,309.492,0.004,5.3,11/2+,776.8,0.12,467.308,(11/2)+,,,1,M1,0,1,0,1.33573,467.308,1,0.00376152,Weisskopf M1,1,132.391,0.423606,293.595,2.54996e+21,0.0509991,0,0
183w,74,183,309.492,0.004,5.3,11/2+,777,0.3,467.508,(11/2-),,,0,E1,1,0,0,2.17946,777,1.662,0.216787,Weisskopf E1,1,7623.57,0.423787,16899,2.71513e+19,0.000543026,0,0
183w,74,183,309.492,0.004,5.3,11/2+,849.94,0.09,540.448,15/2-,,,0,M2,1,0,0,2.29216,849.94,1.57266,3.42377e-08,Weisskopf M2,1.33333,0.00120126,0.489906,0.00230343,1.894e+26,3787.99,0,0
183w,74,183,309.492,0.004,5.3,11/2+,926.1,0.5,616.608,13/2-,,,0,E1,1,0,0,2.32565,926.1,1.50193,0.497386,Weisskopf E1,1.16667,11730.7,0.558944,19715.5,2.18096e+19,0.000436191,0,0
183w,74,183,309.492,0.004,5.3,11/2+,956.3,0.11,646.808,(13/2)+,,,0,M1,0,1,0,1.77826,646.808,1,0.00997424,Weisskopf M1,1.16667,213.786,0.586319,342.527,1.64176e+21,0.0328351,0,0
183w,74,183,309.492,0.004,5.3,11/2+,965.13,0.07,655.638,13/2-,,,0,E1,1,0,0,3.12667,965.13,1.47205,0.597942,Weisskopf E1,1.16667,12473.3,0.594324,19715.5,1.62222e+19,0.000324444,0,0
183w,74,183,309.492,0.004,5.3,11/2+,999.6,0.07,690.108,7/2-,,,0,M2,1,0,0,1.99371,999.6,1.44847,1.1623e-07,Weisskopf M2,0.666667,0.00125054,0.62557,0.0018779,2.67095e+26,5341.91,0,0
183w,74,183,309.492,0.004,5.3,11/2+,1069.42,0.09,759.928,7/2-,,,0,M2,1,0,0,1.89949,1069.42,1.40726,1.8819e-07,Weisskopf M2,0.666667,0.0016698,0.68886,0.0022771,2.31196e+26,4623.93,0,0
183w,74,183,309.492,0.004,5.3,11/2+,1126.2,0.8,816.708,9/2-,,,0,E1,0,0,1,0,0,0,1.15576,Weisskopf E1,0.833333,11098.3,0.74033,14082.5,,,0,0
183w,74,183,309.492,0.004,5.3,11/2+,1190.25,0.07,880.758,15/2-,,,0,M2,1,0,0,3.79022,1190.25,1.35139,3.93566e-07,Weisskopf M2,1.33333,0.00519931,0.798391,0.0061176,4.31275e+25,862.551,0,0
183w,74,183,309.492,0.004,5.3,11/2+,1214.31,0.1,904.818,9/2-,,,0,E1,1,0,0,1.99056,1214.31,1.34205,1.57163,Weisskopf E1,0.833333,12295.6,0.8202,14082.5,3.56734e+19,0.000713468,0,0
183w,74,183,309.492,0.004,5.3,11/2+,1261.4,0.5,951.908,(7/2-),,,0,M2,1,0,0,1.82186,1261.4,1.32513,5.80376e-07,Weisskopf M2,0.666667,0.00328194,0.862887,0.00357296,1.53624e+26,3072.47,0,0
183w,74,183,309.492,0.004,5.3,11/2+,1281,6,971.508,(11/2-),,,0,E1,0,0,1,0,0,0,1.94539,Weisskopf E1,1,15842.2,0.880654,16899,,,0,0
183w,74,183,309.492,0.004,5.3,11/2+,1319.63,0.03,1010.14,(9/2-),,,0,E1,0.753247,0.246753,0,2.24237,1243.26,1.23078,2.1868,Weisskopf E1,0.833333,13726.8,0.915671,14082.5,3.16674e+19,0.000633348,0,0
183w,74,183,309.492,0.004,5.3,11/2+,1376.41,0.12,1066.92,(GE7/2),,,1,,0.606061,0.393939,0,2.07953,1254.49,1.17581,,unknown,1,,0.967141,,,,0,0
183w,74,183,309.492,0.004,5.3,11/2+,1386.3,0.6,1076.81,9/2-,,,0,E1,0,0,1,0,0,0,2.649,Weisskopf E1,0.833333,14632.8,0.976106,14082.5,,,0,0
183w,74,183,309.492,0.004,5.3,11/2+,1397,12,1087.51,(11/2-),,,0,E1,0,0,1,0,0,0,2.72875,Weisskopf E1,1,17733.8,0.985806,16899,,,0,0
185w,74,185,197.383,0.023,95.82,11/2+,243.62,0.05,46.237,7/2-,1.93e-08,,0,M2,1,0,0,0.618085,243.62,5.26894,1.58063e-13,Weisskopf M2,0.666667,3.78846e-07,0.0416858,8.53738e-06,1.89508e+29,3.79016e+06,0,1
185w,74,185,197.383,0.023,95.82,11/2+,302,6,104.617,(9/2-),,,0,E1,0,0,1,0,0,0,0.00244692,Weisskopf E1,0.833333,1431.98,0.0943193,14262.2,,,0,0
185w,74,185,197.383,0.023,95.82,11/2+,334,6,136.617,(7/2-),,,0,M2,0,0,1,0,0,0,3.55963e-11,Weisskopf M2,0.666667,9.77254e-06,0.12317,7.45341e-05,,,0,0
185w,74,185,197.383,0.023,95.82,11/2+,384,6,186.617,(13/2+),,,0,M1,0,0,1,0,0,0,0.000239556,Weisskopf M1,1.16667,61.6815,0.168248,344.394,,,0,0
185w,74,185,197.383,0.023,95.82,11/2+,390.92,0.11,193.537,(9/2-),,,0,E1,1,0,0,1.04544,390.92,2.01987,0.0154919,Weisskopf E1,0.833333,2649.11,0.174487,14262.2,6.7068e+19,0.00134136,0,0
185w,74,185,197.383,0.023,95.82,11/2+,478,0.5,280.617,(11/2-),,,0,E1,0,0,1,0,0,0,0.0472232,Weisskopf E1,1,4609.25,0.252995,17114.7,,,0,0
185w,74,185,197.383,0.023,95.82,11/2+,492,0.5,294.617,(9/2-),,,0,E1,0,0,1,0,0,0,0.0546496,Weisskopf E1,0.833333,4032.67,0.265617,14262.2,,,0,0
185w,74,185,197.383,0.023,95.82,11/2+,570,0.5,372.617,(11/2-),,,0,E1,0,0,1,0,0,0,0.110561,Weisskopf E1,1,6120.39,0.33594,17114.7,,,0,0
185w,74,185,197.383,0.023,95.82,11/2+,706,6,508.617,(11/2-),,,0,E1,0,0,1,0,0,0,0.281181,Weisskopf E1,1,8354.25,0.458553,17114.7,,,0,0
185w,74,185,197.383,0.023,95.82,11/2+,716,6,518.617,(9/2+),,,0,M1,0,0,1,0,0,0,0.00514155,Weisskopf M1,0.833333,122.44,0.467568,245.996,,,0,0
185w,74,185,197.383,0.023,95.82,11/2+,785.3,0.4,587.917,(9/2-),,,0,E1,1,0,0,1.83176,785.3,1.33573,0.434272,Weisskopf E1,0.833333,8047.32,0.530047,14262.2,3.82775e+19,0.000765551,0,0
185w,74,185,197.383,0.023,95.82,11/2+,986,6,788.617,7/2-,,,0,M2,0,0,1,0,0,0,2.28146e-07,Weisskopf M2,0.666667,0.00187971,0.710992,0.00248358,,,0,0
185w,74,185,197.383,0.023,95.82,11/2+,1020,6,822.617,(13/2+),,,0,M1,0,0,1,0,0,0,0.0205186,Weisskopf M1,1.16667,271.895,0.741645,344.394,,,0,0
185w,74,185,197.383,0.023,95.82,11/2+,1058.7,1.8,861.317,7/2-,,,0,M2,1,0,0,1.1896,1058.7,1.22916,3.54566e-07,Weisskopf M2,0.666667,0.00244896,0.776536,0.00296259,2.83745e+26,5674.89,0,0
185w,74,185,197.383,0.023,95.82,11/2+,1118,0.5,920.617,(9/2-),,,0,E1,0,0,1,0,0,0,1.66744,Weisskopf E1,0.833333,12601.3,0.829999,14262.2,,,0,0
185w,74,185,197.383,0.023,95.82,11/2+,1154,6,956.617,(7/2-),,,0,M2,0,0,1,0,0,0,5.992e-07,Weisskopf M2,0.666667,0.00335512,0.862455,0.00365445,,,0,0
185w,74,185,197.383,0.023,95.82,11/2+,1219,0.5,1021.62,(9/2-),,,0,E1,0,0,1,0,0,0,2.27865,Weisskopf E1,0.833333,13983.7,0.921057,14262.2,,,0,0
185w,74,185,197.383,0.023,95.82,11/2+,1335,6,1137.62,(7/2-),,,0,M2,0,0,1,0,0,0,1.42515e-06,Weisskopf M2,0.666667,0.00564263,1.02564,0.00516818,,,0,0
185w,74,185,197.383,0.023,95.82,11/2+,1361,6,1163.62,(9/2-),,,0,E1,0,0,1,0,0,0,3.367,Weisskopf E1,0.833333,15927.4,1.04908,14262.2,,,0,0
185w,74,185,197.383,0.023,95.82,11/2+,1561,6,1363.62,(13/2+),,,0,M1,0,0,1,0,0,0,0.0934611,Weisskopf M1,1.16667,450.709,1.22939,344.394,,,0,0
185w,74,185,197.383,0.023,95.82,11/2+,1666,6,1468.62,(9/2+),,,0,M1,0,0,1,0,0,0,0.116756,Weisskopf M1,0.833333,346.724,1.32406,245.996,,,0,0
185w,74,185,197.383,0.023,95.82,11/2+,1846,10,1648.62,(13/2+),,,0,M1,0,0,1,0,0,0,0.165163,Weisskopf M1,1.16667,544.908,1.48634,344.394,,,0,0
186w,74,186,3542.8,2.1,2,(16+),3561.9,0.8,19.1,(14+),1.83e-13,,0,E2,1,0,0,6.19934,3561.9,186.487,1.2968e-13,Weisskopf E2,0.878788,2.401e-06,0.0171736,0.000131336,1.22821e+27,24564.2,1,1
186w,74,186,3542.8,2.1,2,(16+),3913.3,0.7,370.5,14+,,,0,E2,1,0,0,6.76062,3913.3,10.5622,3.56161e-07,Weisskopf E2,0.878788,0.017525,0.333132,0.0494188,2.9931e+24,59.862,0,0
184re,75,184,188.046,0.0017,1.46016e+07,8(+),347.56,0.13,159.514,(6-),8.1e-09,,0,M2,1,0,0,0.742281,347.56,2.17887,7.69666e-11,Weisskopf M2,0.764706,1.77789e-05,0.144203,0.000115819,1.16319e+28,232638,0,0
184re,75,184,188.046,0.0017,1.46016e+07,8(+),397,0.12,208.954,6(-),,,0,M2,1,0,0,0.97446,397,1.89994,2.96868e-10,Weisskopf M2,0.764706,3.99632e-05,0.188897,0.00019874,5.16358e+27,103272,0,0
184re,75,184,188.046,0.0017,1.46016e+07,8(+),445.98,0.13,257.934,(9+),,,1,M1,0,1,0,1,257.934,1,0.000632526,Weisskopf M1,1.11765,81.6713,0.233176,329.031,3.03923e+21,0.0607846,0,0
184re,75,184,188.046,0.0017,1.46016e+07,8(+),527.49,0.2,339.444,(6-),,,0,M2,1,0,0,2.05595,527.49,1.55398,3.35854e-09,Weisskopf M2,0.764706,0.000171322,0.306862,0.00052447,9.27402e+26,18548,0,0
184re,75,184,188.046,0.0017,1.46016e+07,8(+),565.98,0.16,377.934,7-,,,0,E1,1,0,0,1.45987,565.98,1.49756,0.114945,Weisskopf E1,0.882353,5457.64,0.341658,15006,4.56478e+19,0.000912955,0,0
184re,75,184,188.046,0.0017,1.46016e+07,8(+),583.95,0.15,395.904,7(-),,,0,E1,1,0,0,1.49266,583.95,1.47498,0.132134,Weisskopf E1,0.882353,5717.15,0.357903,15006,4.46451e+19,0.000892901,0,0
184re,75,184,188.046,0.0017,1.46016e+07,8(+),590,3,401.954,(7+),,,0,M1,0,0,1,0,0,0,0.00239377,Weisskopf M1,0.882353,100.479,0.363372,259.761,,,0,0
184re,75,184,188.046,0.0017,1.46016e+07,8(+),662.06,0.13,474.014,(6-),,,0,M2,1,0,0,1.98683,662.06,1.39671,1.78347e-08,Weisskopf M2,0.764706,0.000466533,0.428515,0.00102274,4.92122e+26,9842.44,0,0
184re,75,184,188.046,0.0017,1.46016e+07,8(+),709.14,0.22,521.094,(7-),,,0,E1,1,0,0,2.57552,709.14,1.36087,0.301295,Weisskopf E1,0.882353,7524.98,0.471076,15006,2.58744e+19,0.000517488,0,0
184re,75,184,188.046,0.0017,1.46016e+07,8(+),715.4,0.3,527.354,(8+),,,0,M1,1,0,0,2.34016,715.4,1.35658,0.0054058,Weisskopf M1,1,149.403,0.476735,294.396,1.45152e+21,0.0290304,0,0
184re,75,184,188.046,0.0017,1.46016e+07,8(+),727.86,0.14,539.814,(10+),,,1,E2,0,1,0,1.54348,539.814,1,2.30497e-06,Weisskopf E2,1.23529,0.0751019,0.487999,0.144571,4.48144e+24,89.6288,0,0
184re,75,184,188.046,0.0017,1.46016e+07,8(+),741,3,552.954,(6+),,,0,E2,0,0,1,0,0,0,2.5995e-06,Weisskopf E2,0.764706,0.04997,0.499878,0.0939065,,,0,0
184re,75,184,188.046,0.0017,1.46016e+07,8(+),751,3,562.954,(8+),,,0,M1,0,0,1,0,0,0,0.00657615,Weisskopf M1,1,159.489,0.508918,294.396,,,0,0
184re,75,184,188.046,0.0017,1.46016e+07,8(+),795.26,0.18,607.214,8(-),,,0,E1,1,0,0,2.04694,795.26,1.30969,0.476726,Weisskopf E1,1,9937.77,0.54893,17006.8,2.87258e+19,0.000574517,0,0
184re,75,184,188.046,0.0017,1.46016e+07,8(+),810.23,0.15,622.184,(8-),,,0,E1,1,0,0,2.09236,810.23,1.30224,0.512862,Weisskopf E1,1,10182.8,0.562463,17006.8,2.81022e+19,0.000562044,0,0
184re,75,184,188.046,0.0017,1.46016e+07,8(+),825.5,0.14,637.454,(9-),5e-09,LT,1,E1,0,1,0,0.994403,637.454,1,0.551557,Weisskopf E1,1.11765,11660.1,0.576267,19007.6,5.29067e+19,0.00105813,0,0
184re,75,184,188.046,0.0017,1.46016e+07,8(+),854,0.3,665.954,(8-),,,0,E1,1,0,0,2.45987,854,1.28237,0.628893,Weisskopf E1,1,10899.1,0.602032,17006.8,2.39037e+19,0.000478073,0,0
184re,75,184,188.046,0.0017,1.46016e+07,8(+),878.34,0.17,690.294,(7-),,,0,E1,1,0,0,2.6421,878.34,1.27241,0.7004,Weisskopf E1,0.882353,9968.36,0.624036,15006,2.52223e+19,0.000504447,0,0
184re,75,184,188.046,0.0017,1.46016e+07,8(+),891.1,0.3,703.054,(9+),,,0,M1,1,0,0,3.34016,891.1,1.26747,0.0128091,Weisskopf M1,1.11765,222.613,0.635571,329.031,9.09906e+20,0.0181981,0,0
184re,75,184,188.046,0.0017,1.46016e+07,8(+),917,0.16,728.954,(10-),5e-09,LT,0,M2,0,1,0,1.1943,728.954,1,1.53395e-07,Weisskopf M2,1.23529,0.00274085,0.658985,0.00390716,2.14302e+26,4286.04,0,0
184re,75,184,188.046,0.0017,1.46016e+07,8(+),922.11,0.24,734.064,(8-),,,0,E1,1,0,0,3.16109,922.11,1.25617,0.842259,Weisskopf E1,1,12013.8,0.663604,17006.8,1.86012e+19,0.000372024,0,0
184re,75,184,188.046,0.0017,1.46016e+07,8(+),951.5,0.4,763.454,(6+),,,0,E2,1,0,0,3.49458,951.5,1.24631,1.30425e-05,Weisskopf E2,0.764706,0.13152,0.690173,0.179013,1.59853e+24,31.9706,0,0
184re,75,184,188.046,0.0017,1.46016e+07,8(+),955,0.4,766.954,(7-),,,0,E1,0,0,1,3,0,0,0.96062,Weisskopf E1,0.882353,11075.4,0.693337,15006,2.22133e+19,0.000444267,0,0
184re,75,184,188.046,0.0017,1.46016e+07,8(+),970,0.18,781.954,(9+),,,0,M1,0,1,0,2,781.954,1,0.0176237,Weisskopf M1,1.11765,247.595,0.706898,329.031,1.51961e+21,0.0303923,0,0
184re,75,184,188.046,0.0017,1.46016e+07,8(+),1033.28,0.2,845.234,9(-),,,0,E1,1,0,0,2.62425,1033.28,1.22248,1.2858,Weisskopf E1,1.11765,15460.7,0.764104,19007.6,2.00479e+19,0.000400958,0,0
184re,75,184,188.046,0.0017,1.46016e+07,8(+),1069.23,0.19,881.184,(9-),,,0,E1,1,0,0,2.58311,1069.23,1.2134,1.45695,Weisskopf E1,1.11765,16118.3,0.796603,19007.6,2.03671e+19,0.000407342,0,0
184re,75,184,188.046,0.0017,1.46016e+07,8(+),1074.1,0.3,886.054,(9-),,,0,E1,1,0,0,2.45987,1074.1,1.21223,1.48124,Weisskopf E1,1.11765,16207.4,0.801005,19007.6,2.13875e+19,0.00042775,0,0
184re,75,184,188.046,0.0017,1.46016e+07,8(+),1091.6,0.3,903.554,(10+),,,0,E2,1,0,0,4.15316,1091.6,1.20812,3.02842e-05,Weisskopf E2,1.23529,0.352193,0.816826,0.405044,5.94455e+23,11.8891,0,0
184re,75,184,188.046,0.0017,1.46016e+07,8(+),1120.73,0.19,932.684,(8-),,,0,E1,1,0,0,3.28839,1120.73,1.20162,1.72762,Weisskopf E1,1,15264.5,0.84316,17006.8,1.78811e+19,0.000357622,0,0
184re,75,184,188.046,0.0017,1.46016e+07,8(+),1125.7,0.4,937.654,(7+),,,0,M1,1,0,0,4.49458,1125.7,1.20055,0.0303865,Weisskopf M1,0.882353,234.391,0.847653,259.761,8.56517e+20,0.0171303,0,0
184re,75,184,188.046,0.0017,1.46016e+07,8(+),1155.8,0.3,967.754,(9-),,,0,E1,1,0,0,3.90449,1155.8,1.19431,1.92992,Weisskopf E1,1.11765,17701.8,0.874863,19007.6,1.34744e+19,0.000269487,0,0
184re,75,184,188.046,0.0017,1.46016e+07,8(+),1185.33,0.17,997.284,(10-),,,0,M2,0,1,0,2.01164,997.284,1,7.35201e-07,Weisskopf M2,1.23529,0.00701846,0.901559,0.00731305,6.79755e+25,1359.51,0,0
184re,75,184,188.046,0.0017,1.46016e+07,8(+),1221.06,0.17,1033.01,(10+),,,0,E2,1.11022e-16,1,0,2.50949,1033.01,1,5.91529e-05,Weisskopf E2,1.23529,0.526305,0.933859,0.529427,7.52676e+23,15.0535,0,0
184re,75,184,188.046,0.0017,1.46016e+07,8(+),1293.12,0.23,1105.07,(10-),,,0,M2,1,0,0,3.29808,1293.12,1.17017,1.2282e-06,Weisskopf M2,1.23529,0.00954903,0.999003,0.00897932,3.37672e+25,675.344,0,0
184re,75,184,188.046,0.0017,1.46016e+07,8(+),1298.47,0.23,1110.42,(10-),,,0,M2,1,0,0,3.27528,1298.47,1.16935,1.25822e-06,Weisskopf M2,1.23529,0.0096884,1.00384,0.00906647,3.36755e+25,673.509,0,0
184re,75,184,188.046,0.0017,1.46016e+07,8(+),1367.34,0.25,1179.29,(10-),,,0,M2,1,0,0,3.09236,1367.34,1.15946,1.6999e-06,Weisskopf M2,1.23529,0.0116052,1.0661,0.010226,3.16231e+25,632.462,0,0
184re,75,184,188.046,0.0017,1.46016e+07,8(+),1385.88,0.22,1197.83,(9-),,,0,E1,1,0,0,4.01568,1385.88,1.15699,3.6596,Weisskopf E1,1.11765,21910.3,1.08286,19007.6,1.31013e+19,0.000262026,0,0
184re,75,184,188.046,0.0017,1.46016e+07,8(+),1406.08,0.21,1218.03,(10-),,,0,M2,1,0,0,3.23006,1406.08,1.15439,1.99806e-06,Weisskopf M2,1.23529,0.0127869,1.10112,0.0109089,2.83799e+25,567.597,0,0
184re,75,184,188.046,0.0017,1.46016e+07,8(+),1417.6,0.3,1229.55,(10-),,,0,M2,1,0,0,4.5933,1417.6,1.15294,2.09435e-06,Weisskopf M2,1.23529,0.0131531,1.11153,0.0111162,1.95848e+25,391.696,0,0
184re,75,184,188.046,0.0017,1.46016e+07,8(+),1675.5,0.3,1487.45,(10-),,,0,M2,1,0,0,4.73733,1675.5,1.12642,5.42662e-06,Weisskopf M2,1.23529,0.0232871,1.34468,0.0162685,1.29753e+25,259.506,0,0
188re,75,188,172.085,0.0024,1115.4,6-,182.759,0.0024,10.6746,(4-),2.03e-08,,0,E2,1,0,0,1.39446,182.759,17.121,7.17228e-15,Weisskopf E2,0.692308,3.34932e-07,0.00954678,3.29571e-05,2.17593e+28,435185,1,1
188re,75,188,172.085,0.0024,1115.4,6-,287.131,0.0019,115.046,4-,,,0,E2,1,0,0,0.68788,287.131,2.49579,1.04294e-09,Weisskopf E2,0.692308,0.000419293,0.102891,0.00382817,3.79749e+26,7594.97,0,0
188re,75,188,172.085,0.0024,1115.4,6-,325.876,0.0016,153.791,4-,,,0,E2,1,0,0,1.01093,325.876,2.11895,4.45203e-09,Weisskopf E2,0.692308,0.00100161,0.137543,0.00684085,1.446e+26,2891.99,0,0
188re,75,188,172.085,0.0024,1115.4,6-,339.956,0.003,167.871,(5-),,,0,M1,1,0,0,1.88227,339.956,2.0251,0.000174374,Weisskopf M1,0.846154,40.2423,0.150135,251.797,2.10993e+21,0.0421986,0,0
188re,75,188,172.085,0.0024,1115.4,6-,342.595,0.0015,170.51,4+,,,0,M2,1,0,0,1.27826,342.595,2.00924,1.08965e-10,Weisskopf M2,0.692308,1.9943e-05,0.152495,0.000122853,6.36789e+27,127358,0,0
188re,75,188,172.085,0.0024,1115.4,6-,360.896,0.0022,188.811,5+,5.5e-09,,1,E1,0.292662,0.707338,0,1.21968,239.174,1.26674,5.86754e-08,measured,0.846154,0.0107042,0.168862,0.0595485,1.37684e+25,275.368,0,0
188re,75,188,172.085,0.0024,1115.4,6-,446.348,0.004,274.263,5-,,,0,M1,1,0,0,1.61362,446.348,1.62744,0.000760425,Weisskopf M1,0.846154,65.7467,0.245286,251.797,2.46121e+21,0.0492242,0,0
188re,75,188,172.085,0.0024,1115.4,6-,462.087,0.002,290.003,4-,,,0,E2,1,0,0,1.21213,462.087,1.59339,1.06147e-07,Weisskopf E2,0.692308,0.00671595,0.259363,0.0243249,3.39156e+25,678.313,0,0
188re,75,188,172.085,0.0024,1115.4,6-,483.56,0.0023,311.475,(5)+,,,0,E1,1,0,0,1.61839,483.56,1.55248,0.0652741,Weisskopf E1,0.846154,4375.69,0.278566,14756,4.18743e+19,0.000837485,0,0
188re,75,188,172.085,0.0024,1115.4,6-,493.716,0.003,321.631,(4+),,,0,M2,0.784903,0.215097,0,2.13785,456.701,1.41995,2.60214e-09,Weisskopf M2,0.692308,0.000133849,0.287649,0.000437122,1.07009e+27,21401.8,0,0
188re,75,188,172.085,0.0024,1115.4,6-,511.72,0.003,339.635,4+,,,0,M2,1,0,0,2.12322,511.72,1.50668,3.41667e-09,Weisskopf M2,0.692308,0.000157608,0.303751,0.000487429,9.66261e+26,19325.2,0,0
188re,75,188,172.085,0.0024,1115.4,6-,516.247,0.004,344.162,5-,,,0,M1,1,0,0,1.58947,516.247,1.50001,0.0015026,Weisskopf M1,0.846154,82.5029,0.3078,251.797,2.4986e+21,0.0499721,0,0
188re,75,188,172.085,0.0024,1115.4,6-,523.051,0.0025,350.967,4-,,,0,E2,1,0,0,1.95164,523.051,1.49032,2.75568e-07,Weisskopf E2,0.692308,0.0119042,0.313885,0.0356269,1.43821e+25,287.642,0,0
188re,75,188,172.085,0.0024,1115.4,6-,554.329,0.023,382.244,(4)+,,,0,M2,1,0,0,1.99215,554.329,1.4502,6.16941e-09,Weisskopf M2,0.692308,0.00022468,0.341858,0.000617402,8.13037e+26,16260.7,0,0
188re,75,188,172.085,0.0024,1115.4,6-,558.24,0.004,386.155,(4 5)-,,,1,,0.805195,0.194805,0,1.97437,524.717,1.35882,,unknown,1,,0.345356,,,,0,0
188re,75,188,172.085,0.0024,1115.4,6-,608.891,0.004,436.806,4-,,,0,E2,1,0,0,1.7441,608.891,1.39396,8.22892e-07,Weisskopf E2,0.692308,0.0229492,0.390656,0.0551854,1.03898e+25,207.795,0,0
188re,75,188,172.085,0.0024,1115.4,6-,641.058,0.011,468.973,(5-),,,0,M1,1,0,0,2.19952,641.058,1.36694,0.00380188,Weisskopf M1,0.846154,112.423,0.419424,251.797,1.80559e+21,0.0361119,0,0
188re,75,188,172.085,0.0024,1115.4,6-,654.794,0.005,482.709,(5+),,,0,E1,0.644263,0.355737,0,2.87551,593.577,1.22968,0.242956,Weisskopf E1,0.846154,6781.24,0.431709,14756,2.35677e+19,0.000471353,0,0
188re,75,188,172.085,0.0024,1115.4,6-,695.559,0.024,523.474,(5+),,,0,E1,1,0,0,2.99215,695.559,1.32874,0.309854,Weisskopf E1,0.846154,7353.92,0.468167,14756,2.2649e+19,0.000452979,0,0
188re,75,188,172.085,0.0024,1115.4,6-,703.456,0.005,531.371,4+,,,0,M2,1,0,0,2.93645,703.456,1.32385,3.20279e-08,Weisskopf M2,0.692308,0.000603581,0.47523,0.00119312,2.85427e+26,5708.54,0,0
188re,75,188,172.085,0.0024,1115.4,6-,708.691,0.006,536.606,5-,,,0,M1,1,0,0,2.72299,708.691,1.32069,0.00569536,Weisskopf M1,0.846154,128.636,0.479911,251.797,1.45849e+21,0.0291698,0,0
188re,75,188,172.085,0.0024,1115.4,6-,739.21,0.04,567.125,(6-),,,0,M1,1,0,0,2.58947,739.21,1.30343,0.00672343,Weisskopf M1,1,160.67,0.507206,297.579,1.29774e+21,0.0259548,0,0
188re,75,188,172.085,0.0024,1115.4,6-,781.899,0.007,609.814,5-,,,0,M1,1,0,0,2.84648,781.899,1.28219,0.00835885,Weisskopf M1,0.846154,146.185,0.545385,251.797,1.39521e+21,0.0279043,0,0
188re,75,188,172.085,0.0024,1115.4,6-,799.551,0.014,627.466,5+,,,0,E1,0.876571,0.123429,0,2.88715,778.311,1.2404,0.533632,Weisskopf E1,0.846154,8814.82,0.561172,14756,2.34726e+19,0.000469453,0,0
181os,76,181,49.2,0.14,162,7/2-,93.9,0.07,44.7,3/2-,,,0,E2,1,0,0,0.148148,93.9,2.10067,8.77939e-12,Weisskopf E2,0.5,1.68858e-05,0.040743,0.000389332,1.73374e+28,346748,0,1
181os,76,181,49.2,0.14,162,7/2-,102.76,0.07,53.56,5/2-,,,0,M1,1,0,0,0.201207,102.76,1.9186,5.66338e-06,Weisskopf M1,0.75,11.3804,0.0488186,218.99,2.26951e+22,0.453903,0,1
181os,76,181,49.2,0.14,162,7/2-,156.91,0.15,107.71,9/2+,2.62e-07,,1,E1,0,1,0,0.75358,107.71,1,1.74137e-09,measured,1.25,0.00144209,0.098175,0.0137988,9.6168e+25,1923.36,0,0
181os,76,181,49.2,0.14,162,7/2-,172.76,0.14,123.56,9/2-,,,1,M1,0,1,0,0.240385,123.56,1,6.95324e-05,Weisskopf M1,1.25,43.7567,0.112622,364.983,1.13978e+22,0.227956,0,0
181os,76,181,49.2,0.14,162,7/2-,200.27,0.16,151.07,11/2+,,,0,M2,0,1,0,1.75358,151.07,1,5.80021e-11,Weisskopf M2,1.5,2.9301e-05,0.137697,0.000199898,2.85276e+27,57055.2,0,0
181os,76,181,49.2,0.14,162,7/2-,320.93,0.1,271.73,7/2-,,,0,M1,1,0,0,0.984867,320.93,1.18106,0.000739548,Weisskopf M1,1,76.9829,0.247675,291.986,3.47744e+21,0.0695489,0,0
181os,76,181,49.2,0.14,162,7/2-,321.02,0.14,271.82,11/2-,,,1,E2,0,1,0,0.958938,271.82,1,7.30018e-08,Weisskopf E2,1.5,0.0113911,0.247757,0.0431906,2.41446e+25,482.892,0,0
181os,76,181,49.2,0.14,162,7/2-,334.26,0.1,285.06,9/2-,,,0,M1,1,0,0,1.03756,334.26,1.1726,0.000853813,Weisskopf M1,1.25,100.949,0.259825,364.983,2.64068e+21,0.0528136,0,0
181os,76,181,49.2,0.14,162,7/2-,341.24,0.2,292.04,(7/2+),,,1,E1,0,1,0,1.74612,292.04,1,0.052458,Weisskopf E1,1,4727.48,0.266187,16683.7,3.43268e+19,0.000686536,0,0
181os,76,181,49.2,0.14,162,7/2-,368.02,0.15,318.82,(5/2-),,,1,M1,0.0194175,0.980583,0,1.00573,319.775,1.003,0.00119451,Weisskopf M1,0.75,67.7429,0.290597,218.99,4.54043e+21,0.0908086,0,0
181os,76,181,49.2,0.14,162,7/2-,423.88,0.2,374.68,(7/2-),,,1,M1,0.333333,0.666667,0,1.1472,391.08,1.04377,0.00193881,Weisskopf M1,1,106.149,0.341512,291.986,2.98538e+21,0.0597076,0,0
181os,76,181,49.2,0.14,162,7/2-,507.06,0.15,457.86,7/2-,,,1,M1,0.0192325,0.980767,0,1.73289,458.806,1.00207,0.00353795,Weisskopf M1,1,129.715,0.417328,291.986,1.97636e+21,0.0395273,0,0
181os,76,181,49.2,0.14,162,7/2-,509.3,0.19,460.1,(9/2+),,,0,E1,1.11022e-16,1,0,2.63178,460.1,1,0.205136,Weisskopf E1,1.25,9310.01,0.41937,20854.7,1.822e+19,0.0003644,0,0
181os,76,181,49.2,0.14,162,7/2-,574.3,0.4,525.1,(9/2-),,,0,M1,0.333333,0.666667,0,2.1472,541.5,1.03123,0.00533679,Weisskopf M1,1.25,185.955,0.478616,364.983,1.27601e+21,0.0255203,0,0
181os,76,181,49.2,0.14,162,7/2-,663.65,0.16,614.45,11/2-,,,0,E2,1,0,0,1.92596,663.65,1.08007,4.30883e-06,Weisskopf E2,1.5,0.131577,0.560056,0.220699,2.35263e+24,47.0527,0,0
181os,76,181,49.2,0.14,162,7/2-,749.3,0.2,700.1,,,,1,,0,1,0,1.12019,700.1,1,,unknown,1,,0.638124,,,,0,0
181os,76,181,49.2,0.14,162,7/2-,1688.6,0.3,1639.4,,,,1,,0.00215189,0.997848,0,1.52358,1639.51,1.00006,,unknown,1,,1.49427,,,,0,0
181os,76,181,49.2,0.14,162,7/2-,1701.67,0.22,1652.47,,,,1,,0,1,0,1.22146,1652.47,1,,unknown,1,,1.50619,,,,0,0
183os,76,183,170.73,0.07,35640,1/2-,258.34,0.08,87.61,3/2-,,,1,M1,0,1,0,0.111607,87.61,1,2.47865e-05,Weisskopf M1,2,49.641,0.0794168,587.19,1.52591e+22,0.305182,0,1
183os,76,183,170.73,0.07,35640,1/2-,273.08,0.08,102.35,5/2-,,,1,E2,0,1,0,0.150892,102.35,1,5.60698e-10,Weisskopf E2,3,0.00123418,0.0927784,0.0124963,5.30337e+26,10606.7,0,0
183os,76,183,170.73,0.07,35640,1/2-,395.22,0.1,224.49,1/2-,,,0,M1,0,1,0,0.428063,224.49,1,0.000417008,Weisskopf M1,1,63.5995,0.203496,293.595,7.9569e+21,0.159138,0,0
183os,76,183,170.73,0.07,35640,1/2-,453.08,0.08,282.35,3/2-,,,1,M1,0,1,0,0.71752,282.35,1,0.000829693,Weisskopf M1,2,159.983,0.255945,587.19,2.37349e+21,0.0474698,0,0
183os,76,183,170.73,0.07,35640,1/2-,513.12,0.08,342.39,5/2-,,,1,E2,0,1,0,0.879659,342.39,1,2.34907e-07,Weisskopf E2,3,0.0462038,0.31037,0.139845,8.12901e+24,162.58,0,0
183os,76,183,170.73,0.07,35640,1/2-,544.41,0.08,373.68,5/2-,,,1,E2,0.273326,0.726674,0,0.948263,420.345,1.12488,3.63739e-07,Weisskopf E2,3,0.060064,0.338734,0.166573,6.3309e+24,126.618,0,0
183os,76,183,170.73,0.07,35640,1/2-,582.24,0.09,411.51,(3/2)-,,,1,M1,0,1,0,0.963029,411.51,1,0.00256859,Weisskopf M1,2,233.167,0.373026,587.19,1.76841e+21,0.0353681,0,0
183os,76,183,170.73,0.07,35640,1/2-,669.12,0.09,498.39,(5/2)-,,,1,E2,0.105687,0.894313,0,1.18829,516.434,1.0362,1.5351e-06,Weisskopf E2,3,0.142502,0.451781,0.296309,2.8401e+24,56.8019,0,0
183os,76,183,170.73,0.07,35640,1/2-,800.57,0.13,629.84,(5/2)+,,,0,M2,1,0,0,0.992231,800.57,1.27107,7.36013e-08,Weisskopf M2,3,0.00427809,0.570938,0.007039,1.43178e+26,2863.56,0,0
183os,76,183,170.73,0.07,35640,1/2-,944.35,0.12,773.62,(3/2 5/2)-,,,1,,0.0641868,0.935813,0,1.25033,784.579,1.01417,,unknown,1,,0.701272,,,,0,0
183os,76,183,170.73,0.07,35640,1/2-,964.88,0.14,794.15,(3/2 5/2)-,,,1,,0,1,0,1.10342,794.15,1,,unknown,1,,0.719882,,,,0,0
183os,76,183,170.73,0.07,35640,1/2-,1045.96,0.12,875.23,(5/2+),,,0,M2,1,0,0,1.3531,1045.96,1.19507,3.81369e-07,Weisskopf M2,3,0.0114796,0.79338,0.0135924,5.43722e+25,1087.44,0,0
183os,76,183,170.73,0.07,35640,1/2-,1252.97,0.15,1082.24,(5/2)+,,,0,M2,1,0,0,1.91764,1252.97,1.15776,1.10243e-06,Weisskopf M2,3,0.0217035,0.98103,0.0207825,2.5092e+25,501.84,0,0
183os,76,183,170.73,0.07,35640,1/2-,1295.44,0.18,1124.71,(5/2)+,,,0,M2,1,0,0,1.97578,1295.44,1.1518,1.3364e-06,Weisskopf M2,3,0.0243602,1.01953,0.0224456,2.25491e+25,450.983,0,0
183os,76,183,170.73,0.07,35640,1/2-,1977.92,0.14,1807.19,(3/2)+,,,1,E1,0.728752,0.271248,0,2.27146,1931.61,1.06885,12.5221,Weisskopf E1,2,58939.1,1.63818,33798,1.30258e+19,0.000260516,0,0
183os,76,183,170.73,0.07,35640,1/2-,2300.06,0.1,2129.33,(5/2)-,,,0,E2,0.427919,0.572081,0,2.06835,2202.39,1.03431,0.00218527,Weisskopf E2,3,11.1133,1.9302,5.40869,8.93888e+22,1.78778,0,0
189os,76,189,30.82,0.02,20916,9/2-,69.54,0.02,38.72,5/2-,1.62e-09,,0,E2,1,0,0,0.100872,69.54,1.79597,4.53574e-12,Weisskopf E2,0.6,1.39518e-05,0.0345373,0.000379484,2.61237e+28,522474,0,1
189os,76,189,30.82,0.02,20916,9/2-,97.35,0.03,66.53,11/2+,,,1,E1,0,1,0,0.814996,66.53,1,0.000638351,Weisskopf E1,1.2,1330.17,0.0593432,21056.6,5.82715e+19,0.00116543,0,1
189os,76,189,30.82,0.02,20916,9/2-,216.67,0.02,185.85,7/2-,4.1e-10,,1,M1,0.734445,0.265555,0,0.660258,208.486,1.1218,2.95502e-07,measured,0.8,0.0526052,0.165774,0.298101,5.08069e+24,101.614,0,0
189os,76,189,30.82,0.02,20916,9/2-,219.39,0.02,188.57,7/2-,2.6e-10,,1,M1,0.902972,0.0970278,0,0.751092,216.4,1.14758,1.7026e-07,measured,0.8,0.0294416,0.1682,0.164432,8.09694e+24,161.939,0,0
189os,76,189,30.82,0.02,20916,9/2-,233.58,0.02,202.76,5/2-,2.7e-10,,0,E2,1,0,0,0.710175,233.58,1.152,1.786e-08,Weisskopf E2,0.6,0.00200342,0.180857,0.0104061,1.35316e+26,2706.31,0,0
189os,76,189,30.82,0.02,20916,9/2-,275.92,0.03,245.1,5/2-,1.7e-10,,1,E2,0.24108,0.75892,0,0.841648,252.53,1.03031,1.93621e-06,measured,0.6,0.148635,0.218623,0.638666,1.86035e+24,37.2071,0,0
189os,76,189,30.82,0.02,20916,9/2-,288,3,257.18,(13/2+),,,0,M2,0,0,1,0,0,0,8.53613e-10,Weisskopf M2,1.4,0.000138873,0.229399,0.000568693,,,0,0
189os,76,189,30.82,0.02,20916,9/2-,350,0.4,319.18,(9/2-),,,0,M1,1,0,0,1.10087,350,1.09656,0.00119856,Weisskopf M1,1,90.4258,0.284701,298.369,3.04445e+21,0.060889,0,0
189os,76,189,30.82,0.02,20916,9/2-,365.78,0.03,334.96,(7/2)-,,,0,M1,1,0,0,1.20304,365.78,1.09201,0.00138526,Weisskopf M1,0.8,75.9171,0.298776,238.695,3.48238e+21,0.0696477,0,0
189os,76,189,30.82,0.02,20916,9/2-,427.93,0.04,397.11,5/2- 7/2-,4.4e-12,GT,1,,0.345099,0.654901,0,1.14791,407.746,1.02678,,unknown,1,,0.354213,,,,0,0
189os,76,189,30.82,0.02,20916,9/2-,444.23,0.03,413.41,7/2+,,,1,E1,0.108996,0.891004,0,1.72135,416.769,1.00813,0.153162,Weisskopf E1,0.8,5510.37,0.368752,14037.7,4.13842e+19,0.000827683,0,0
189os,76,189,30.82,0.02,20916,9/2-,531.55,0.03,500.73,5/2-,2.6e-13,GT,0,E2,0.963385,0.0366148,0,1.25962,530.422,1.0593,1.64055e-06,Weisskopf E2,0.6,0.0301742,0.446639,0.0634643,1.25093e+25,250.185,0,0
189os,76,189,30.82,0.02,20916,9/2-,594.9,0.3,564.08,(11/2-),,,0,M1,0.891324,0.108676,0,1.84593,591.551,1.0487,0.0066157,Weisskopf M1,1.2,191.769,0.503146,358.043,1.51303e+21,0.0302607,0,0
189os,76,189,30.82,0.02,20916,9/2-,630.6,0.3,599.78,(9/2-),,,0,M1,0.965545,0.0344548,0,1.8172,629.538,1.04962,0.00795298,Weisskopf M1,1,169.922,0.53499,298.369,1.84435e+21,0.0368871,0,0
189os,76,189,30.82,0.02,20916,9/2-,672.14,0.03,641.32,5/2-,,,0,E2,0.963485,0.0365146,0,1.7006,671.015,1.0463,5.65386e-06,Weisskopf E2,0.6,0.0633942,0.572042,0.104105,5.64841e+24,112.968,0,0
189os,76,189,30.82,0.02,20916,9/2-,716.89,0.04,686.07,5/2-,,,0,E2,0.907718,0.0922819,0,1.71474,714.046,1.04078,7.9216e-06,Weisskopf E2,0.6,0.0776123,0.611958,0.11914,4.89487e+24,97.8974,0,0
189os,76,189,30.82,0.02,20916,9/2-,877,3,846.18,(13/2+),,,0,M2,0,0,1,0,0,0,3.29146e-07,Weisskopf M2,1.4,0.00494646,0.754773,0.00615643,,,0,0
189os,76,189,30.82,0.02,20916,9/2-,990.15,0.04,959.33,7/2+,,,1,E1,0.161459,0.838541,0,2.55541,964.306,1.00519,1.91386,Weisskopf E1,0.8,12787,0.8557,14037.7,2.78768e+19,0.000557536,0,0
189os,76,189,30.82,0.02,20916,9/2-,1019,2,988.18,(13/2+),,,0,M2,0,0,1,0,0,0,7.14916e-07,Weisskopf M2,1.4,0.00787797,0.881433,0.00839606,,,0,0
189os,76,189,30.82,0.02,20916,9/2-,1036.74,0.07,1005.92,(5/2- 7/2 9/2-),,,1,,0.746598,0.253402,0,1.5614,1028.93,1.02287,,unknown,1,,0.897257,,,,0,0
189os,76,189,30.82,0.02,20916,9/2-,1699.6,2,1668.78,(5/2-),,,0,E2,0,0,1,0,0,0,0.000674476,Weisskopf E2,0.6,1.11692,1.48851,0.704889,,,0,0
190os,76,190,1705.7,0.1,591.6,10-,2090.2,1.2,384.5,(8+),1.6e-12,,0,M2,1,0,0,4.19863,2090.2,5.43615,6.39859e-09,Weisskopf M2,0.809524,0.000269293,0.342061,0.000739556,3.22049e+26,6440.98,0,0
190os,76,190,1705.7,0.1,591.6,10-,2357.7,1,652,(10+),4.8e-13,,0,E1,1,0,0,4.60712,2357.7,3.6161,0.602945,Weisskopf E1,1,10901.5,0.580036,17655.5,1.22939e+19,0.000245878,0,0
190os,76,190,1705.7,0.1,591.6,10-,2757.7,1.5,1052,(12+),,,0,M2,1,0,0,5.60712,2757.7,2.62139,9.81028e-07,Weisskopf M2,1.19048,0.00811099,0.935887,0.00814144,2.19058e+25,438.116,0,0
190os,76,190,1705.7,0.1,591.6,10-,2772.2,1.6,1066.5,(10+),,,0,E1,1,0,0,5.19863,2772.2,2.59934,2.63887,Weisskopf E1,1,17831.9,0.948786,17655.5,1.08951e+19,0.000217902,0,0
190os,76,190,1705.7,0.1,591.6,10-,3011.7,1.5,1306,(12+),1.9e-12,LT,0,M2,1,0,0,5.59513,3011.7,2.30605,2.8928e-06,Weisskopf M2,1.19048,0.0155187,1.16185,0.0125475,1.42441e+25,284.881,0,0
190os,76,190,1705.7,0.1,591.6,10-,3126.7,1.5,1421,(12+),4.8e-12,LT,0,M2,1,0,0,5.59867,3126.7,2.20035,4.41137e-06,Weisskopf M2,1.19048,0.0199898,1.26416,0.0148545,1.20242e+25,240.485,0,0
191os,76,191,74.382,0.003,47160,3/2-,84.457,0.002,10.075,(1/2)-,,,0,M1,0,0,1,0,0,0,3.76955e-08,Weisskopf M1,0.5,1.42716,0.00893949,149.972,,,1,1
191os,76,191,74.382,0.003,47160,3/2-,131.942,0.003,57.56,5/2-,,,1,M1,0,0.386823,0.613177,0.022639,22.2655,0.386823,7.02937e-06,Weisskopf M1,1.5,24.4607,0.0510727,449.915,9.81777e+22,1.96355,0,1
191os,76,191,74.382,0.003,47160,3/2-,141.935,0.002,67.553,(3/2)-,,,1,M1,0,0.144897,0.855103,0.168807,9.78823,0.144897,1.13629e-05,Weisskopf M1,1,19.1382,0.0599394,299.944,1.97502e+22,0.395003,0,1
191os,76,191,74.382,0.003,47160,3/2-,272.754,0.002,198.372,5/2-,,,1,M1,0.985792,0.0142083,0,0.888346,271.697,1.36963,0.000287736,Weisskopf M1,1.5,84.3002,0.176014,449.915,2.502e+21,0.0500399,0,0
191os,76,191,74.382,0.003,47160,3/2-,314.266,0.003,239.884,(5/2)-,,,1,M1,0,0.423233,0.576767,0.760852,101.527,0.423233,0.000508812,Weisskopf M1,1.5,101.941,0.212848,449.915,2.92125e+21,0.058425,0,0
191os,76,191,74.382,0.003,47160,3/2-,410.82,0.002,336.438,(7/2)+,,,0,M2,0.998004,0.00199639,0,1.73909,410.672,1.22065,3.29343e-09,Weisskopf M2,2,0.000447271,0.298519,0.0014075,4.08536e+26,8170.72,0,0
191os,76,191,74.382,0.003,47160,3/2-,417.153,0.002,342.771,1/2- 3/2-,,,1,,2.22045e-16,0.267192,0.732808,0.909437,91.5858,0.267192,,unknown,1,,0.304139,,,,0,0
191os,76,191,74.382,0.003,47160,3/2-,433.59,0.003,359.208,(1/2 3/2)-,,,1,,0,0.241162,0.758838,0.899942,86.6274,0.241162,,unknown,1,,0.318723,,,,0,0
191os,76,191,74.382,0.003,47160,3/2-,436.969,0.003,362.587,(1/2 3/2)-,,,1,,1.11022e-16,0.349009,0.650991,0.930248,126.546,0.349009,,unknown,1,,0.321721,,,,0,0
191os,76,191,74.382,0.003,47160,3/2-,442,0.5,367.618,(5/2)-,,,0,M1,0,0,1,0,0,0,0.00183124,Weisskopf M1,1.5,156.223,0.326185,449.915,,,0,0
191os,76,191,74.382,0.003,47160,3/2-,446.929,0.004,372.547,7/2-,,,0,E2,0.176834,0.31842,0.504747,0.857505,197.658,0.53056,3.7929e-07,Weisskopf E2,2,0.042009,0.330559,0.119384,9.76829e+24,195.366,0,0
191os,76,191,74.382,0.003,47160,3/2-,462.532,0.003,388.15,7/2-,,,0,E2,0.66123,0.0923029,0.246467,1.10595,341.668,0.880246,4.65655e-07,Weisskopf E2,2,0.0475114,0.344403,0.129593,6.97723e+24,139.545,0,0
191os,76,191,74.382,0.003,47160,3/2-,471.652,0.004,397.27,(5/2)-,,,1,M1,-2.22045e-16,0.47023,0.52977,0.952397,186.808,0.47023,0.00231106,Weisskopf M1,1.5,168.824,0.352495,449.915,2.33373e+21,0.0466746,0,0
191os,76,191,74.382,0.003,47160,3/2-,487.612,0.003,413.23,(3/2)-,,,1,M1,1.11022e-16,0.385253,0.614747,0.939163,159.198,0.385253,0.00260093,Weisskopf M1,1,117.071,0.366657,299.944,3.54993e+21,0.0709985,0,0
191os,76,191,74.382,0.003,47160,3/2-,508.147,0.003,433.765,(3/2)-,,,1,M1,1.11022e-16,0.241727,0.758273,1.05142,104.853,0.241727,0.00300827,Weisskopf M1,1,122.889,0.384877,299.944,3.17092e+21,0.0634184,0,0
191os,76,191,74.382,0.003,47160,3/2-,519.398,0.006,445.016,(7/2)+,,,0,M2,0.998541,0.00145917,0,1.90535,519.289,1.1669,1.33352e-08,Weisskopf M2,2,0.0010351,0.39486,0.00246258,2.13126e+26,4262.52,0,0
191os,76,191,74.382,0.003,47160,3/2-,574.167,0.005,499.785,(5/2)-,,,1,M1,5.55112e-17,0.668084,0.331916,0.970997,333.898,0.668084,0.00460154,Weisskopf M1,1.5,212.389,0.443456,449.915,2.28903e+21,0.0457806,0,0
191os,76,191,74.382,0.003,47160,3/2-,611.959,0.002,537.577,1/2- 3/2-,,,1,,0.0457115,0.2654,0.688889,1.02567,170.646,0.317436,,unknown,1,,0.476989,,,,0,0
191os,76,191,74.382,0.003,47160,3/2-,619.205,0.005,544.823,(5/2)-,,,1,M1,-5.55112e-17,0.603441,0.396559,1.17299,328.769,0.603441,0.00596101,Weisskopf M1,1.5,231.528,0.483418,449.915,1.89485e+21,0.037897,0,0
191os,76,191,74.382,0.003,47160,3/2-,630.716,0.011,556.334,(5/2)-,,,1,M1,-1.11022e-16,0.646564,0.353436,1.37131,359.706,0.646564,0.00634688,Weisskopf M1,1.5,236.42,0.493632,449.915,1.62081e+21,0.0324162,0,0
191os,76,191,74.382,0.003,47160,3/2-,688.821,0.005,614.439,(5/2)-,,,1,M1,0.0467269,0.364188,0.589085,1.29949,255.958,0.416571,0.00855047,Weisskopf M1,1.5,261.112,0.545188,449.915,1.71039e+21,0.0342079,0,0
191os,76,191,74.382,0.003,47160,3/2-,721.432,0.003,647.05,(3/2)-,,,1,M1,0.0671244,0.214109,0.718766,1.34032,186.965,0.28895,0.00998544,Weisskopf M1,1,183.314,0.574124,299.944,2.48743e+21,0.0497487,0,0
191os,76,191,74.382,0.003,47160,3/2-,748.344,0.004,673.962,(3/2)-,,,1,M1,0.0492246,0.242963,0.707812,1.34094,200.585,0.29762,0.0112839,Weisskopf M1,1,190.938,0.598003,299.944,2.48628e+21,0.0497257,0,0
191os,76,191,74.382,0.003,47160,3/2-,794.658,0.006,720.276,(3/2)-,,,1,M1,0,0.551647,0.448353,1.02932,397.338,0.551647,0.0137737,Weisskopf M1,1,204.059,0.639097,299.944,3.23901e+21,0.0647801,0,0
191os,76,191,74.382,0.003,47160,3/2-,815.43,0.006,741.048,(3/2)-,,,0,M1,0.210761,0.271844,0.517395,1.69633,373.31,0.50376,0.0150001,Weisskopf M1,1,209.944,0.657528,299.944,1.9654e+21,0.039308,0,0
191os,76,191,74.382,0.003,47160,3/2-,1077.8,0.009,1003.42,(1/2 3/2)-,,,1,,-1.11022e-16,0.472955,0.527045,1.21495,474.573,0.472955,,unknown,1,,0.890329,,,,0,0
191os,76,191,74.382,0.003,47160,3/2-,1108.73,0.008,1034.35,(5/2)-,,,0,M1,1.11022e-16,0.361001,0.638999,1.9587,373.4,0.361001,0.0407899,Weisskopf M1,1.5,439.556,0.91777,449.915,1.13475e+21,0.022695,0,0
191os,76,191,74.382,0.003,47160,3/2-,1118,0.019,1043.62,(5/2)-,,,0,M1,0.510776,0.152269,0.336955,2.22019,729.958,0.699449,0.0418967,Weisskopf M1,1.5,443.496,0.925997,449.915,1.0011e+21,0.0200221,0,0
191os,76,191,74.382,0.003,47160,3/2-,1280.85,0.009,1206.47,(5/2+),,,0,E1,0.165521,0.320258,0.514221,1.78073,598.389,0.495984,3.83356,Weisskopf E1,1.5,30364.4,1.07049,26646,2.10752e+19,0.000421503,0,0
192os,76,192,2015.4,0.11,5.94,(10-),2133.9,1,118.5,8+,1.34e-12,,0,M2,1,0,0,4.23213,2133.9,18.0076,1.79154e-11,Weisskopf M2,0.809524,7.9382e-06,0.10487,7.11084e-05,3.32292e+27,66458.4,0,0
192os,76,192,2015.4,0.11,5.94,(10-),2418.8,1,403.4,10+,4.5e-13,,0,E1,1,0,0,4.67701,2418.8,5.99603,0.143805,Weisskopf E1,1,6792.12,0.357001,17872.5,1.19632e+19,0.000239263,0,0
192os,76,192,2015.4,0.11,5.94,(10-),2894.2,1.5,878.8,10+,,,0,E1,1,0,0,5.23213,2894.2,3.29335,1.48675,Weisskopf E1,1,14796.5,0.777721,17872.5,1.06939e+19,0.000213877,0,0
192os,76,192,2015.4,0.11,5.94,(10-),2986.8,1.5,971.4,(12+),,,0,M2,1,0,0,5.67701,2986.8,3.07474,6.6317e-07,Weisskopf M2,1.19048,0.00643062,0.85967,0.00702702,2.50674e+25,501.348,0,0
192os,76,192,2015.4,0.11,5.94,(10-),3103.8,1.5,1088.4,(12+),2.1e-12,GE,0,M2,1,0,0,5.66618,3103.8,2.85171,1.17106e-06,Weisskopf M2,1.19048,0.00904532,0.963213,0.0088217,2.00059e+25,400.117,0,0
192os,76,192,2015.4,0.11,5.94,(10-),3210.8,1.5,1195.4,12+,,,0,M2,1,0,0,5.67701,3210.8,2.68596,1.87155e-06,Weisskopf M2,1.19048,0.0119839,1.05791,0.0106415,1.65531e+25,331.062,0,0
173ir,77,173,226,18,2.2,11/2-,424.4,1.3,198.4,(9/2-),,,0,M1,0,0,1,0.943752,0,0,0.000287858,Weisskopf M1,0.833333,46.84,0.184971,237.884,4.45428e+21,0.0890855,0,0
173ir,77,173,226,18,2.2,11/2-,601,18,375,(13/2-),,,1,M1,0,1,0,1,375,1,0.00194378,Weisskopf M1,1.16667,123.947,0.349617,333.037,3.00267e+21,0.0600533,0,0
173ir,77,173,226,18,2.2,11/2-,686.8,1.3,460.8,(13/2-),,,0,M1,0,0,1,1.94375,0,0,0.00360654,Weisskopf M1,1.16667,152.306,0.429609,333.037,1.54478e+21,0.0308956,0,0
173ir,77,173,226,18,2.2,11/2-,793,18,567,(15/2-),,,1,E2,0,1,0,1.24812,567,1,2.71435e-06,Weisskopf E2,1.33333,0.0865249,0.528621,0.153761,5.2107e+24,104.214,0,0
173ir,77,173,226,18,2.2,11/2-,991,18,765,(15/2-),,,0,E2,0,1,0,2,765,1,1.21355e-05,Weisskopf E2,1.33333,0.212508,0.713219,0.279901,1.78635e+24,35.727,0,0
173ir,77,173,226,18,2.2,11/2-,1095,1.2,869,(13/2+),,,0,E1,0.444444,0,0.555556,2.97535,486.667,0.560031,1.34108,Weisskopf E1,1.16667,15924.5,0.810179,18464.4,1.82023e+19,0.000364046,0,0
175ir,77,175,49,0.5,33,(9/2-),196,0.5,147,(7/2-),,,0,M1,1,0,0,1,196,1.33333,0.000117086,Weisskopf M1,0.8,33.3169,0.136264,229.685,4.3538e+21,0.0870759,0,0
175ir,77,175,49,0.5,33,(9/2-),279,0.5,230,(13/2-),,,1,E2,0,1,0,1,230,1,3.02723e-08,Weisskopf E2,1.4,0.00615773,0.213203,0.0271318,3.68572e+25,737.143,0,0
175ir,77,175,49,0.5,33,(9/2-),422,0.5,373,(11/2-),,,1,M1,0.581395,0.418605,0,1.5814,401.488,1.07638,0.00191285,Weisskopf M1,1.2,126.808,0.34576,344.527,1.83542e+21,0.0367085,0,0
175ir,77,175,49,0.5,33,(9/2-),660,0.5,611,(13/2+),,,0,M2,0.277538,0.574863,0.1476,2.56352,534.416,0.874658,6.1376e-08,Weisskopf M2,1.4,0.00176908,0.566378,0.00293421,1.32945e+26,2658.91,0,0
190ir,77,190,26.1,0.1,4032,(1)-,38.1,0.2,12,(3)-,,,0,E2,0,0,1,0,0,0,1.30597e-14,Weisskopf E2,2.33333,1.62649e-06,0.0106755,0.000143124,,,1,1
190ir,77,190,26.1,0.1,4032,(1)-,82.594,0.02,56.494,(3)-,6e-09,,0,E2,1,0,0,0.0863558,82.594,1.462,3.02022e-11,Weisskopf E2,2.33333,0.000169712,0.0502585,0.00317215,3.65052e+27,73010.3,0,1
190ir,77,190,26.1,0.1,4032,(1)-,83.3,1,57.2,(2)-,,,1,M1,0,1,0,1,57.2,1,6.8983e-06,Weisskopf M1,1.66667,27.0086,0.0508866,498.596,2.00563e+21,0.0401127,0,1
190ir,77,190,26.1,0.1,4032,(1)-,144.1,1,118,(1)-,,,1,M1,0,1,0,1,118,1,6.05619e-05,Weisskopf M1,1,33.4302,0.104976,299.157,3.34272e+21,0.0668544,0,0
190ir,77,190,26.1,0.1,4032,(1)-,173.8,0.2,147.7,(1)-,,,0,M1,0,0,1,0,0,0,0.000118767,Weisskopf M1,1,41.8444,0.131398,299.157,,,0,0
190ir,77,190,26.1,0.1,4032,(1)-,183.4,0.4,157.3,(0)-,,,0,M1,0,0,1,0,0,0,0.000143463,Weisskopf M1,0.333333,14.8547,0.139938,99.7191,,,0,0
190ir,77,190,26.1,0.1,4032,(1)-,199,1,172.9,(3)-,,,1,E2,0,1,0,1.27431,172.9,1,8.10964e-09,Weisskopf E2,2.33333,0.0048651,0.153816,0.0297125,2.6411e+25,528.22,0,0
190ir,77,190,26.1,0.1,4032,(1)-,223.6,0.5,197.5,(2)-,,,0,M1,0,0,1,0,0,0,0.000283959,Weisskopf M1,1.66667,93.2551,0.175701,498.596,,,0,0
190ir,77,190,26.1,0.1,4032,(1)-,245,0.7,218.9,(0:4)(-),,,0,M1,0,0,1,0,0,0,0.000386626,Weisskopf M1,0.333333,20.6719,0.194739,99.7191,,,0,0
190ir,77,190,26.1,0.1,4032,(1)-,266.8,0.3,240.7,(0:3)-,,,0,M1,0,0,1,0,0,0,0.000514022,Weisskopf M1,0.333333,22.7306,0.214133,99.7191,,,0,0
190ir,77,190,26.1,0.1,4032,(1)-,284.8,0.3,258.7,(2)-,,,0,M1,0,0,1,0,0,0,0.00063818,Weisskopf M1,1.66667,122.152,0.230146,498.596,,,0,0
190ir,77,190,26.1,0.1,4032,(1)-,313.2,0.5,287.1,(2)-,,,0,M1,0,0,1,0,0,0,0.000872275,Weisskopf M1,1.66667,135.562,0.255412,498.596,,,0,0
190ir,77,190,26.1,0.1,4032,(1)-,331.7,0.4,305.6,(1:5)-,,,0,M1,0,0,1,0,0,0,0.001052,Weisskopf M1,1,86.5785,0.27187,299.157,,,0,0
190ir,77,190,26.1,0.1,4032,(1)-,347.8,0.4,321.7,(3)-,,,0,E2,0,0,1,0,0,0,1.80835e-07,Weisskopf E2,2.33333,0.0313372,0.286193,0.102861,,,0,0
190ir,77,190,26.1,0.1,4032,(1)-,375.7,0.4,349.6,(0:3)-,,,0,M1,0,0,1,0,0,0,0.00157495,Weisskopf M1,0.333333,33.0147,0.311013,99.7191,,,0,0
190ir,77,190,26.1,0.1,4032,(1)-,426.7,0.4,400.6,(0:3)-,,,0,M1,0,0,1,0,0,0,0.00236966,Weisskopf M1,0.333333,37.8309,0.356384,99.7191,,,0,0
190ir,77,190,26.1,0.1,4032,(1)-,456.6,1.4,430.5,(0:4)(-),,,0,M1,0,0,1,0,0,0,0.00294085,Weisskopf M1,0.333333,40.6545,0.382984,99.7191,,,0,0
190ir,77,190,26.1,0.1,4032,(1)-,478.5,0.5,452.4,(1:5)-,,,0,M1,0,0,1,0,0,0,0.00341288,Weisskopf M1,1,128.168,0.402467,299.157,,,0,0
190ir,77,190,26.1,0.1,4032,(1)-,485.8,0.5,459.7,(0:3)-,,,0,M1,0,0,1,0,0,0,0.00358078,Weisskopf M1,0.333333,43.412,0.408961,99.7191,,,0,0
190ir,77,190,26.1,0.1,4032,(1)-,496.4,0.5,470.3,(0:3)-,,,0,M1,0,0,1,0,0,0,0.00383424,Weisskopf M1,0.333333,44.413,0.418391,99.7191,,,0,0
190ir,77,190,26.1,0.1,4032,(1)-,510.9,0.5,484.8,(0:3)-,,,0,M1,0,0,1,0,0,0,0.00419993,Weisskopf M1,0.333333,45.7824,0.431291,99.7191,,,0,0
190ir,77,190,26.1,0.1,4032,(1)-,589.4,0.6,563.3,(0:3)-,,,0,M1,0,0,1,0,0,0,0.0065883,Weisskopf M1,0.333333,53.1955,0.501126,99.7191,,,0,0
190ir,77,190,26.1,0.1,4032,(1)-,602.7,0.6,576.6,(1:5)-,,,0,M1,0,0,1,0,0,0,0.00706607,Weisskopf M1,1,163.355,0.512958,299.157,,,0,0
190ir,77,190,26.1,0.1,4032,(1)-,612.8,0.7,586.7,(0:3)-,,,0,M1,0,0,1,0,0,0,0.00744393,Weisskopf M1,0.333333,55.4053,0.521944,99.7191,,,0,0
190ir,77,190,26.1,0.1,4032,(1)-,619.1,0.7,593,(0:3)-,,,0,M1,0,0,1,0,0,0,0.00768631,Weisskopf M1,0.333333,56.0003,0.527548,99.7191,,,0,0
190ir,77,190,26.1,0.1,4032,(1)-,621.5,1.3,595.4,(0:4)(-),,,0,M1,0,0,1,0,0,0,0.00778001,Weisskopf M1,0.333333,56.2269,0.529683,99.7191,,,0,0
190ir,77,190,26.1,0.1,4032,(1)-,633,0.7,606.9,(0:3)-,,,0,M1,0,0,1,0,0,0,0.00823958,Weisskopf M1,0.333333,57.3129,0.539914,99.7191,,,0,0
190ir,77,190,26.1,0.1,4032,(1)-,655.3,0.7,629.2,(0:3)-,,,0,M1,0,0,1,0,0,0,0.00918163,Weisskopf M1,0.333333,59.4189,0.559753,99.7191,,,0,0
190ir,77,190,26.1,0.1,4032,(1)-,670.8,1.3,644.7,(0:4)(-),,,0,M1,0,0,1,0,0,0,0.00987704,Weisskopf M1,0.333333,60.8826,0.573542,99.7191,,,0,0
190ir,77,190,26.1,0.1,4032,(1)-,684.7,0.7,658.6,(0:3)-,,,0,M1,0,0,1,0,0,0,0.0105298,Weisskopf M1,0.333333,62.1953,0.585908,99.7191,,,0,0
190ir,77,190,26.1,0.1,4032,(1)-,722.1,0.7,696,(0:3)-,,,0,M1,0,0,1,0,0,0,0.0124274,Weisskopf M1,0.333333,65.7271,0.61918,99.7191,,,0,0
190ir,77,190,26.1,0.1,4032,(1)-,741.6,1.3,715.5,(0:4)(-),,,0,M1,0,0,1,0,0,0,0.0135015,Weisskopf M1,0.333333,67.5686,0.636528,99.7191,,,0,0
190ir,77,190,26.1,0.1,4032,(1)-,743.5,0.7,717.4,(0:3)-,,,0,M1,0,0,1,0,0,0,0.0136094,Weisskopf M1,0.333333,67.7481,0.638218,99.7191,,,0,0
190ir,77,190,26.1,0.1,4032,(1)-,772.5,1.1,746.4,(3:7)-,,,0,E2,0,0,1,0,0,0,1.21586e-05,Weisskopf E2,2.33333,0.391401,0.664017,0.553723,,,0,0
190ir,77,190,26.1,0.1,4032,(1)-,787.5,0.9,761.4,(0:3)-,,,0,M1,0,0,1,0,0,0,0.0162702,Weisskopf M1,0.333333,71.9032,0.677361,99.7191,,,0,0
190ir,77,190,26.1,0.1,4032,(1)-,794.9,0.9,768.8,(0:3)-,,,0,M1,0,0,1,0,0,0,0.0167492,Weisskopf M1,0.333333,72.6021,0.683945,99.7191,,,0,0
190ir,77,190,26.1,0.1,4032,(1)-,847.3,1,821.2,(0:4)-,,,0,M1,0,0,1,0,0,0,0.0204127,Weisskopf M1,0.333333,77.5505,0.730561,99.7191,,,0,0
190ir,77,190,26.1,0.1,4032,(1)-,902.1,1,876,(1:5)-,,,0,M1,0,0,1,0,0,0,0.024778,Weisskopf M1,1,248.177,0.779313,299.157,,,0,0
190ir,77,190,26.1,0.1,4032,(1)-,1014.8,1.4,988.7,(0:3)-,,,0,M1,0,0,1,0,0,0,0.0356244,Weisskopf M1,0.333333,93.3684,0.879573,99.7191,,,0,0
190ir,77,190,26.1,0.1,4032,(1)-,1034.4,1.6,1008.3,(1:5)-,,,0,M1,0,0,1,0,0,0,0.0377853,Weisskopf M1,1,285.658,0.89701,299.157,,,0,0
190ir,77,190,376.4,0.1,11113.2,11-,680.47,0.04,304.07,(9+),,,0,M2,1,0,0,2.33959,680.47,2.23787,1.97911e-09,Weisskopf M2,0.826087,0.00013591,0.270509,0.000471978,9.05606e+26,18112.1,0,0
190ir,77,190,376.4,0.1,11113.2,11-,722.2,0.04,345.8,(9+),,,0,M2,1,0,0,3.18269,722.2,2.08849,3.76468e-09,Weisskopf M2,0.826087,0.000199897,0.307633,0.000610414,5.14731e+26,10294.6,0,0
190ir,77,190,376.4,0.1,11113.2,11-,738.06,0.05,361.66,(9-),,,0,E2,1,0,0,2.3284,738.06,2.04076,3.24735e-07,Weisskopf E2,0.826087,0.0157637,0.321742,0.0460256,9.33132e+24,186.626,0,0
190ir,77,190,376.4,0.1,11113.2,11-,851.01,0.21,474.61,(9+),,,0,M2,1,0,0,4.82608,851.01,1.79307,1.83353e-08,Weisskopf M2,0.826087,0.000516824,0.422225,0.00114987,1.80201e+26,3604.02,0,0
190ir,77,190,376.4,0.1,11113.2,11-,942.12,0.06,565.72,(9+),,,0,M2,1,0,0,4.0221,942.12,1.66535,4.41175e-08,Weisskopf M2,0.826087,0.000875258,0.503279,0.00163372,1.52184e+26,3043.68,0,0
190ir,77,190,376.4,0.1,11113.2,11-,948.85,0.05,572.45,(10+),,,0,E1,1,0,0,3.33617,948.85,1.65752,0.408082,Weisskopf E1,0.913043,8739.1,0.509266,16120.3,1.85943e+19,0.000371886,0,0
190ir,77,190,376.4,0.1,11113.2,11-,1035.49,0.08,659.09,(10-),,,0,M1,1,0,0,2.48562,1035.49,1.57109,0.0105533,Weisskopf M1,0.913043,170.488,0.586344,273.144,1.4729e+21,0.0294581,0,0
190ir,77,190,376.4,0.1,11113.2,11-,1101.35,0.21,724.95,(11+),,,0,E1,1,0,0,4.18269,1101.35,1.51921,0.828818,Weisskopf E1,1,12121.2,0.644934,17655.5,1.35414e+19,0.000270828,0,0
190ir,77,190,376.4,0.1,11113.2,11-,1180.98,0.11,804.58,(11+),,,0,E1,1,0,0,3.33959,1180.98,1.46782,1.13303,Weisskopf E1,1,13452.6,0.715775,17655.5,1.696e+19,0.000339201,0,0
191ir,77,191,171.268,0.011,4.899,11/2-,343.32,0.04,172.052,7/2+,2.04e-11,,0,M2,1,0,0,0.903071,343.32,1.99544,1.15192e-10,Weisskopf M2,0.666667,1.99395e-05,0.152661,0.000122698,9.02488e+27,180498,0,0
191ir,77,191,171.268,0.011,4.899,11/2-,390.941,0.01,219.673,7/2-,2.4e-10,,1,E2,0,1,0,0.798594,219.673,1,1.90099e-06,measured,0.666667,0.201854,0.194915,0.972847,1.28715e+24,25.743,0,0
191ir,77,191,171.268,0.011,4.899,11/2-,502.8,0.04,331.532,(9/2)+,9.8e-12,,0,E1,1,0,0,1.2713,502.8,1.5166,0.0795483,Weisskopf E1,0.833333,4635.56,0.294166,14803.3,5.31364e+19,0.00106273,0,0
191ir,77,191,171.268,0.011,4.899,11/2-,504.28,0.1,333.012,(7/2+),,,0,M2,1,0,0,1.6428,504.28,1.5143,3.12912e-09,Weisskopf M2,0.666667,0.000144582,0.29548,0.00045966,1.32427e+27,26485.5,0,0
191ir,77,191,171.268,0.011,4.899,11/2-,556.82,0.08,385.552,(13/2-),,,1,M1,0,1,0,1,385.552,1,0.00211253,Weisskopf M1,1.16667,127.434,0.342098,349.934,2.85768e+21,0.0571536,0,0
191ir,77,191,171.268,0.011,4.899,11/2-,591.32,0.14,420.052,(15/2-),,,1,E2,0,1,0,1,420.052,1,6.91165e-07,Weisskopf E2,1.33333,0.0401437,0.37271,0.101181,9.88332e+24,197.666,0,0
191ir,77,191,171.268,0.011,4.899,11/2-,654.11,0.06,482.842,(9/2-),,,1,M1,0,1,0,1.35245,482.842,1,0.00414924,Weisskopf M1,0.833333,113.994,0.428423,249.953,2.95815e+21,0.0591629,0,0
191ir,77,191,171.268,0.011,4.899,11/2-,686.41,0.09,515.142,7/2+,2.7e-12,,0,M2,1,0,0,1.12874,686.41,1.33247,2.77177e-08,Weisskopf M2,0.666667,0.000535199,0.457083,0.00109995,8.05442e+26,16108.8,0,0
191ir,77,191,171.268,0.011,4.899,11/2-,812.1,0.11,640.832,(9/2+),,,0,E1,1,0,0,2.07332,812.1,1.26726,0.574496,Weisskopf E1,0.833333,8960.26,0.568607,14803.3,3.25818e+19,0.000651636,0,0
191ir,77,191,171.268,0.011,4.899,11/2-,816.92,0.14,645.652,,,,1,,0,1,0,1,645.652,1,,unknown,1,,0.572883,,,,0,0
191ir,77,191,171.268,0.011,4.899,11/2-,832.35,0.15,661.082,(11/2+),3.14e-12,,0,E1,1,0,0,1.97942,832.35,1.25907,0.630697,Weisskopf E1,1,11092.1,0.586574,17764,2.84395e+19,0.000568791,0,0
191ir,77,191,171.268,0.011,4.899,11/2-,918.85,0.14,747.582,(11/2-),,,1,M1,0,1,0,2.25731,747.582,1,0.0154003,Weisskopf M1,1,211.795,0.663325,299.944,1.47696e+21,0.0295392,0,0
191ir,77,191,171.268,0.011,4.899,11/2-,928.11,0.25,756.842,(7/2+),,,0,M2,1,0,0,1.86128,928.11,1.22629,1.89736e-07,Weisskopf M2,0.666667,0.00169727,0.671542,0.00237426,2.26287e+26,4525.75,0,0
191ir,77,191,171.268,0.011,4.899,11/2-,945.4,0.3,774.132,(9/2+),,,0,E1,1,0,0,1.94095,945.4,1.22124,1.01274,Weisskopf E1,0.833333,10824.1,0.686883,14803.3,3.48037e+19,0.000696075,0,0
191ir,77,191,171.268,0.011,4.899,11/2-,963.3,0.4,792.032,(15/2-),,,0,E2,0,1,0,2,792.032,1,1.64733e-05,Weisskopf E2,1.33333,0.269114,0.702765,0.35973,1.38993e+24,27.7986,0,0
191ir,77,191,171.268,0.011,4.899,11/2-,977.17,0.06,805.902,(7/2-),,,0,E2,0.090396,0.909604,0,2.54053,821.384,1.01921,1.79671e-05,Weisskopf E2,0.666667,0.141751,0.715072,0.18622,2.11374e+24,42.2747,0,0
191ir,77,191,171.268,0.011,4.899,11/2-,991.3,0.3,820.032,(11/2+),,,0,E1,1,0,0,2.66247,991.3,1.20886,1.20378,Weisskopf E1,1,13759.1,0.72761,17764,2.11434e+19,0.000422867,0,0
191ir,77,191,171.268,0.011,4.899,11/2-,1004.23,0.25,832.962,(13/2+),,,0,E1,1,0,0,2.62536,1004.23,1.20561,1.26162,Weisskopf E1,1.16667,16305.3,0.739082,20724.7,1.83791e+19,0.000367582,0,0
191ir,77,191,171.268,0.011,4.899,11/2-,1207.11,0.17,1035.84,(11/2+),,,0,E1,1,0,0,2.59754,1207.11,1.16534,2.42625,Weisskopf E1,1,17380.1,0.919097,17764,2.16719e+19,0.000433438,0,0
191ir,77,191,171.268,0.011,4.899,11/2-,1207.15,0.19,1035.88,(9/2-),,,0,M1,0.090396,0.909604,0,3.54053,1051.36,1.01495,0.0409718,Weisskopf M1,0.833333,244.56,0.919132,249.953,1.12999e+21,0.0225998,0,0
191ir,77,191,171.268,0.011,4.899,11/2-,1253.5,0.4,1082.23,(13/2-),,,0,M1,0,1,0,2.60162,1082.23,1,0.0467213,Weisskopf M1,1.16667,357.704,0.960258,349.934,1.09842e+21,0.0219685,0,0
191ir,77,191,171.268,0.011,4.899,11/2-,1398.1,0.4,1226.83,(13/2+),,,0,E1,1,0,0,3.61383,1398.1,1.1396,4.03097,Weisskopf E1,1.16667,24015.4,1.08856,20724.7,1.3352e+19,0.000267039,0,0
191ir,77,191,171.268,0.011,4.899,11/2-,1418.8,0.3,1247.53,(15/2+),,,0,M2,1,0,0,3.1409,1418.8,1.13729,2.30877e-06,Weisskopf M2,1.33333,0.0152027,1.10693,0.0129018,2.46771e+25,493.543,0,0
192ir,77,192,56.72,0.005,87,1-,84.275,0.003,27.555,3-,1.9e-09,,0,E2,1,0,0,0.619579,84.275,3.05843,8.45459e-13,Weisskopf E2,2.33333,1.99697e-05,0.0243856,0.000769286,2.09805e+27,41961,1,1
192ir,77,192,56.72,0.005,87,1-,104.776,0.005,48.056,(1)-,1.74e-08,,1,M1,0,1,0,0.075188,48.056,1,2.62206e-08,measured,1,0.0872669,0.0425286,1.92761,6.89974e+24,137.995,0,1
192ir,77,192,56.72,0.005,87,1-,115.564,0.005,58.844,(2)-,,,1,M1,0,1,0,0.122399,58.844,1,7.51035e-06,Weisskopf M1,1.66667,27.7848,0.0520758,501.213,1.63005e+22,0.326009,0,1
192ir,77,192,56.72,0.005,87,1-,118.782,0.0018,62.0624,3-,1.5e-08,GT,0,E2,1,0,0,0.732244,118.782,1.91392,4.90042e-11,Weisskopf E2,2.33333,0.000228169,0.054924,0.00390251,3.49945e+26,6998.9,0,1
192ir,77,192,56.72,0.005,87,1-,128.744,0.006,72.024,(0)-,,,1,M1,0,1,0,0.116659,72.024,1,1.37716e-05,Weisskopf M1,0.333333,6.80163,0.0637398,100.243,8.55125e+22,1.71025,0,1
192ir,77,192,56.72,0.005,87,1-,143.556,0.006,86.836,(1)-,,,1,M1,-2.22045e-16,1,0,0.103844,86.836,1,2.41353e-05,Weisskopf M1,1,24.6012,0.0768482,300.728,3.20216e+22,0.640433,0,1
192ir,77,192,56.72,0.005,87,1-,192.935,0.006,136.215,(2)-,,,1,M1,0.0358061,0.964194,0,0.30951,138.246,1.01491,9.31598e-05,Weisskopf M1,1.66667,64.3177,0.120548,501.213,6.44618e+21,0.128924,0,0
192ir,77,192,56.72,0.005,87,1-,193.511,0.005,136.791,(1)+,2.7e-09,,1,E1,0,1,0,0.733345,136.791,1,2.70674e-08,measured,1,0.0111182,0.121057,0.0862768,1.58051e+25,316.102,0,0
192ir,77,192,56.72,0.005,87,1-,212.808,0.005,156.088,(1 2)-,,,1,,0,1,0,0.268112,156.088,1,,unknown,1,,0.138135,,,,0,0
192ir,77,192,56.72,0.005,87,1-,225.918,0.006,169.198,(2)-,,,1,M1,0.144049,0.855951,0,0.487973,177.368,1.04829,0.000178542,Weisskopf M1,1.66667,79.8915,0.149737,501.213,4.08867e+21,0.0817733,0,0
192ir,77,192,56.72,0.005,87,1-,226.261,0.007,169.541,(LE2-),,,1,,0,1,0,1,169.541,1,,unknown,1,,0.15004,,,,0,0
192ir,77,192,56.72,0.005,87,1-,235.76,0.006,179.04,(1-),,,1,M1,0,1,0,0.484864,179.04,1,0.000211546,Weisskopf M1,1,50.7232,0.158447,300.728,6.85814e+21,0.137163,0,0
192ir,77,192,56.72,0.005,87,1-,239.77,0.006,183.05,(1)-,,,0,M1,1.11022e-16,1,0,0.300605,183.05,1,0.00022608,Weisskopf M1,1,51.8593,0.161996,300.728,1.10619e+22,0.221238,0,0
192ir,77,192,56.72,0.005,87,1-,240.902,0.005,184.182,(2)-,,,0,M1,0,1,0,0.367656,184.182,1,0.000230301,Weisskopf M1,1.66667,86.9666,0.162997,501.213,5.4267e+21,0.108534,0,0
192ir,77,192,56.72,0.005,87,1-,265.16,0.008,208.44,(0-),,,1,M1,0,1,0,0.566572,208.44,1,0.000333808,Weisskopf M1,0.333333,19.6841,0.184465,100.243,1.76073e+22,0.352146,0,0
192ir,77,192,56.72,0.005,87,1-,267.128,0.006,210.408,(3)-,,,0,E2,0,1,0,0.420124,210.408,1,2.19483e-08,Weisskopf E2,2.33333,0.00889113,0.186207,0.0448551,5.30653e+25,1061.31,0,0
192ir,77,192,56.72,0.005,87,1-,284.215,0.005,227.495,(2)+,,,0,E1,0,1,0,0.843235,227.495,1,0.0257918,Weisskopf E1,1.66667,6383.96,0.201329,29787.6,3.98122e+19,0.000796244,0,0
192ir,77,192,56.72,0.005,87,1-,288.403,0.006,231.683,(2)-,,,1,M1,0.00962054,0.990379,0,0.591378,232.229,1.00236,0.000458391,Weisskopf M1,1.66667,109.396,0.205035,501.213,3.37374e+21,0.0674749,0,0
192ir,77,192,56.72,0.005,87,1-,292.381,0.013,235.661,(2)-,,,0,M1,0.0905777,0.909422,0,0.912357,240.799,1.0218,0.000482411,Weisskopf M1,1.66667,111.274,0.208555,501.213,2.18682e+21,0.0437364,0,0
192ir,77,192,56.72,0.005,87,1-,310.999,0.006,254.279,2-,,,1,M1,0.0463782,0.953622,0,0.697337,256.91,1.01035,0.000606018,Weisskopf M1,1.66667,120.065,0.225032,501.213,2.86111e+21,0.0572222,0,0
192ir,77,192,56.72,0.005,87,1-,319.883,0.008,263.163,(2)-,,,0,M1,0.455993,0.544007,0,0.976644,289.027,1.09828,0.000671782,Weisskopf M1,1.66667,124.26,0.232894,501.213,2.04287e+21,0.0408574,0,0
192ir,77,192,56.72,0.005,87,1-,331.077,0.006,274.357,(2)-,,,0,M1,0.0490689,0.950931,0,0.685958,277.14,1.01014,0.000761206,Weisskopf M1,1.66667,129.545,0.242801,501.213,2.90857e+21,0.0581715,0,0
192ir,77,192,56.72,0.005,87,1-,331.761,0.006,275.041,(1)-,,,1,M1,0,1,0,0.767486,275.041,1,0.000766913,Weisskopf M1,1,77.9209,0.243406,300.728,4.33268e+21,0.0866535,0,0
192ir,77,192,56.72,0.005,87,1-,351.69,0.004,294.97,(2)+,,,0,E1,0.988714,0.0112864,0,0.998912,351.05,1.19012,0.0562212,Weisskopf E1,1.66667,8277.44,0.261043,29787.6,3.36076e+19,0.000672152,0,0
192ir,77,192,56.72,0.005,87,1-,366.73,0.008,310.01,(2)-,,,1,M1,0.00675892,0.993241,0,0.851593,310.393,1.00124,0.0010982,Weisskopf M1,1.66667,146.38,0.274353,501.213,2.34286e+21,0.0468571,0,0
192ir,77,192,56.72,0.005,87,1-,368.353,0.007,311.633,(2)-,,,1,M1,0.492205,0.507795,0,1.11374,339.551,1.08959,0.00111554,Weisskopf M1,1.66667,147.146,0.275789,501.213,1.7914e+21,0.035828,0,0
192ir,77,192,56.72,0.005,87,1-,389.72,0.009,333,(2)-,,,0,M1,0.0741416,0.925858,0,1.15242,337.205,1.01263,0.00136109,Weisskopf M1,1.66667,157.235,0.294699,501.213,1.73128e+21,0.0346257,0,0
192ir,77,192,56.72,0.005,87,1-,415.038,0.01,358.318,1- 2- 3-,,,1,,0.0351114,0.964889,0,0.854301,360.31,1.00556,,unknown,1,,0.317104,,,,0,0
192ir,77,192,56.72,0.005,87,1-,440.87,0.006,384.15,(3+),,,0,M2,0,1,0,1.21306,384.15,1,6.41415e-09,Weisskopf M2,2.33333,0.000779501,0.339965,0.00215394,3.82724e+26,7654.48,0,0
192ir,77,192,56.72,0.005,87,1-,489.5,0.15,432.78,1- 2- 3-,,,1,,0.115614,0.884386,0,1.31447,439.338,1.01515,,unknown,1,,0.383002,,,,0,0
192ir,77,192,56.72,0.005,87,1-,529.167,0.01,472.447,(1-),,,0,M1,0,1,0,1.57307,472.447,1,0.00388699,Weisskopf M1,1,133.847,0.418106,300.728,2.11387e+21,0.0422774,0,0
193ir,77,193,80.238,0.006,909792,11/2-,299.396,0.007,219.158,7/2-,1.9e-10,,1,E2,0,1,0,0.797448,219.158,1,2.40125e-06,measured,0.666667,0.256174,0.193447,1.24401,1.00803e+24,20.1607,0,0
193ir,77,193,80.238,0.006,909792,11/2-,357.768,0.005,277.53,7/2+,1.87e-11,,0,M2,1,0,0,0.929487,357.768,1.28911,1.26674e-09,Weisskopf M2,0.666667,8.42714e-05,0.244972,0.000323158,3.32921e+27,66584.3,0,0
193ir,77,193,80.238,0.006,909792,11/2-,469.384,0.011,389.146,(13/2-),,,1,M1,0,1,0,0.877578,389.146,1,0.00217216,Weisskopf M1,1.16667,128.622,0.343493,351.762,3.23941e+21,0.0647882,0,0
193ir,77,193,80.238,0.006,909792,11/2-,478.988,0.014,398.75,(15/2-),,,1,E2,0,1,0,0.959325,398.75,1,5.40259e-07,Weisskopf E2,1.33333,0.0348211,0.351971,0.0929365,1.12163e+25,224.325,0,0
193ir,77,193,80.238,0.006,909792,11/2-,516.414,0.006,436.176,(7/2)+,,,0,M2,1,0,0,1.21119,516.414,1.18396,1.21464e-08,Weisskopf M2,0.666667,0.000327142,0.385006,0.000798213,1.03435e+27,20687.1,0,0
193ir,77,193,80.238,0.006,909792,11/2-,521.926,0.006,441.688,(9/2)+,1.32e-11,,0,E1,1,0,0,1.27539,521.926,1.18166,0.189416,Weisskopf E1,0.833333,6218.82,0.389871,14984.3,5.23264e+19,0.00104653,0,0
193ir,77,193,80.238,0.006,909792,11/2-,563.402,0.007,483.164,(9/2-),,,1,M1,0,1,0,1.32117,483.164,1,0.00415755,Weisskopf M1,0.833333,114.07,0.426482,251.258,3.01246e+21,0.0602493,0,0
193ir,77,193,80.238,0.006,909792,11/2-,620.991,0.007,540.753,7/2+,4.3e-12,,0,M2,1,0,0,1.20592,620.991,1.14838,3.55741e-08,Weisskopf M2,0.666667,0.000623372,0.477314,0.00122685,6.75909e+26,13518.2,0,0
193ir,77,193,80.238,0.006,909792,11/2-,828.92,0.09,748.682,(9/2-),,,1,M1,0,1,0,1,748.682,1,0.0154684,Weisskopf M1,0.833333,176.756,0.66085,251.258,3.97997e+21,0.0795994,0,0
193ir,77,193,80.238,0.006,909792,11/2-,832.893,0.01,752.655,(11/2-),,,1,M1,2.22045e-16,1,0,1.81828,752.655,1,0.015716,Weisskopf M1,1,213.232,0.664357,301.51,1.82406e+21,0.0364812,0,0
193ir,77,193,80.238,0.006,909792,11/2-,838.918,0.008,758.68,(9/2+),,,0,E1,1,0,0,1.89516,838.918,1.10576,0.959945,Weisskopf E1,0.833333,10682,0.669675,14984.3,3.5214e+19,0.000704281,0,0
193ir,77,193,80.238,0.006,909792,11/2-,857.027,0.007,776.789,(11/2)+,4.2e-12,,0,E1,1,0,0,1.95899,857.027,1.10329,1.03034,Weisskopf E1,1,13124.3,0.68566,17981.2,2.8389e+19,0.000567779,0,0
193ir,77,193,80.238,0.006,909792,11/2-,892.269,0.011,812.031,(9/2+),,,0,E1,1,0,0,1.95345,892.269,1.09881,1.17703,Weisskopf E1,0.833333,11433.1,0.716767,14984.3,3.41633e+19,0.000683266,0,0
193ir,77,193,80.238,0.006,909792,11/2-,918.363,0.007,838.125,(7/2-),,,0,E2,0.0768906,0.923109,0,2.2421,844.295,1.00736,2.21637e-05,Weisskopf E2,0.666667,0.161673,0.7398,0.205292,2.17257e+24,43.4513,0,0
193ir,77,193,80.238,0.006,909792,11/2-,975.33,0.013,895.092,(11/2-),,,0,M1,0,1,0,1.8934,895.092,1,0.0264336,Weisskopf M1,1,253.586,0.790084,301.51,1.75168e+21,0.0350336,0,0
193ir,77,193,80.238,0.006,909792,11/2-,1009.35,0.01,929.116,(11/2+),,,0,E1,0.857693,0.142307,0,2.14312,997.936,1.07407,1.76311,Weisskopf E1,1,15698,0.820117,17981.2,2.59498e+19,0.000518997,0,0
193ir,77,193,80.238,0.006,909792,11/2-,1019.59,0.01,939.351,(11/2+),,,0,E1,1,0,0,2.18832,1019.59,1.08542,1.82203,Weisskopf E1,1,15870.9,0.829151,17981.2,2.54138e+19,0.000508276,0,0
193ir,77,193,80.238,0.006,909792,11/2-,1035.46,0.008,955.227,(13/2+),,,0,E1,1,0,0,2.26946,1035.46,1.084,1.91598,Weisskopf E1,1.16667,18829,0.843164,20978.1,2.10045e+19,0.00042009,0,0
193ir,77,193,80.238,0.006,909792,11/2-,1145.61,0.01,1065.38,(9/2)-,,,0,M1,0.0657185,0.934282,0,3.10829,1070.65,1.00495,0.044572,Weisskopf M1,0.833333,251.523,0.940391,251.258,1.28044e+21,0.0256088,0,0
193ir,77,193,80.238,0.006,909792,11/2-,1163,3,1082.76,(13/2)+,,,0,E1,0,0,1,0,0,0,2.79042,Weisskopf E1,1.16667,21342.9,0.955738,20978.1,,,0,0
193ir,77,193,80.238,0.006,909792,11/2-,1168.06,0.13,1087.82,(13/2-),,,0,M1,1.11022e-16,1,0,2.44087,1087.82,1,0.047449,Weisskopf M1,1.16667,359.552,0.960204,351.762,1.16468e+21,0.0232936,0,0
193ir,77,193,80.238,0.006,909792,11/2-,1169.17,0.008,1088.93,(11/2+),,,0,E1,1,0,0,2.31239,1169.17,1.07369,2.8384,Weisskopf E1,1,18398.2,0.961184,17981.2,2.40503e+19,0.000481006,0,0
193ir,77,193,80.238,0.006,909792,11/2-,1438.43,0.011,1358.19,(13/2+),,,0,E1,1,0,0,2.89516,1438.43,1.05908,5.50748,Weisskopf E1,1.16667,26772,1.19885,20978.1,1.6465e+19,0.0003293,0,0
193ir,77,193,80.238,0.006,909792,11/2-,1459.97,0.011,1379.73,(15/2)+,,,0,M2,1,0,0,2.99267,1459.97,1.05815,3.84689e-06,Weisskopf M2,1.33333,0.0207092,1.21787,0.015974,2.09184e+25,418.367,0,0
193ir,77,193,80.238,0.006,909792,11/2-,1820,3,1739.76,(7/2)-,,,0,E2,0,0,1,0,0,0,0.000854176,Weisskopf E2,0.666667,1.44604,1.53566,0.884575,,,0,0
195ir,77,195,100,5,13464,11/2-,394,5,294,(7/2+),,,0,M2,0,0,1,0,0,0,1.70161e-09,Weisskopf M2,0.666667,0.000100874,0.258175,0.00036704,,,0,0
195ir,77,195,100,5,13464,11/2-,720,5,620,11/2-,,,0,M1,0,0,1,0,0,0,0.00878474,Weisskopf M1,1,175.65,0.544451,303.068,,,0,0
195ir,77,195,100,5,13464,11/2-,994,5,894,11/2-,,,0,M1,0,0,1,0,0,0,0.026337,Weisskopf M1,1,253.276,0.785063,303.068,,,0,0
195ir,77,195,100,5,13464,11/2-,1050,5,950,11/2-,,,0,M1,0,0,1,0,0,0,0.0316027,Weisskopf M1,1,269.141,0.834239,303.068,,,0,0
195ir,77,195,100,5,13464,11/2-,1562,2,1462,(11/2-),,,0,M1,0,0,1,0,0,0,0.115185,Weisskopf M1,1,414.194,1.28385,303.068,,,0,0
195ir,77,195,100,5,13464,11/2-,1601,5,1501,11/2-,,,0,M1,0,0,1,0,0,0,0.124651,Weisskopf M1,1,425.243,1.3181,303.068,,,0,0
196ir,77,196,207.04,0.16,5040,(1-),407.88,0.18,200.84,(0 1)+,,,1,,0.913242,0.086758,0,1,389.918,1.94143,,unknown,1,,0.175916,,,,0,0
196ir,77,196,207.04,0.16,5040,(1-),522.37,0.2,315.33,(0 1)+,,,1,,0.236641,0.763359,0,1,364.324,1.15537,,unknown,1,,0.276199,,,,0,0
197ir,77,197,115,5,534,11/2-,715,5,600,11/2-,,,0,M1,0,0,1,0,0,0,0.00796173,Weisskopf M1,1,169.984,0.524207,304.618,,,0,0
197ir,77,197,115,5,534,11/2-,1116,5,1001,11/2-,,,0,M1,0,0,1,0,0,0,0.0369706,Weisskopf M1,1,283.59,0.874551,304.618,,,0,0
183pt,78,183,34.74,0.07,43,7/2-,84.73,0.07,49.99,3/2-,,,0,E2,1,0,0,0.0914913,84.73,1.69494,1.5585e-11,Weisskopf E2,0.5,2.39669e-05,0.045315,0.000496845,2.19988e+28,439976,0,1
183pt,78,183,34.74,0.07,43,7/2-,96.15,0.07,61.41,5/2-,,,0,M1,1,0,0,0.144384,96.15,1.56571,8.53633e-06,Weisskopf M1,0.75,13.0484,0.055667,220.196,3.14536e+22,0.629072,0,1
183pt,78,183,34.74,0.07,43,7/2-,149.91,0.1,115.17,(9/2)-,,,1,M1,0,1,0,0.217391,115.17,1,5.63082e-05,Weisskopf M1,1.25,40.7855,0.104399,366.994,1.25343e+22,0.250686,0,0
183pt,78,183,34.74,0.07,43,7/2-,195.9,0.1,161.16,(9/2)+,1.5e-07,GT,1,E1,0,1,0,0.891429,161.16,1,0.00888052,Weisskopf E1,1.25,3285.01,0.146089,21123.8,5.31058e+19,0.00106212,0,0
183pt,78,183,34.74,0.07,43,7/2-,243.58,0.14,208.84,(11/2)+,,,0,M2,0,1,0,0.941429,208.84,1,2.94987e-10,Weisskopf M2,1.5,7.79776e-05,0.18931,0.000386944,2.74514e+27,54902.8,0,0
183pt,78,183,34.74,0.07,43,7/2-,289.74,0.11,255,(11/2)-,,,1,E2,0,1,0,0.719382,255,1,5.38259e-08,Weisskopf E2,1.5,0.00954344,0.231153,0.0387843,3.58413e+25,716.826,0,0
183pt,78,183,34.74,0.07,43,7/2-,298.87,0.08,264.13,7/2-,,,0,M1,1,0,0,0.855214,298.87,1.13153,0.000679215,Weisskopf M1,1,74.8298,0.239429,293.595,3.98269e+21,0.0796538,0,0
183pt,78,183,34.74,0.07,43,7/2-,314.23,0.1,279.49,9/2-,,,0,M1,1,0,0,0.933028,314.23,1.1243,0.000804734,Weisskopf M1,1.25,98.9767,0.253352,366.994,2.92043e+21,0.0584086,0,0
183pt,78,183,34.74,0.07,43,7/2-,347.72,0.08,312.98,(5/2)-,,,1,M1,0.31954,0.68046,0,0.835601,324.081,1.03547,0.00113007,Weisskopf M1,0.75,66.502,0.28371,220.196,5.4349e+21,0.108698,0,0
183pt,78,183,34.74,0.07,43,7/2-,373.23,0.09,338.49,(7/2)-,,,1,M1,0.230191,0.769809,0,0.883007,346.487,1.02363,0.00142952,Weisskopf M1,1,95.8965,0.306835,293.595,3.85733e+21,0.0771467,0,0
183pt,78,183,34.74,0.07,43,7/2-,375.44,0.12,340.7,(7/2)+,,,0,E1,0,1,0,1.33312,340.7,1,0.083904,Weisskopf E1,1,5555.74,0.308838,16899,4.43882e+19,0.000887765,0,0
183pt,78,183,34.74,0.07,43,7/2-,471.66,0.1,436.92,(7/2)-,,,1,M1,0.255926,0.744074,0,1.06688,445.811,1.02035,0.00307439,Weisskopf M1,1,123.782,0.39606,293.595,3.19255e+21,0.063851,0,0
183pt,78,183,34.74,0.07,43,7/2-,531.6,0.12,496.86,(9/2)+,,,0,E1,0,1,0,1.77252,496.86,1,0.260237,Weisskopf E1,1.25,10127.8,0.450394,21123.8,2.67078e+19,0.000534157,0,0
183pt,78,183,34.74,0.07,43,7/2-,535.91,0.11,501.17,(9/2-),,,0,M1,0.2551,0.7449,0,1.83946,510.032,1.01768,0.0046399,Weisskopf M1,1.25,177.481,0.454301,366.994,1.48133e+21,0.0296266,0,0
183pt,78,183,34.74,0.07,43,7/2-,556.61,0.13,521.87,3/2-,,,0,E2,1,0,0,0.973342,556.61,1.06657,1.93242e-06,Weisskopf E2,0.5,0.0272678,0.473065,0.0541476,1.89738e+25,379.477,0,0
183pt,78,183,34.74,0.07,43,7/2-,617.67,0.16,582.93,(5/2)-,,,1,M1,0.298036,0.701964,0,1.12599,593.284,1.01776,0.00730135,Weisskopf M1,0.75,123.861,0.528415,220.196,4.03324e+21,0.0806649,0,0
183pt,78,183,34.74,0.07,43,7/2-,636.37,0.17,601.63,(7/2+ 9/2 11/2-),,,1,,0.126072,0.873928,0,1.71106,606.01,1.00728,,unknown,1,,0.545366,,,,0,0
183pt,78,183,34.74,0.07,43,7/2-,650.23,0.11,615.49,(3/2)-,,,0,E2,1,0,0,1.07554,650.23,1.05644,4.40956e-06,Weisskopf E2,0.5,0.0447328,0.55793,0.0753177,1.23446e+25,246.892,0,0
183pt,78,183,34.74,0.07,43,7/2-,702.44,0.14,667.7,(7/2)-,,,0,M1,0.867054,0.132946,0,1.25505,697.821,1.04511,0.0109723,Weisskopf M1,1,189.164,0.605257,293.595,2.71388e+21,0.0542775,0,0
183pt,78,183,34.74,0.07,43,7/2-,762.22,0.12,727.48,(5/2)-,,,1,M1,0.485707,0.514293,0,1.23634,744.353,1.02319,0.0141911,Weisskopf M1,0.75,154.575,0.659447,220.196,3.67326e+21,0.0734653,0,0
183pt,78,183,34.74,0.07,43,7/2-,879.74,0.16,845,(7/2- 9/2-),,,1,,0.465659,0.534341,0,1.45927,861.177,1.01914,,unknown,1,,0.765977,,,,0,0
183pt,78,183,34.74,0.07,43,7/2-,919.02,0.22,884.28,(3/2 5/2 7/2)-,,,1,,0.125061,0.874939,0,1.31112,888.625,1.00491,,unknown,1,,0.801583,,,,0,0
183pt,78,183,34.74,0.07,43,7/2-,931.88,0.17,897.14,(7/2 9/2)-,,,1,,0.349202,0.650798,0,2.09294,909.271,1.01352,,unknown,1,,0.813241,,,,0,0
183pt,78,183,34.74,0.07,43,7/2-,978.62,0.22,943.88,(7/2)-,,,1,M1,0.0365611,0.963439,0,1.18766,945.15,1.00135,0.0309959,Weisskopf M1,1,267.407,0.855609,293.595,2.86788e+21,0.0573576,0,0
183pt,78,183,34.74,0.07,43,7/2-,1024.53,0.22,989.79,(5/2 7/2 9/2)-,,,1,,0.168286,0.831714,0,1.62218,995.636,1.00591,,unknown,1,,0.897226,,,,0,0
183pt,78,183,34.74,0.07,43,7/2-,1035.11,0.16,1000.37,(7/2 9/2)-,,,1,,0.462268,0.537732,0,1.47597,1016.43,1.01605,,unknown,1,,0.906817,,,,0,0
183pt,78,183,34.74,0.07,43,7/2-,1071.54,0.19,1036.8,(5/2 7/2)-,,,1,,0,1,0,1.66174,1036.8,1,,unknown,1,,0.93984,,,,0,0
183pt,78,183,34.74,0.07,43,7/2-,1126.47,0.17,1091.73,,,,1,,0.0696378,0.930362,0,1.75867,1094.15,1.00222,,unknown,1,,0.989633,,,,0,0
183pt,78,183,34.74,0.07,43,7/2-,1847.8,0.4,1813.06,,,,1,,0,1,0,1.15985,1813.06,1,,unknown,1,,1.6435,,,,0,0
183pt,78,183,34.74,0.07,43,7/2-,1913.03,0.23,1878.29,(5/2- 7/2-),,,1,,0.256831,0.743169,0,1.06626,1887.21,1.00475,,unknown,1,,1.70263,,,,0,0
183pt,78,183,34.74,0.07,43,7/2-,1938.66,0.17,1903.92,(7/2)-,,,1,M1,0.326995,0.673005,0,1.8281,1915.28,1.00597,0.25439,Weisskopf M1,1,539.393,1.72587,293.595,1.86317e+21,0.0372633,0,0
183pt,78,183,34.74,0.07,43,7/2-,1948.65,0.23,1913.91,(5/2- 7/2),,,1,,0.897514,0.102486,0,1.35915,1945.09,1.01629,,unknown,1,,1.73492,,,,0,0
183pt,78,183,34.74,0.07,43,7/2-,1956.75,0.13,1922.01,(7/2)-,,,1,M1,0.2976,0.7024,0,1.97886,1932.35,1.00538,0.26171,Weisskopf M1,1,544.518,1.74227,293.595,1.72122e+21,0.0344243,0,0
183pt,78,183,34.74,0.07,43,7/2-,1968.7,0.3,1933.96,(3/2 5/2 7/2)-,,,1,,0.813342,0.186658,0,1.11565,1962.22,1.01461,,unknown,1,,1.7531,,,,0,0
183pt,78,183,34.74,0.07,43,7/2-,1970.72,0.16,1935.98,(7/2)-,,,0,M1,0.515796,0.484204,0,1.92176,1953.9,1.00926,0.267458,Weisskopf M1,1,548.476,1.75493,293.595,1.77236e+21,0.0354472,0,0
183pt,78,183,34.74,0.07,43,7/2-,1980.1,0.4,1945.36,,,,1,,0.724638,0.275362,0,1.61972,1970.53,1.01294,,unknown,1,,1.76343,,,,0,0
185pt,78,185,103.41,0.05,1980,1/2-,181.09,0.05,77.68,3/2-,1.68e-12,,1,M1,0,1,0,0.0826446,77.68,1,0.00027157,measured,2,691.825,0.0700338,9279.82,1.30391e+21,0.0260781,0,1
185pt,78,185,103.41,0.05,1980,1/2-,200.89,0.04,97.48,5/2-,7.28e-07,,1,E2,0,1,0,0.107892,97.48,1,1.81158e-10,measured,3,0.000439592,0.0878848,0.0046988,1.97254e+27,39450.8,0,1
185pt,78,185,103.41,0.05,1980,1/2-,387.91,0.05,284.5,(1/2)-,,,1,M1,0,1,0,0.631094,284.5,1,0.000848791,Weisskopf M1,1,80.6007,0.256496,295.195,5.36781e+21,0.107356,0,0
185pt,78,185,103.41,0.05,1980,1/2-,435.39,0.05,331.98,3/2-,,,1,M1,0,1,0,0.804329,331.98,1,0.00134862,Weisskopf M1,2,188.104,0.299303,590.39,2.10585e+21,0.042117,0,0
185pt,78,185,103.41,0.05,1980,1/2-,488.41,0.05,385,5/2-,,,1,E2,0,1,0,0.913018,385,1,4.28438e-07,Weisskopf E2,3,0.0666486,0.347104,0.180377,6.07209e+24,121.442,0,0
185pt,78,185,103.41,0.05,1980,1/2-,510.08,0.05,406.67,5/2-,,,1,E2,0.0221939,0.977806,0,0.924783,408.965,1.00564,5.63372e-07,Weisskopf E2,3,0.078548,0.366641,0.201254,5.37298e+24,107.46,0,0
185pt,78,185,103.41,0.05,1980,1/2-,521.29,0.05,417.88,3/2-,,,1,M1,0.00695705,0.993043,0,0.972054,418.599,1.00172,0.00268973,Weisskopf M1,2,236.776,0.376747,590.39,1.74249e+21,0.0348498,0,0
185pt,78,185,103.41,0.05,1980,1/2-,593.32,0.05,489.91,5/2-,,,1,E2,0.0524389,0.947561,0,1.0996,495.333,1.01107,1.42944e-06,Weisskopf E2,3,0.137327,0.441687,0.292074,3.11367e+24,62.2733,0,0
185pt,78,185,103.41,0.05,1980,1/2-,645.38,0.06,541.97,1/2-,,,1,M1,0,1,0,1.01758,541.97,1,0.00586786,Weisskopf M1,1,153.544,0.488623,295.195,3.32905e+21,0.066581,0,0
185pt,78,185,103.41,0.05,1980,1/2-,659.26,0.05,555.85,3/2-,,,1,M1,0.0742971,0.925703,0,1.06472,563.533,1.01382,0.00633033,Weisskopf M1,2,314.952,0.501137,590.39,1.59083e+21,0.0318166,0,0
185pt,78,185,103.41,0.05,1980,1/2-,693.05,0.05,589.64,(5/2)+,,,0,M2,1,0,0,0.988338,693.05,1.17538,5.33109e-08,Weisskopf M2,3,0.00353563,0.531601,0.00624787,1.61943e+26,3238.86,0,0
185pt,78,185,103.41,0.05,1980,1/2-,699.54,0.06,596.13,5/2-,,,1,E2,0.0115593,0.988441,0,1.07997,597.325,1.00201,3.8132e-06,Weisskopf E2,3,0.247418,0.537452,0.432457,2.14115e+24,42.823,0,0
185pt,78,185,103.41,0.05,1980,1/2-,723.54,0.05,620.13,3/2-,,,1,M1,0.00030644,0.999694,0,1.1542,620.162,1.00005,0.00879027,Weisskopf M1,2,351.374,0.559089,590.39,1.46751e+21,0.0293502,0,0
185pt,78,185,103.41,0.05,1980,1/2-,728.01,0.05,624.6,(5/2)-,,,1,E2,0,1,0,1.05428,624.6,1,4.81498e-06,Weisskopf E2,3,0.284587,0.563119,0.47475,1.99794e+24,39.9587,0,0
185pt,78,185,103.41,0.05,1980,1/2-,757.71,0.06,654.3,5/2-,,,1,E2,0.000128585,0.999871,0,1.16812,654.313,1.00002,6.07392e-06,Weisskopf E2,3,0.327144,0.589896,0.520972,1.64323e+24,32.8647,0,0
185pt,78,185,103.41,0.05,1980,1/2-,785.41,0.05,682,5/2-,,,0,E2,0.111842,0.888158,0,1.37422,693.566,1.01696,7.47319e-06,Weisskopf E2,3,0.370477,0.614869,0.566017,1.28562e+24,25.7124,0,0
185pt,78,185,103.41,0.05,1980,1/2-,816.09,0.05,712.68,(5/2)-,,,1,E2,0.0766545,0.923346,0,1.31328,720.607,1.01112,9.3123e-06,Weisskopf E2,3,0.422758,0.642529,0.618087,1.23195e+24,24.639,0,0
185pt,78,185,103.41,0.05,1980,1/2-,914.22,0.07,810.81,5/2-,,,0,E2,0.83544,0.16456,0,1.91525,897.203,1.10655,1.77492e-05,Weisskopf E2,3,0.622538,0.731,0.800016,6.52642e+23,13.0528,0,0
185pt,78,185,103.41,0.05,1980,1/2-,954.56,0.07,851.15,(1/2)-,,,0,M1,0.000167717,0.999832,0,1.75543,851.167,1.00002,0.0227286,Weisskopf M1,1,241.136,0.76737,295.195,1.92978e+21,0.0385955,0,0
185pt,78,185,103.41,0.05,1980,1/2-,958.95,0.06,855.54,3/2-,,,1,M1,0.016835,0.983165,0,1.53757,857.281,1.00203,0.0230821,Weisskopf M1,2,484.76,0.771327,590.39,1.1016e+21,0.0220321,0,0
185pt,78,185,103.41,0.05,1980,1/2-,961.51,0.06,858.1,(5/2)+,,,0,M2,1,0,0,1.49345,961.51,1.12051,3.47994e-07,Weisskopf M2,3,0.0108973,0.773635,0.0132323,5.0603e+25,1012.06,0,0
185pt,78,185,103.41,0.05,1980,1/2-,972.87,0.11,869.46,3/2-,,,0,M1,0,1,0,1.80433,869.46,1,0.0242272,Weisskopf M1,2,492.648,0.783877,590.39,9.3874e+20,0.0187748,0,0
185pt,78,185,103.41,0.05,1980,1/2-,996.83,0.06,893.42,(5/2)-,,,0,E2,0,1,0,1.3527,893.42,1,2.88312e-05,Weisskopf E2,3,0.832867,0.805479,0.971341,7.61075e+23,15.2215,0,0
185pt,78,185,103.41,0.05,1980,1/2-,1032.51,0.06,929.1,5/2-,,,1,E2,0.0153424,0.984658,0,1.75618,930.687,1.00171,3.50668e-05,Weisskopf E2,3,0.93669,0.837647,1.05047,5.42058e+23,10.8412,0,0
185pt,78,185,103.41,0.05,1980,1/2-,1058.52,0.06,955.11,3/2-,,,0,M1,0.191553,0.808447,0,1.88161,974.919,1.02074,0.0321154,Weisskopf M1,2,541.178,0.861097,590.39,9.00186e+20,0.0180037,0,0
185pt,78,185,103.41,0.05,1980,1/2-,1083.39,0.07,979.98,(3/2 5/2)-,,,1,,0.171806,0.828194,0,1.43821,997.746,1.01813,,unknown,1,,0.883519,,,,0,0
185pt,78,185,103.41,0.05,1980,1/2-,1226.61,0.06,1123.2,(3/2)-,,,0,M1,0,1,0,1.30868,1123.2,1,0.0522306,Weisskopf M1,2,636.42,1.01264,590.39,1.29428e+21,0.0258856,0,0
185pt,78,185,103.41,0.05,1980,1/2-,1283.8,0.07,1180.39,(1/2- 3/2 5/2-),,,1,,0.00776012,0.99224,0,1.56171,1181.19,1.00068,,unknown,1,,1.0642,,,,0,0
185pt,78,185,103.41,0.05,1980,1/2-,1296.5,0.08,1193.09,(3/2)+,,,1,E1,0.111872,0.888128,0,1.10527,1204.66,1.0097,3.62939,Weisskopf E1,2,39194,1.07565,34229.4,2.64322e+19,0.000528643,0,0
185pt,78,185,103.41,0.05,1980,1/2-,2566.98,0.06,2463.57,(1/2- 3/2 5/2-),,,1,,0.0230311,0.976969,0,1.74489,2465.95,1.00097,,unknown,1,,2.22108,,,,0,0
185pt,78,185,103.41,0.05,1980,1/2-,2761.33,0.11,2657.92,(1/2 3/2 5/2-),,,1,,0,1,0,1,2657.92,1,,unknown,1,,2.3963,,,,0,0
185pt,78,185,103.41,0.05,1980,1/2-,2764.93,0.09,2661.52,(1/2- 3/2 5/2-),,,1,,0,1,0,1.07492,2661.52,1,,unknown,1,,2.39954,,,,0,0
185pt,78,185,103.41,0.05,1980,1/2-,2792.99,0.07,2689.58,(1/2- 3/2 5/2-),,,1,,0,1,0,1.16087,2689.58,1,,unknown,1,,2.42484,,,,0,0
185pt,78,185,103.41,0.05,1980,1/2-,2804.69,0.07,2701.28,(1/2- 3/2 5/2-),,,1,,0,1,0,1.0671,2701.28,1,,unknown,1,,2.43539,,,,0,0
193pt,78,193,149.78,0.04,374112,13/2+,199,0.2,49.22,(11/2+),,,1,M1,0,1,0,1,49.22,1,4.3952e-06,Weisskopf M1,0.857143,11.9523,0.0434457,258.437,3.86941e+21,0.0773883,0,1
193pt,78,193,149.78,0.04,374112,13/2+,491,0.2,341.22,(17/2+),,,1,E2,0,1,0,1,341.22,1,2.47897e-07,Weisskopf E2,1.28571,0.0210402,0.30119,0.0656235,1.52384e+25,304.769,0,0
193pt,78,193,149.78,0.04,374112,13/2+,519.6,0.1,369.82,(15/2+),,,1,M1,0,1,0,1.78309,369.82,1,0.00186434,Weisskopf M1,1.14286,119.74,0.326435,344.583,1.62755e+21,0.032551,0,0
193pt,78,193,149.78,0.04,374112,13/2+,603.3,0.1,453.52,(15/2+),,,1,M1,0,1,0,1,453.52,1,0.00343829,Weisskopf M1,1.14286,146.84,0.400315,344.583,2.90206e+21,0.0580412,0,0
193pt,78,193,149.78,0.04,374112,13/2+,907.4,0.2,757.62,(17/2+),,,0,E2,0,1,0,2.25496,757.62,1,1.33769e-05,Weisskopf E2,1.28571,0.230303,0.66874,0.323514,1.37078e+24,27.4156,0,0
195pt,78,195,259.077,0.023,346464,13/2+,431.98,0.02,172.903,9/2+,,,1,E2,0,1,0,0.626566,172.903,1,8.39616e-09,Weisskopf E2,0.714286,0.00154188,0.151834,0.00953963,1.67302e+26,3346.04,0,0
195pt,78,195,259.077,0.023,346464,13/2+,432,0.5,172.923,(17/2+),,,0,E2,0,0,1,0,0,0,8.40102e-09,Weisskopf E2,1.28571,0.00277635,0.151852,0.0171753,,,0,0
195pt,78,195,259.077,0.023,346464,13/2+,547.16,0.1,288.083,(11/2+),,,1,M1,0,0.924812,0.075188,0.827068,266.423,0.924812,0.000881265,Weisskopf M1,0.857143,69.9564,0.252979,259.773,4.65442e+21,0.0930884,0,0
195pt,78,195,259.077,0.023,346464,13/2+,562.8,0.05,303.723,9/2-,1.4e-11,,0,M2,0.99148,0,0.00852006,1.16663,558.005,1.83722,2.00222e-09,Weisskopf M2,0.714286,0.00011916,0.266713,0.000419698,2.04235e+27,40847,0,0
195pt,78,195,259.077,0.023,346464,13/2+,627.8,0.5,368.723,17/2+,,,1,E2,0,1,0,1,368.723,1,3.70313e-07,Weisskopf E2,1.28571,0.0269164,0.323793,0.0780907,1.28056e+25,256.112,0,0
195pt,78,195,259.077,0.023,346464,13/2+,667,0.7,407.923,(9/2-),1.6e-11,,0,M2,1,0,0,1.48934,667,1.63511,8.75013e-09,Weisskopf M2,0.714286,0.000288691,0.358216,0.000757074,8.86885e+26,17737.7,0,0
195pt,78,195,259.077,0.023,346464,13/2+,758.3,0.5,499.223,15/2+,,,1,M1,0,1,0,1,499.223,1,0.00458604,Weisskopf M1,1.14286,161.638,0.438391,346.364,2.88714e+21,0.0577428,0,0
195pt,78,195,259.077,0.023,346464,13/2+,814.5,0.04,555.423,9/2-,,,0,M2,0.97656,0.0216484,0.00179169,1.75556,807.432,1.45372,4.0949e-08,Weisskopf M2,0.714286,0.000728736,0.487743,0.00140356,4.05839e+26,8116.79,0,0
195pt,78,195,259.077,0.023,346464,13/2+,895.41,0.06,636.333,9/2-,,,0,M2,0.99963,0,0.000370437,2.05103,895.078,1.40662,8.0825e-08,Weisskopf M2,0.714286,0.00109585,0.558794,0.00184226,2.64653e+26,5293.06,0,0
195pt,78,195,259.077,0.023,346464,13/2+,930.7,0.06,671.623,(9/2)-,,,0,M2,0.926635,0.045797,0.0275685,1.86818,893.177,1.32988,1.05865e-07,Weisskopf M2,0.714286,0.00128847,0.589783,0.00205226,2.60824e+26,5216.48,0,0
195pt,78,195,259.077,0.023,346464,13/2+,1899,1,1639.92,(9/2+),,,0,E2,0,0,1,0,0,0,0.000644444,Weisskopf E2,0.714286,1.31557,1.44009,0.85817,,,0,0
197pt,78,197,399.59,0.2,5724.6,13/2+,612,10,212.41,(13/2)+,,,0,M1,0,0,1,0,0,0,0.000353247,Weisskopf M1,1,60.1772,0.185578,304.618,,,0,0
197pt,78,197,399.59,0.2,5724.6,13/2+,767,10,367.41,(17/2+),,,0,E2,0,0,1,0,0,0,3.6875e-07,Weisskopf E2,1.28571,0.0269946,0.320998,0.0789997,,,0,0
197pt,78,197,399.59,0.2,5724.6,13/2+,1136,10,736.41,(13/2)+,,,0,M1,0,0,1,0,0,0,0.0147202,Weisskopf M1,1,208.63,0.643385,304.618,,,0,0
197pt,78,197,399.59,0.2,5724.6,13/2+,1431,10,1031.41,(13/2+),,,0,M1,0,0,1,0,0,0,0.0404434,Weisskopf M1,1,292.205,0.90112,304.618,,,0,0
197pt,78,197,399.59,0.2,5724.6,13/2+,1548,10,1148.41,(13/2+),,,0,M1,0,0,1,0,0,0,0.0558271,Weisskopf M1,1,325.352,1.00334,304.618,,,0,0
197pt,78,197,399.59,0.2,5724.6,13/2+,1775,10,1375.41,(13/2+),,,0,M1,0,0,1,0,0,0,0.095907,Weisskopf M1,1,389.663,1.20166,304.618,,,0,0
197pt,78,197,399.59,0.2,5724.6,13/2+,1797,0.5,1397.41,(9/2+),,,0,E2,0,0,1,0,0,0,0.000293492,Weisskopf E2,0.714286,0.825132,1.22089,0.634891,,,0,0
197pt,78,197,399.59,0.2,5724.6,13/2+,1861,10,1461.41,(13/2+),,,0,M1,0,0,1,0,0,0,0.115046,Weisskopf M1,1,414.027,1.2768,304.618,,,0,0
197pt,78,197,399.59,0.2,5724.6,13/2+,1929,10,1529.41,(13/2+),,,0,M1,0,0,1,0,0,0,0.131864,Weisskopf M1,1,433.292,1.33621,304.618,,,0,0
184au,79,184,68.46,0.04,47.6,2+,71.88,0.08,3.42,2+ 3+,,,1,,0,1,0,1,3.42,1,,unknown,1,,0.00309173,,,,1,1
184au,79,184,68.46,0.04,47.6,2+,86.51,0.08,18.05,(2 3)+,,,1,,0,1,0,0.00502513,18.05,1,,unknown,1,,0.0163175,,,,1,1
184au,79,184,68.46,0.04,47.6,2+,129.13,0.08,60.67,(1 2)+,,,1,,1.11022e-16,1,0,0.326159,60.67,1,,unknown,1,,0.0548466,,,,0,1
184au,79,184,68.46,0.04,47.6,2+,146.48,0.11,78.02,4+,,,0,E2,0.44586,0.55414,0,0.759554,108.544,1.39123,1.4537e-10,Weisskopf E2,1.8,0.000330399,0.0705312,0.00440056,2.9918e+26,5983.61,0,1
184au,79,184,68.46,0.04,47.6,2+,228.4,0.07,159.94,3-,6.9e-08,,1,E1,0.0322083,0.967792,0,1.70231,162.145,1.01379,1.2557e-10,measured,1.4,5.28206e-05,0.144588,0.000343179,1.71175e+27,34235,0,0
184au,79,184,68.46,0.04,47.6,2+,254.25,0.07,185.79,2-,,,1,E1,0.0317705,0.96823,0,1.70941,187.965,1.01171,0.0136556,Weisskopf E1,1,3040.67,0.167957,17006.8,3.43979e+19,0.000687958,0,0
184au,79,184,68.46,0.04,47.6,2+,306.91,0.11,238.45,(1)+,,,1,M1,0,1,0,0.609323,238.45,1,0.000499742,Weisskopf M1,0.6,40.5327,0.215562,176.638,9.29114e+21,0.185823,0,0
184au,79,184,68.46,0.04,47.6,2+,320.51,0.1,252.05,2+,2e-09,LT,0,M1,0.0322083,0.967792,0,2.36412,254.255,1.00875,0.00059022,Weisskopf M1,1,71.4074,0.227857,294.396,1.4368e+21,0.0287361,0,0
184au,79,184,68.46,0.04,47.6,2+,331.4,0.08,262.94,1+ 2+,,,1,,0,1,0,1.22832,262.94,1,,unknown,1,,0.237702,,,,0,0
184au,79,184,68.46,0.04,47.6,2+,364.19,0.09,295.73,1+,,,1,M1,1.11022e-16,1,0,0.73952,295.73,1,0.000953323,Weisskopf M1,0.6,50.2694,0.267344,176.638,7.65538e+21,0.153108,0,0
184au,79,184,68.46,0.04,47.6,2+,381.49,0.09,313.03,1+ 2+,,,1,,0.00314245,0.996858,0,1.09782,313.245,1.00069,,unknown,1,,0.282984,,,,0,0
184au,79,184,68.46,0.04,47.6,2+,490.91,0.07,422.45,1+,2e-09,LT,1,M1,0.020906,0.979094,0,2.16002,423.881,1.00339,0.00277894,Weisskopf M1,0.6,71.8097,0.381901,176.638,2.62095e+21,0.0524189,0,0
187au,79,187,120.33,0.14,2.3,9/2(-),171.81,0.15,51.48,(5/2-),1.1e-09,,1,E2,0,1,0,0.00884956,51.48,1,4.14762e-07,measured,0.6,0.721732,0.0461639,14.6867,7.69404e+24,153.881,0,1
187au,79,187,120.33,0.14,2.3,9/2(-),223.9,0.14,103.57,(11/2-),4.8e-08,,1,M1,0,1,0,0.131579,103.57,1,9.50495e-09,measured,1.2,0.00817271,0.0928747,0.0826646,9.19378e+25,1838.76,0,0
187au,79,187,120.33,0.14,2.3,9/2(-),240.19,0.09,119.86,(5/2+),,,0,M2,1,0,0,0.798139,240.19,2.00392,1.86366e-11,Weisskopf M2,0.6,5.98235e-06,0.107483,5.22859e-05,2.39627e+28,479255,0,0
187au,79,187,120.33,0.14,2.3,9/2(-),290.97,0.1,170.64,(5/2+),,,0,M2,1,0,0,0.701113,290.97,1.70517,1.08993e-10,Weisskopf M2,0.6,1.7262e-05,0.153019,0.000105974,1.3459e+28,269181,0,0
187au,79,187,120.33,0.14,2.3,9/2(-),325.64,0.15,205.31,(7/2-),,,1,M1,0,1,0,0.498618,205.31,1,0.000318995,Weisskopf M1,0.8,46.5326,0.184108,237.429,8.44692e+21,0.168938,0,0
187au,79,187,120.33,0.14,2.3,9/2(-),353.66,0.15,233.33,(13/2-),5.6e-11,,1,E2,0,1,0,0.816993,233.33,1,8.1471e-06,measured,1.4,1.61025,0.209235,7.22952,1.69306e+23,3.38612,0,0
187au,79,187,120.33,0.14,2.3,9/2(-),443.2,0.16,322.87,9/2(-),,,1,M1,0,1,0,0.641822,322.87,1,0.00124061,Weisskopf M1,1,91.4712,0.289528,296.786,5.24979e+21,0.104996,0,0
187au,79,187,120.33,0.14,2.3,9/2(-),456.13,0.15,335.8,(5/2-),,,1,E2,1.11022e-16,1,0,0.715482,335.8,1,2.19389e-07,Weisskopf E2,0.6,0.00897237,0.301123,0.0279907,4.9933e+25,998.66,0,0
187au,79,187,120.33,0.14,2.3,9/2(-),476.6,0.13,356.27,(7/2-),,,0,M1,0.287654,0.712346,0,1.19884,390.883,1.09715,0.00166683,Weisskopf M1,0.8,80.7469,0.319479,237.429,3.5132e+21,0.0702641,0,0
187au,79,187,120.33,0.14,2.3,9/2(-),495.33,0.11,375,(7/2+),,,0,E1,1,0,0,1.12377,495.33,1.32088,0.113506,Weisskopf E1,0.8,4963.08,0.336275,13864.6,6.41824e+19,0.00128365,0,0
187au,79,187,120.33,0.14,2.3,9/2(-),496.73,0.15,376.4,(11/2-),,,1,M1,0,1,0,0.907832,376.4,1,0.00196563,Weisskopf M1,1.2,127.964,0.337531,356.144,3.09292e+21,0.0618585,0,0
187au,79,187,120.33,0.14,2.3,9/2(-),598.17,0.16,477.84,(7/2-),,,1,M1,0,1,0,0.984677,477.84,1,0.00402162,Weisskopf M1,0.8,108.3,0.428495,237.429,4.27732e+21,0.0855465,0,0
187au,79,187,120.33,0.14,2.3,9/2(-),619.77,0.16,499.44,(11/2-),,,1,M1,0,1,0,1.01415,499.44,1,0.00459202,Weisskopf M1,1.2,169.794,0.447865,356.144,2.76869e+21,0.0553738,0,0
187au,79,187,120.33,0.14,2.3,9/2(-),633.59,0.12,513.26,(7/2+),,,0,E1,1,0,0,1.58014,633.59,1.23444,0.291031,Weisskopf E1,0.8,6792.93,0.460258,13864.6,4.56454e+19,0.000912907,0,0
187au,79,187,120.33,0.14,2.3,9/2(-),638.6,0.11,518.27,(5/2+),,,0,M2,1,0,0,1.40951,638.6,1.23218,2.81692e-08,Weisskopf M2,0.6,0.000483635,0.46475,0.000977571,7.25743e+26,14514.9,0,0
187au,79,187,120.33,0.14,2.3,9/2(-),687.12,0.12,566.79,(5/2+),,,0,M2,1,0,0,1.43793,687.12,1.2123,4.40662e-08,Weisskopf M2,0.6,0.00063258,0.50826,0.00116918,5.94813e+26,11896.3,0,0
187au,79,187,120.33,0.14,2.3,9/2(-),710.44,0.13,590.11,(9/2+),,,0,E1,1,0,0,1.76616,710.44,1.20391,0.442309,Weisskopf E1,1,9762.54,0.529172,17330.7,3.26703e+19,0.000653405,0,0
187au,79,187,120.33,0.14,2.3,9/2(-),732.89,0.17,612.56,(5/2-),,,0,E2,0,1,0,1.3061,612.56,1,4.43153e-06,Weisskopf E2,0.6,0.0544642,0.549303,0.0931428,8.22003e+24,164.401,0,0
187au,79,187,120.33,0.14,2.3,9/2(-),741.86,0.18,621.53,(13/2-),,,1,E2,0,1,0,1.42733,621.53,1,4.76564e-06,Weisskopf E2,1.4,0.132748,0.557347,0.223745,3.13129e+24,62.6257,0,0
187au,79,187,120.33,0.14,2.3,9/2(-),749.29,0.17,628.96,(13/2-),,,0,E2,0,1,0,1.08035,628.96,1,5.05738e-06,Weisskopf E2,1.4,0.137566,0.56401,0.229126,4.03982e+24,80.7965,0,0
187au,79,187,120.33,0.14,2.3,9/2(-),755.27,0.2,634.94,(9/2-),,,1,M1,0,1,0,1.3489,634.94,1,0.00943522,Weisskopf M1,1,179.883,0.569372,296.786,2.49791e+21,0.0499583,0,0
187au,79,187,120.33,0.14,2.3,9/2(-),767.08,0.14,646.75,(9/2+),,,0,E1,1,0,0,1.84415,767.08,1.18605,0.582286,Weisskopf E1,1,10699.6,0.579963,17330.7,3.12887e+19,0.000625775,0,0
187au,79,187,120.33,0.14,2.3,9/2(-),822.42,0.16,702.09,(5/2+),,,0,M2,1,0,0,1.75243,822.42,1.17139,1.28516e-07,Weisskopf M2,0.6,0.00120234,0.629588,0.001794,3.18081e+26,6361.61,0,0
187au,79,187,120.33,0.14,2.3,9/2(-),829.03,0.18,708.7,(11/2-),,,1,M1,1.11022e-16,1,0,1.48919,708.7,1,0.0131202,Weisskopf M1,1.2,240.935,0.635515,356.144,1.88549e+21,0.0377098,0,0
187au,79,187,120.33,0.14,2.3,9/2(-),840.11,0.18,719.78,(9/2-),,,0,M1,0.125747,0.874253,0,1.49964,734.911,1.02102,0.0137453,Weisskopf M1,1,203.918,0.645451,296.786,2.24682e+21,0.0449365,0,0
187au,79,187,120.33,0.14,2.3,9/2(-),877.23,0.17,756.9,(5/2-),,,0,E2,0.0179376,0.982062,0,1.67365,759.058,1.00285,1.27645e-05,Weisskopf E2,0.6,0.10275,0.678738,0.14221,4.20152e+24,84.0305,0,0
187au,79,187,120.33,0.14,2.3,9/2(-),880,0.19,759.67,(7/2+),,,0,E1,1,0,0,2.05875,880,1.1584,0.94363,Weisskopf E1,0.8,10054.1,0.681222,13864.6,3.5034e+19,0.00070068,0,0
187au,79,187,120.33,0.14,2.3,9/2(-),881.2,0.18,760.87,(11/2-),,,0,M1,0.0159578,0.984042,0,1.22751,762.79,1.00252,0.0162362,Weisskopf M1,1.2,258.671,0.682298,356.144,2.28745e+21,0.045749,0,0
187au,79,187,120.33,0.14,2.3,9/2(-),934.36,0.2,814.03,(5/2+),,,0,M2,1,0,0,1.98197,934.36,1.14782,2.69276e-07,Weisskopf M2,0.6,0.001874,0.729968,0.00241166,2.09212e+26,4184.24,0,0
187au,79,187,120.33,0.14,2.3,9/2(-),950.23,0.2,829.9,(7/2- 9/2-),,,1,,-2.22045e-16,1,0,1.22807,829.9,1,,unknown,1,,0.744199,,,,0,0
187au,79,187,120.33,0.14,2.3,9/2(-),956.44,0.16,836.11,(13/2-),,,1,E2,0,1,0,1.63149,836.11,1,2.09956e-05,Weisskopf E2,1.4,0.323171,0.749768,0.404907,1.51377e+24,30.2754,0,0
187au,79,187,120.33,0.14,2.3,9/2(-),965.5,0.5,845.17,(7/2+),,,0,E1,1,0,0,2.44221,965.5,1.14237,1.29945,Weisskopf E1,0.8,11185.7,0.757893,13864.6,2.95331e+19,0.000590663,0,0
187au,79,187,120.33,0.14,2.3,9/2(-),967.98,0.17,847.65,(11/2+),,,0,E1,1,0,0,2.17379,967.98,1.14196,1.31092,Weisskopf E1,1.2,16827.8,0.760116,20796.9,2.21199e+19,0.000442399,0,0
187au,79,187,120.33,0.14,2.3,9/2(-),984.92,0.19,864.59,(9/2-),,,1,M1,0,1,0,1.40886,864.59,1,0.0238223,Weisskopf M1,1,244.944,0.775307,296.786,2.3916e+21,0.0478321,0,0
187au,79,187,120.33,0.14,2.3,9/2(-),1015.32,0.19,894.99,(7/2+),,,0,E1,1,0,0,2.31925,1015.32,1.13445,1.54305,Weisskopf E1,0.8,11845.1,0.802568,13864.6,3.10989e+19,0.000621978,0,0
187au,79,187,120.33,0.14,2.3,9/2(-),1120.93,0.16,1000.6,(11/2+),,,0,E1,1,0,0,2.4672,1120.93,1.12026,2.1563,Weisskopf E1,1.2,19864.2,0.897272,20796.9,1.94894e+19,0.000389788,0,0
187au,79,187,120.33,0.14,2.3,9/2(-),1121.59,0.17,1001.26,(13/2+),,,0,M2,1.11022e-16,1,0,1.98631,1001.26,1,7.58105e-07,Weisskopf M2,1.4,0.00813704,0.897864,0.00851347,5.91353e+25,1182.71,0,0
187au,79,187,120.33,0.14,2.3,9/2(-),1147.7,0.19,1027.37,(11/2- 13/2-),,,1,,0,1,0,1.93701,1027.37,1,,unknown,1,,0.921277,,,,0,0
187au,79,187,120.33,0.14,2.3,9/2(-),1148.5,0.5,1028.17,(11/2+),,,0,E1,1,0,0,2.11005,1148.5,1.11703,2.33949,Weisskopf E1,1.2,20411.6,0.921995,20796.9,2.27882e+19,0.000455763,0,0
187au,79,187,120.33,0.14,2.3,9/2(-),1149.23,0.19,1028.9,(13/2+),,,0,M2,1,0,0,2.74143,1149.23,1.11695,8.68682e-07,Weisskopf M2,1.4,0.00882969,0.922649,0.00898999,4.05755e+25,811.511,0,0
187au,79,187,120.33,0.14,2.3,9/2(-),1155.9,0.3,1035.57,(11/2-),,,0,M1,-2.22045e-16,1,0,1.64931,1035.57,1,0.0409348,Weisskopf M1,1.2,352.061,0.928631,356.144,1.70244e+21,0.0340488,0,0
187au,79,187,120.33,0.14,2.3,9/2(-),1164.47,0.21,1044.14,(11/2+),,,0,E1,1,0,0,2.54677,1164.47,1.11524,2.45021,Weisskopf E1,1.2,20728.6,0.936316,20796.9,1.88805e+19,0.00037761,0,0
187au,79,187,120.33,0.14,2.3,9/2(-),1187.06,0.21,1066.73,(13/2-),,,0,E2,0.00494431,0.995056,0,1.57417,1067.32,1.00056,7.09714e-05,Weisskopf E2,1.4,0.671128,0.956573,0.65908,9.63853e+23,19.2771,0,0
187au,79,187,120.33,0.14,2.3,9/2(-),1197.64,0.19,1077.31,(11/2-),,,0,M1,0.0137597,0.98624,0,1.88409,1078.97,1.00154,0.0460867,Weisskopf M1,1.2,366.251,0.96606,356.144,1.4903e+21,0.029806,0,0
187au,79,187,120.33,0.14,2.3,9/2(-),1205.15,0.16,1084.82,(9/2+),,,0,E1,1,0,0,2.22668,1205.15,1.11092,2.74789,Weisskopf E1,1,17946.8,0.972795,17330.7,2.59135e+19,0.000518269,0,0
187au,79,187,120.33,0.14,2.3,9/2(-),1228.7,0.3,1108.37,(9/2-),,,0,M1,0.139747,0.860253,0,2.21577,1125.19,1.01517,0.0501889,Weisskopf M1,1,314.009,0.993913,296.786,1.52066e+21,0.0304131,0,0
187au,79,187,120.33,0.14,2.3,9/2(-),1237.6,0.24,1117.27,(5/2-),,,0,E2,0.287654,0.712346,0,2.17123,1151.88,1.03098,8.94543e-05,Weisskopf E2,0.6,0.330476,1.00189,0.309862,1.48637e+24,29.7273,0,0
187au,79,187,120.33,0.14,2.3,9/2(-),1249.39,0.25,1129.06,(11/2-),,,0,M1,-2.22045e-16,1,0,1.84165,1129.06,1,0.0530524,Weisskopf M1,1.2,383.844,1.01247,356.144,1.52465e+21,0.0304929,0,0
187au,79,187,120.33,0.14,2.3,9/2(-),1276.86,0.23,1156.53,(7/2- 9/2-),,,1,,2.22045e-16,1,0,1.60588,1156.53,1,,unknown,1,,1.0371,,,,0,0
187au,79,187,120.33,0.14,2.3,9/2(-),1280.01,0.17,1159.68,(11/2+),,,0,E1,0.867224,0.132776,0,2.35719,1264.03,1.08998,3.35692,Weisskopf E1,1.2,23022.3,1.03992,20796.9,2.03989e+19,0.000407979,0,0
187au,79,187,120.33,0.14,2.3,9/2(-),1316.79,0.18,1196.46,(9/2-),,,1,M1,0,1,0,1.626,1196.46,1,0.0631318,Weisskopf M1,1,338.965,1.07291,296.786,2.07221e+21,0.0414443,0,0
187au,79,187,120.33,0.14,2.3,9/2(-),1369.5,0.21,1249.17,(7/2+),,,0,E1,1,0,0,2.47387,1369.5,1.09633,4.19557,Weisskopf E1,0.8,16532.6,1.12017,13864.6,2.91552e+19,0.000583105,0,0
187au,79,187,120.33,0.14,2.3,9/2(-),1393.34,0.23,1273.01,(13/2-),,,0,E2,0,1,0,2.3662,1273.01,1,0.000171779,Weisskopf E2,1.4,1.14061,1.14155,0.938626,4.50252e+23,9.00504,0,0
187au,79,187,120.33,0.14,2.3,9/2(-),1405.25,0.2,1284.92,(13/2+),,,0,M2,0,1,0,2.119,1284.92,1,2.63861e-06,Weisskopf M2,1.4,0.0171971,1.15223,0.0140206,3.36592e+25,673.184,0,0
187au,79,187,120.33,0.14,2.3,9/2(-),1418.5,0.3,1298.17,(13/2-),,,0,E2,0.00453672,0.995463,0,2.0941,1298.72,1.00042,0.000189439,Weisskopf E2,1.4,1.20959,1.16411,0.976095,4.89227e+23,9.78455,0,0
187au,79,187,120.33,0.14,2.3,9/2(-),1419.69,0.23,1299.36,(5/2+),,,0,M2,1,0,0,2.56054,1419.69,1.09261,2.79025e-06,Weisskopf M2,0.6,0.00762145,1.16518,0.00614462,6.35586e+25,1271.17,0,0
187au,79,187,120.33,0.14,2.3,9/2(-),1420.7,0.5,1300.37,(11/2-),,,0,M1,0,1,0,2.08868,1300.37,1,0.0810503,Weisskopf M1,1.2,442.084,1.16609,356.144,1.34432e+21,0.0268864,0,0
187au,79,187,120.33,0.14,2.3,9/2(-),1498.3,0.5,1377.97,(5/2+),,,0,M2,1,0,0,2.12377,1498.3,1.08732,3.74277e-06,Weisskopf M2,0.6,0.00909009,1.23567,0.0069106,6.81361e+25,1362.72,0,0
187au,79,187,120.33,0.14,2.3,9/2(-),1778.8,0.5,1658.47,(11/2-),,,0,M1,1.11022e-16,1,0,2.8122,1658.47,1,0.168142,Weisskopf M1,1.2,563.827,1.48721,356.144,9.98455e+20,0.0199691,0,0
187au,79,187,120.33,0.14,2.3,9/2(-),1816.2,0.4,1695.87,(11/2-),,,0,M1,0.287654,0.712346,0,2.19884,1730.48,1.02041,0.179776,Weisskopf M1,1.2,576.542,1.52074,356.144,1.27697e+21,0.0255394,0,0
187au,79,187,120.33,0.14,2.3,9/2(-),1842.77,0.2,1722.44,(5/2+),,,0,M2,1,0,0,1.75788,1842.77,1.06986,1.14213e-05,Weisskopf M2,0.6,0.0177534,1.54457,0.0107975,5.26848e+25,1053.7,0,0
187au,79,187,120.33,0.14,2.3,9/2(-),1994.3,0.5,1873.97,(11/2-),,,0,M1,0,1,0,2.09898,1873.97,1,0.242573,Weisskopf M1,1.2,637.09,1.68045,356.144,1.33773e+21,0.0267545,0,0
187au,79,187,120.33,0.14,2.3,9/2(-),1995.19,0.24,1874.86,(5/2-),,,0,E2,0.287654,0.712346,0,2.19884,1909.47,1.01846,0.0011903,Weisskopf E2,0.6,1.56161,1.68125,0.872549,5.21214e+23,10.4243,0,0
187au,79,187,120.33,0.14,2.3,9/2(-),2149.7,0.5,2029.37,(13/2-),,,0,E2,0,1,0,2.74783,2029.37,1,0.00176855,Weisskopf E2,1.4,4.62089,1.8198,2.38535,1.52566e+23,3.05133,0,0
187au,79,187,120.33,0.14,2.3,9/2(-),2180,0.5,2059.67,(9/2+),,,0,E1,1,0,0,2.75243,2180,1.05842,18.807,Weisskopf E1,1,34074.3,1.84698,17330.7,2.09636e+19,0.000419273,0,0
187au,79,187,120.33,0.14,2.3,9/2(-),2186.04,0.24,2065.71,,,,1,,0,1,0,1,2065.71,1,,unknown,1,,1.85239,,,,0,0
187au,79,187,120.33,0.14,2.3,9/2(-),2193.1,0.5,2072.77,(5/2+),,,0,M2,1,0,0,2.12377,2193.1,1.05805,2.88237e-05,Weisskopf M2,0.6,0.0309387,1.85872,0.0156365,3.0113e+25,602.261,0,0
187au,79,187,120.33,0.14,2.3,9/2(-),2201.84,0.24,2081.51,,,,1,,0,1,0,1,2081.51,1,,unknown,1,,1.86656,,,,0,0
187au,79,187,120.33,0.14,2.3,9/2(-),2237.57,0.2,2117.24,(13/2-),,,0,E2,0.000744605,0.999255,0,2.25149,2117.33,1.00004,0.00218606,Weisskopf E2,1.4,5.2475,1.8986,2.59638,1.71065e+23,3.42129,0,0
187au,79,187,120.33,0.14,2.3,9/2(-),2246.43,0.25,2126.1,(13/2-),,,0,E2,0.000961245,0.999039,0,2.6559,2126.22,1.00005,0.00223218,Weisskopf E2,1.4,5.31365,1.90655,2.61816,1.43811e+23,2.87622,0,0
187au,79,187,120.33,0.14,2.3,9/2(-),2268.12,0.2,2147.79,(13/2-),,,0,E2,0,1,0,2.39613,2147.79,1,0.00234839,Weisskopf E2,1.4,5.47794,1.926,2.67185,1.56199e+23,3.12397,0,0
187au,79,187,120.33,0.14,2.3,9/2(-),2291,0.6,2170.67,(11/2+),,,0,E1,1,0,0,3.44221,2291,1.05543,22.0145,Weisskopf E1,1.2,43092.8,1.94651,20796.9,1.3969e+19,0.000279379,0,0
187au,79,187,120.33,0.14,2.3,9/2(-),2300.33,0.16,2180,,,,1,,-2.22045e-16,1,0,1.37349,2180,1,,unknown,1,,1.95488,,,,0,0
187au,79,187,120.33,0.14,2.3,9/2(-),2313.5,0.4,2193.17,(13/2+),,,0,M2,0.00147118,0.998529,0,3.59594,2193.35,1.00008,3.82258e-05,Weisskopf M2,1.4,0.0855151,1.96669,0.0408468,6.80816e+24,136.163,0,0
187au,79,187,120.33,0.14,2.3,9/2(-),2327.87,0.23,2207.54,,,,1,,0,1,0,1.24766,2207.54,1,,unknown,1,,1.97958,,,,0,0
187au,79,187,120.33,0.14,2.3,9/2(-),2345.7,0.4,2225.37,(11/2+),,,0,E1,1,0,0,3.27061,2345.7,1.05407,23.721,Weisskopf E1,1.2,44178.7,1.99556,20796.9,1.47019e+19,0.000294037,0,0
187au,79,187,120.33,0.14,2.3,9/2(-),2365.3,0.5,2244.97,(13/2-),,,0,E2,0,1,0,2.08035,2244.97,1,0.00292997,Weisskopf E2,1.4,6.25566,2.01314,2.91911,1.6467e+23,3.2934,0,0
187au,79,187,120.33,0.14,2.3,9/2(-),2369,0.5,2248.67,(13/2+),,,0,M2,0.00189641,0.998104,0,3.81654,2248.9,1.0001,4.33135e-05,Weisskopf M2,1.4,0.0921729,2.01646,0.0429402,6.10191e+24,122.038,0,0
187au,79,187,120.33,0.14,2.3,9/2(-),2395.7,0.3,2275.37,(13/2+),,,0,M2,0,1,0,2.08035,2275.37,1,4.59468e-05,Weisskopf M2,1.4,0.0954953,2.0404,0.043966,1.09332e+25,218.664,0,0
187au,79,187,120.33,0.14,2.3,9/2(-),2471,0.5,2350.67,(11/2-),,,0,M1,0,1,0,2.626,2350.67,1,0.478772,Weisskopf M1,1.2,799.153,2.10793,356.144,1.06925e+21,0.021385,0,0
189au,79,189,247.25,0.16,275.4,11/2-,325.12,0.16,77.87,9/2-,1.9e-07,,1,M1,0,1,0,0.212766,77.87,1,2.40125e-09,measured,0.833333,0.00253641,0.0694582,0.0343041,1.3701e+26,2740.2,0,1
189au,79,189,247.25,0.16,275.4,11/2-,484.02,0.16,236.77,7/2-,1.5e-10,,1,E2,0.313478,0.686522,0,1.10827,314.278,1.32735,2.08811e-06,measured,0.666667,0.190859,0.211193,0.848952,1.06285e+24,21.2571,0,0
189au,79,189,247.25,0.16,275.4,11/2-,512.35,0.15,265.1,7/2+,,,0,M2,1,0,0,1.19124,512.35,1.93267,9.93399e-10,Weisskopf M2,0.666667,7.24296e-05,0.236463,0.000287742,2.91742e+27,58348.3,0,0
189au,79,189,247.25,0.16,275.4,11/2-,646.17,0.17,398.92,13/2-,,,0,M1,0,1,0,1.13553,398.92,1,0.00233998,Weisskopf M1,1.16667,131.853,0.355827,348.097,2.52988e+21,0.0505977,0,0
189au,79,189,247.25,0.16,275.4,11/2-,647.2,0.13,399.95,7/2+,,,0,M2,1,0,0,1.54485,647.2,1.6182,7.76432e-09,Weisskopf M2,0.666667,0.000248716,0.356746,0.000654931,9.88365e+26,19767.3,0,0
189au,79,189,247.25,0.16,275.4,11/2-,681.9,0.19,434.65,15/2-,,,1,E2,0,1,0,0.964599,434.65,1,8.0848e-07,Weisskopf E2,1.33333,0.0438563,0.387698,0.106265,9.75582e+24,195.116,0,0
189au,79,189,247.25,0.16,275.4,11/2-,712.7,0.18,465.45,11/2-,,,0,M1,0,1,0,1.14473,465.45,1,0.00371683,Weisskopf M1,1,131.865,0.41517,298.369,2.9278e+21,0.0585561,0,0
189au,79,189,247.25,0.16,275.4,11/2-,760.67,0.18,513.42,9/2+,,,0,E1,1,0,0,1.77447,760.67,1.48157,0.293376,Weisskopf E1,0.833333,7128.56,0.457959,14622.6,3.85394e+19,0.000770788,0,0
189au,79,189,247.25,0.16,275.4,11/2-,770.68,0.18,523.43,7/2-,,,0,E2,0,1,0,1.37408,523.43,1,2.04769e-06,Weisskopf E2,0.666667,0.0382965,0.466887,0.0770543,9.44475e+24,188.895,0,0
189au,79,189,247.25,0.16,275.4,11/2-,812.67,0.18,565.42,13/2-,,,1,M1,0,1,0,0.952381,565.42,1,0.00666296,Weisskopf M1,1.16667,186.885,0.504341,348.097,3.0164e+21,0.060328,0,0
189au,79,189,247.25,0.16,275.4,11/2-,847.89,0.19,600.64,9/2+,,,0,E1,1,0,0,1.91623,847.89,1.41164,0.469732,Weisskopf E1,0.833333,8339.56,0.535757,14622.6,3.56884e+19,0.000713768,0,0
189au,79,189,247.25,0.16,275.4,11/2-,862.04,0.18,614.79,9/2-,,,1,M1,0.187101,0.812899,0,1.55804,661.051,1.07525,0.00856513,Weisskopf M1,0.833333,145.145,0.548378,248.641,2.58137e+21,0.0516274,0,0
189au,79,189,247.25,0.16,275.4,11/2-,880.45,0.23,633.2,9/2-,,,1,M1,0.0618579,0.938142,0,1.41128,648.494,1.02415,0.00935786,Weisskopf M1,0.833333,149.491,0.5648,248.641,2.84979e+21,0.0569958,0,0
189au,79,189,247.25,0.16,275.4,11/2-,911.01,0.2,663.76,7/2-,,,0,E2,0,1,0,1.55226,663.76,1,6.7147e-06,Weisskopf E2,0.666667,0.0780937,0.592058,0.123909,5.19915e+24,103.983,0,0
189au,79,189,247.25,0.16,275.4,11/2-,1097.03,0.21,849.78,13/2-,,,0,M1,0,1,0,1.86967,849.78,1,0.022619,Weisskopf M1,1.16667,280.873,0.757984,348.097,1.53651e+21,0.0307301,0,0
189au,79,189,247.25,0.16,275.4,11/2-,1112.48,0.2,865.23,11/2+,,,0,E1,1,0,0,2.31373,1112.48,1.28576,1.40411,Weisskopf E1,1,14415.9,0.771765,17547.2,2.46309e+19,0.000492618,0,0
189au,79,189,247.25,0.16,275.4,11/2-,1130.1,0.19,882.85,11/2-,,,1,M1,0.0145446,0.985455,0,2.02831,886.446,1.00407,0.0253638,Weisskopf M1,1,250.117,0.787482,298.369,1.65239e+21,0.0330478,0,0
189au,79,189,247.25,0.16,275.4,11/2-,1133.52,0.22,886.27,9/2-,,,0,M1,0,1,0,2.16155,886.27,1,0.0256597,Weisskopf M1,0.833333,209.238,0.790532,248.641,1.86064e+21,0.0372127,0,0
189au,79,189,247.25,0.16,275.4,11/2-,1145.7,0.22,898.45,13/2- 15/2-,,,1,,1.11022e-16,1,0,2.03548,898.45,1,,unknown,1,,0.801396,,,,0,0
189au,79,189,247.25,0.16,275.4,11/2-,1188.6,0.21,941.35,11/2-,,,1,M1,0.0733746,0.926625,0,1.49083,959.492,1.01927,0.0307473,Weisskopf M1,1,266.691,0.839662,298.369,2.24812e+21,0.0449624,0,0
189au,79,189,247.25,0.16,275.4,11/2-,1273.14,0.25,1025.89,11/2-,,,1,M1,0.073533,0.926467,0,1.97456,1044.07,1.01772,0.0397975,Weisskopf M1,1,290.641,0.91507,298.369,1.69736e+21,0.0339473,0,0
189au,79,189,247.25,0.16,275.4,11/2-,1295.5,0.3,1048.25,11/2-,,,1,M1,0.125821,0.874179,0,2.02644,1079.36,1.02968,0.0424569,Weisskopf M1,1,296.976,0.935014,298.369,1.65391e+21,0.0330782,0,0
189au,79,189,247.25,0.16,275.4,11/2-,1298.87,0.16,1051.62,11/2+,,,0,E1,1,0,0,2.58519,1298.87,1.23511,2.52106,Weisskopf E1,1,17521.4,0.93802,17547.2,2.20445e+19,0.00044089,0,0
189au,79,189,247.25,0.16,275.4,11/2-,1312.96,0.25,1065.71,13/2-,,,0,M1,0.0109899,0.98901,0,2.11435,1068.43,1.00255,0.044614,Weisskopf M1,1.16667,352.243,0.950588,348.097,1.3587e+21,0.0271739,0,0
189au,79,189,247.25,0.16,275.4,11/2-,1352.6,0.3,1105.35,(15/2 13/2 11/2)-,,,1,,-2.22045e-16,1,0,1.74989,1105.35,1,,unknown,1,,0.985946,,,,0,0
189au,79,189,247.25,0.16,275.4,11/2-,1383.25,0.2,1136,13/2+,,,0,E1,0.00411032,0.99589,0,2.37422,1137.02,1.00089,3.17791,Weisskopf E1,1.16667,22081.8,1.01329,20471.7,2.05743e+19,0.000411487,0,0
189au,79,189,247.25,0.16,275.4,11/2-,1459.97,0.2,1212.72,11/2+,,,1,E1,0,1,0,1.32541,1212.72,1,3.86624,Weisskopf E1,1,20205.5,1.08172,17547.2,4.29976e+19,0.000859952,0,0
189au,79,189,247.25,0.16,275.4,11/2-,1481.6,0.4,1234.35,13/2-,,,0,M1,0.0284716,0.971528,0,2.05242,1241.39,1.0057,0.0693216,Weisskopf M1,1.16667,407.983,1.10101,348.097,1.3997e+21,0.0279939,0,0
189au,79,189,247.25,0.16,275.4,11/2-,1483.4,0.3,1236.15,(7/2)+,,,0,M2,1,0,0,2.64053,1483.4,1.20002,2.18993e-06,Weisskopf M2,0.666667,0.00734345,1.10262,0.00625642,6.05318e+25,1210.64,0,0
189au,79,189,247.25,0.16,275.4,11/2-,1523.4,0.4,1276.15,(-),,,1,,0,1,0,1.59913,1276.15,1,,unknown,1,,1.1383,,,,0,0
189au,79,189,247.25,0.16,275.4,11/2-,1534.79,0.19,1287.54,13/2+,,,1,E1,0.0972825,0.902717,0,2.02379,1311.59,1.01868,4.62689,Weisskopf E1,1.16667,25027.5,1.14846,20471.7,2.41369e+19,0.000482738,0,0
189au,79,189,247.25,0.16,275.4,11/2-,1559.83,0.22,1312.58,-,,,1,,1.11022e-16,1,0,1.32632,1312.58,1,,unknown,1,,1.17079,,,,0,0
189au,79,189,247.25,0.16,275.4,11/2-,1654.2,0.3,1406.95,13/2- 15/2-,,,1,,0,1,0,1.82261,1406.95,1,,unknown,1,,1.25497,,,,0,0
189au,79,189,247.25,0.16,275.4,11/2-,1730.6,0.4,1483.35,,,,1,,0,1,0,1.28049,1483.35,1,,unknown,1,,1.32311,,,,0,0
189au,79,189,247.25,0.16,275.4,11/2-,1800.6,0.5,1553.35,(15/2+),,,0,M2,0.00188407,0.998116,0,3.22583,1553.82,1.0003,6.86154e-06,Weisskopf M2,1.33333,0.0291424,1.38555,0.0197584,1.56894e+25,313.788,0,0
189au,79,189,247.25,0.16,275.4,11/2-,1935.02,0.2,1687.77,+,,,1,,0.0134581,0.986542,0,2.04066,1691.1,1.00197,,unknown,1,,1.50545,,,,0,0
189au,79,189,247.25,0.16,275.4,11/2-,1939.02,0.2,1691.77,+,,,1,,0,1,0,1.44408,1691.77,1,,unknown,1,,1.50902,,,,0,0
189au,79,189,247.25,0.16,275.4,11/2-,2169.19,0.21,1921.94,(+),,,1,,0.0195879,0.980412,0,1.69933,1926.78,1.00252,,unknown,1,,1.71433,,,,0,0
189au,79,189,247.25,0.16,275.4,11/2-,2176.8,0.4,1929.55,,,,1,,0,1,0,1.23768,1929.55,1,,unknown,1,,1.72111,,,,0,0
189au,79,189,247.25,0.16,275.4,11/2-,2211.01,0.24,1963.76,+,,,1,,0,1,0,1.7342,1963.76,1,,unknown,1,,1.75163,,,,0,0
189au,79,189,247.25,0.16,275.4,11/2-,2240.94,0.2,1993.69,(+),,,1,,0.130781,0.869219,0,2.02566,2026.03,1.01622,,unknown,1,,1.77832,,,,0,0
189au,79,189,247.25,0.16,275.4,11/2-,2257.18,0.21,2009.93,(-),,,1,,0.0942193,0.905781,0,1.52405,2033.23,1.01159,,unknown,1,,1.79281,,,,0,0
189au,79,189,247.25,0.16,275.4,11/2-,2268.97,0.23,2021.72,,,,1,,0.0454545,0.954545,0,1.20799,2032.96,1.00556,,unknown,1,,1.80333,,,,0,0
189au,79,189,247.25,0.16,275.4,11/2-,2272.16,0.19,2024.91,+,,,1,,0.117023,0.882977,0,1.64009,2053.84,1.01429,,unknown,1,,1.80617,,,,0,0
189au,79,189,247.25,0.16,275.4,11/2-,2275.6,0.3,2028.35,+,,,1,,0.300677,0.699323,0,2.32519,2102.69,1.03665,,unknown,1,,1.80924,,,,0,0
189au,79,189,247.25,0.16,275.4,11/2-,2281,0.24,2033.75,,,,1,,0,1,0,1.17503,2033.75,1,,unknown,1,,1.81406,,,,0,0
189au,79,189,247.25,0.16,275.4,11/2-,2311.3,0.3,2064.05,,,,1,,0,1,0,1.1744,2064.05,1,,unknown,1,,1.84108,,,,0,0
189au,79,189,247.25,0.16,275.4,11/2-,2384.7,0.4,2137.45,,,,1,,0,1,0,1.45692,2137.45,1,,unknown,1,,1.90656,,,,0,0
189au,79,189,247.25,0.16,275.4,11/2-,2417.1,0.4,2169.85,,,,1,,0,1,0,1.75702,2169.85,1,,unknown,1,,1.93546,,,,0,0
193au,79,193,290.2,0.04,3.9,11/2-,508.27,0.04,218.07,7/2-,2.9e-10,,1,E2,0.0188413,0.981159,0,0.800799,223.538,1.02507,1.54359e-06,measured,0.666667,0.166323,0.192487,0.811711,1.53842e+24,30.7684,0,0
193au,79,193,290.2,0.04,3.9,11/2-,538.99,0.04,248.79,(7/2+),,,0,M2,1,0,0,1.15024,538.99,2.16645,7.33336e-10,Weisskopf M2,0.666667,6.07085e-05,0.219603,0.000259694,3.34773e+27,66954.5,0,0
193au,79,193,290.2,0.04,3.9,11/2-,687.43,0.04,397.23,(7/2+),,,0,M2,1,0,0,1.59515,687.43,1.73056,7.60937e-09,Weisskopf M2,0.666667,0.000247102,0.350629,0.000662033,9.46932e+26,18938.6,0,0
193au,79,193,290.2,0.04,3.9,11/2-,697.81,0.05,407.61,(15/2)-,,,1,E2,0,1,0,0.958497,407.61,1,6.03007e-07,Weisskopf E2,1.33333,0.0371941,0.359791,0.0971124,1.07432e+25,214.864,0,0
193au,79,193,290.2,0.04,3.9,11/2-,789.94,0.05,499.74,9/2-,1.2e-09,,1,M1,0.0191552,0.980845,0,1.08101,505.299,1.01112,3.0024e-07,measured,0.833333,0.00770021,0.441113,0.0163985,5.64117e+25,1128.23,0,0
193au,79,193,290.2,0.04,3.9,11/2-,808.57,0.05,518.37,(9/2)+,,,0,E1,1,0,0,1.74803,808.57,1.55983,0.306189,Weisskopf E1,0.833333,7298.48,0.457557,14984.3,3.8178e+19,0.00076356,0,0
193au,79,193,290.2,0.04,3.9,11/2-,863.36,0.05,573.16,(13/2)-,,,1,M1,0,1,0,0.951026,573.16,1,0.00694035,Weisskopf M1,1.16667,189.443,0.50592,351.762,2.98923e+21,0.0597846,0,0
193au,79,193,290.2,0.04,3.9,11/2-,890.8,0.05,600.6,9/2-,,,1,M1,0.0100339,0.989966,0,1.33502,603.512,1.00485,0.00798564,Weisskopf M1,0.833333,141.795,0.530141,251.258,2.98121e+21,0.0596242,0,0
193au,79,193,290.2,0.04,3.9,11/2-,929.09,0.05,638.89,(9/2+),,,1,E1,0.924357,0.075643,0,2.06812,907.138,1.41987,0.573256,Weisskopf E1,0.833333,8995.36,0.563939,14984.3,3.22691e+19,0.000645382,0,0
193au,79,193,290.2,0.04,3.9,11/2-,983.59,0.11,693.39,(7/2+),,,0,M2,1,0,0,1.67821,983.59,1.41852,1.23318e-07,Weisskopf M2,0.666667,0.00131427,0.612045,0.00201721,2.95396e+26,5907.92,0,0
193au,79,193,290.2,0.04,3.9,11/2-,1085.35,0.11,795.15,(7/2+),,,0,M2,0.54125,0.45875,0,1.84841,952.221,1.19754,2.44559e-07,Weisskopf M2,0.666667,0.00198197,0.701867,0.00265273,2.03943e+26,4078.86,0,0
193au,79,193,290.2,0.04,3.9,11/2-,1105.92,0.12,815.72,(7/2+),,,0,M2,1,0,0,2.03136,1105.92,1.35576,2.77872e-07,Weisskopf M2,0.666667,0.0021398,0.720024,0.00279176,1.76334e+26,3526.68,0,0
193au,79,193,290.2,0.04,3.9,11/2-,1106.4,0.5,816.2,(11/2-),,,0,M1,0.0191552,0.980845,0,1.92134,821.759,1.00681,0.0200421,Weisskopf M1,1,231.235,0.720447,301.51,1.72621e+21,0.0345242,0,0
193au,79,193,290.2,0.04,3.9,11/2-,1153.53,0.06,863.33,(11/2+),,,0,E1,1,0,0,2.43505,1153.53,1.33614,1.41449,Weisskopf E1,1,14586.5,0.762048,17981.2,2.28388e+19,0.000456776,0,0
193au,79,193,290.2,0.04,3.9,11/2-,1194.31,0.07,904.11,(13/2-),,,0,M1,0.0191552,0.980845,0,2.03868,909.669,1.00615,0.0272407,Weisskopf M1,1.16667,298.83,0.798044,351.762,1.39445e+21,0.027889,0,0
193au,79,193,290.2,0.04,3.9,11/2-,1284.81,0.05,994.61,9/2- 11/2-,,,1,,0.00809352,0.991906,0,1.79273,996.959,1.00236,,unknown,1,,0.877927,,,,0,0
193au,79,193,290.2,0.04,3.9,11/2-,1330.9,0.14,1040.7,(9/2+),,,0,E1,0.980312,0.0196879,0,2.71795,1325.19,1.27336,2.47769,Weisskopf E1,0.833333,14652.7,0.91861,14984.3,2.4554e+19,0.00049108,0,0
193au,79,193,290.2,0.04,3.9,11/2-,1379.93,0.1,1089.73,(11/2+),,,0,E1,1,0,0,2.52213,1379.93,1.2663,2.84464,Weisskopf E1,1,18411.6,0.961888,17981.2,2.20503e+19,0.000441006,0,0
193au,79,193,290.2,0.04,3.9,11/2-,1398.51,0.06,1108.31,(13/2)-,,,0,M1,0.000737196,0.999263,0,1.9214,1108.52,1.00019,0.0501808,Weisskopf M1,1.16667,366.324,0.978288,351.762,1.47956e+21,0.0295913,0,0
193au,79,193,290.2,0.04,3.9,11/2-,1400.39,0.05,1110.19,11/2-,,,1,M1,0.00220563,0.997794,0,1.82397,1110.83,1.00058,0.0504366,Weisskopf M1,1,314.524,0.979948,301.51,1.81837e+21,0.0363673,0,0
193au,79,193,290.2,0.04,3.9,11/2-,1413.03,0.16,1122.83,(9/2-),,,0,M1,1,0,0,2.59515,1413.03,1.25845,0.052179,Weisskopf M1,0.833333,265.088,0.991105,251.258,1.53362e+21,0.0306723,0,0
193au,79,193,290.2,0.04,3.9,11/2-,1476.98,0.21,1186.78,(13/2+),,,0,E1,1,0,0,2.74803,1476.98,1.24453,3.67436,Weisskopf E1,1.16667,23393.3,1.04755,20978.1,1.73465e+19,0.000346931,0,0
193au,79,193,290.2,0.04,3.9,11/2-,1496.3,0.07,1206.1,(9/2)-,,,1,M1,0.0965669,0.903433,0,2.58892,1234.12,1.02323,0.0646701,Weisskopf M1,0.833333,284.747,1.06461,251.258,1.53731e+21,0.0307462,0,0
193au,79,193,290.2,0.04,3.9,11/2-,1514.2,0.16,1224,(7/2-),,,0,E2,1,0,0,2.00514,1514.2,1.23709,0.000147233,Weisskopf E2,0.666667,0.503564,1.08041,0.437842,1.13904e+24,22.7807,0,0
193au,79,193,290.2,0.04,3.9,11/2-,1521.9,1.1,1231.7,(15/2-),,,0,E2,0.0191552,0.980845,0,2.88177,1237.26,1.00451,0.000151923,Weisskopf E2,1.33333,1.02625,1.0872,0.886737,3.91332e+23,7.82664,0,0
193au,79,193,290.2,0.04,3.9,11/2-,1575.62,0.06,1285.42,11/2- 13/2-,,,1,,0.00342161,0.996578,0,2.02592,1286.41,1.00077,,unknown,1,,1.13462,,,,0,0
193au,79,193,290.2,0.04,3.9,11/2-,1684.74,0.19,1394.54,(9/2- TO 13/2-),,,1,,0.000337679,0.999662,0,1.01605,1394.64,1.00007,,unknown,1,,1.23094,,,,0,0
193au,79,193,290.2,0.04,3.9,11/2-,1733.44,0.1,1443.24,(15/2-),,,0,E2,2.22045e-16,1,0,2.02456,1443.24,1,0.000335576,Weisskopf E2,1.33333,1.65103,1.27393,1.21748,4.05703e+23,8.11405,0,0
193au,79,193,290.2,0.04,3.9,11/2-,1776.04,0.08,1485.84,11/2-,,,1,M1,0.0025038,0.997496,0,1.61339,1486.57,1.00049,0.120912,Weisskopf M1,1,420.948,1.31153,301.51,2.0557e+21,0.0411141,0,0
193au,79,193,290.2,0.04,3.9,11/2-,1794.92,0.15,1504.72,(13/2-),,,0,M1,0.00514354,0.994856,0,2.44483,1506.21,1.00099,0.12558,Weisskopf M1,1.16667,497.347,1.32819,351.762,1.16279e+21,0.0232559,0,0
193au,79,193,290.2,0.04,3.9,11/2-,1815.41,0.23,1525.21,(9/2- 11/2- 13/2-),,,1,,0.0003949,0.999605,0,1.09663,1525.32,1.00008,,unknown,1,,1.34628,,,,0,0
193au,79,193,290.2,0.04,3.9,11/2-,1829.91,0.06,1539.71,(11/2- 13/2-),,,1,,0.00512686,0.994873,0,2.52295,1541.2,1.00097,,unknown,1,,1.35908,,,,0,0
193au,79,193,290.2,0.04,3.9,11/2-,1869.28,0.17,1579.08,(11/2- TO 15/2-),,,1,,0,1,0,1.90645,1579.08,1,,unknown,1,,1.39383,,,,0,0
193au,79,193,290.2,0.04,3.9,11/2-,1876.29,0.17,1586.09,(11/2- 13/2-),,,1,,0.00152958,0.99847,0,1.7224,1586.53,1.00028,,unknown,1,,1.40002,,,,0,0
193au,79,193,290.2,0.04,3.9,11/2-,1915.2,0.17,1625,(11/2- TO 15/2-),,,1,,1.11022e-16,1,0,1.62184,1625,1,,unknown,1,,1.43436,,,,0,0
193au,79,193,290.2,0.04,3.9,11/2-,1930.03,0.06,1639.83,11/2- 13/2-,,,1,,0.00130804,0.998692,0,1.82922,1640.21,1.00023,,unknown,1,,1.44745,,,,0,0
193au,79,193,290.2,0.04,3.9,11/2-,1939.2,0.11,1649,(11/2 13/2)-,,,1,,0.000295388,0.999705,0,1.71367,1649.09,1.00005,,unknown,1,,1.45555,,,,0,0
193au,79,193,290.2,0.04,3.9,11/2-,2012.2,0.17,1722,(13/2- 15/2-),,,1,,2.22045e-16,1,0,2.16977,1722,1,,unknown,1,,1.51998,,,,0,0
193au,79,193,290.2,0.04,3.9,11/2-,2125.37,0.19,1835.17,(11/2-),,,0,M1,0.294874,0.705126,0,2.42752,1920.74,1.04663,0.227815,Weisskopf M1,1,519.916,1.61988,301.51,1.36627e+21,0.0273254,0,0
193au,79,193,290.2,0.04,3.9,11/2-,2157.63,0.16,1867.43,(11/2-),,,0,M1,0.158107,0.841893,0,2.49219,1913.31,1.02457,0.240042,Weisskopf M1,1,529.055,1.64835,301.51,1.33081e+21,0.0266163,0,0
193au,79,193,290.2,0.04,3.9,11/2-,2159.03,0.09,1868.83,(11/2- TO 15/2-),,,1,,0.000556751,0.999443,0,1.89417,1868.99,1.00009,,unknown,1,,1.64959,,,,0,0
193au,79,193,290.2,0.04,3.9,11/2-,2196.88,0.2,1906.68,(11/2- 13/2 15/2-),,,1,,0.000144548,0.999855,0,2.00321,1906.72,1.00002,,unknown,1,,1.683,,,,0,0
193au,79,193,290.2,0.04,3.9,11/2-,2201.73,0.09,1911.53,(11/2-),,,0,M1,0.000916577,0.999083,0,2.16618,1911.8,1.00014,0.257453,Weisskopf M1,1,541.549,1.68728,301.51,1.5311e+21,0.030622,0,0
193au,79,193,290.2,0.04,3.9,11/2-,2205.94,0.22,1915.74,(11/2-),,,1,M1,0.00376826,0.996232,0,1.16016,1916.83,1.00057,0.259157,Weisskopf M1,1,542.742,1.69099,301.51,2.85878e+21,0.0571756,0,0
193au,79,193,290.2,0.04,3.9,11/2-,2215.2,0.17,1925,(13/2- 15/2-),,,1,,0,1,0,1.75957,1925,1,,unknown,1,,1.69917,,,,0,0
193au,79,193,290.2,0.04,3.9,11/2-,2279.39,0.17,1989.19,(11/2-),,,1,M1,0.317707,0.682293,0,2.47162,2081.39,1.04635,0.290123,Weisskopf M1,1,563.551,1.75583,301.51,1.34189e+21,0.0268377,0,0
193au,79,193,290.2,0.04,3.9,11/2-,2285.28,0.16,1995.08,(11/2+),,,0,E1,1,0,0,2.52987,2285.28,1.14546,17.4563,Weisskopf E1,1,33708.1,1.76103,17981.2,2.19828e+19,0.000439656,0,0
193au,79,193,290.2,0.04,3.9,11/2-,2291.01,0.16,2000.81,(11/2+),,,0,E1,0.807637,0.192363,0,2.64605,2235.19,1.11714,17.6071,Weisskopf E1,1,33804.9,1.76608,17981.2,2.10177e+19,0.000420353,0,0
195au,79,195,318.58,0.04,30.5,11/2-,525.64,0.05,207.06,7/2-,,,1,E2,0,1,0,0.750188,207.06,1,2.06799e-08,Weisskopf E2,0.666667,0.00247154,0.181829,0.012769,1.04394e+26,2087.87,0,0
195au,79,195,318.58,0.04,30.5,11/2-,549.38,0.09,230.8,(7/2)+,,,0,M2,1,0,0,1.10427,549.38,2.38033,5.07344e-10,Weisskopf M2,0.666667,4.88026e-05,0.202676,0.000226199,4.00345e+27,80068.9,0,0
195au,79,195,318.58,0.04,30.5,11/2-,706.48,0.06,387.9,15/2-,,,1,E2,0,1,0,0.952925,387.9,1,4.77163e-07,Weisskopf E2,1.33333,0.0324989,0.340633,0.0896258,1.17087e+25,234.174,0,0
195au,79,195,318.58,0.04,30.5,11/2-,818.52,0.19,499.94,(9/2+),,,0,E1,1,0,0,1.70912,818.52,1.63724,0.276573,Weisskopf E1,0.833333,7087.53,0.439021,15165.6,3.85804e+19,0.000771607,0,0
195au,79,195,318.58,0.04,30.5,11/2-,878.85,0.05,560.27,13/2-,,,1,M1,0,1,0,0.948236,560.27,1,0.00648255,Weisskopf M1,1.16667,185.183,0.491999,353.58,2.98261e+21,0.0596522,0,0
195au,79,195,318.58,0.04,30.5,11/2-,894.15,0.05,575.57,9/2-,,,1,M1,0,1,0,1.35935,575.57,1,0.00702827,Weisskopf M1,0.833333,135.886,0.505435,252.557,2.9128e+21,0.0582561,0,0
195au,79,195,318.58,0.04,30.5,11/2-,946.82,0.16,628.24,,,,1,,0,1,0,1,628.24,1,,unknown,1,,0.551687,,,,0,0
195au,79,195,318.58,0.04,30.5,11/2-,955.08,0.15,636.5,(9/2+),,,0,E1,1,0,0,1.69705,955.08,1.50052,0.570756,Weisskopf E1,0.833333,9023.51,0.55894,15165.6,3.88548e+19,0.000777096,0,0
195au,79,195,318.58,0.04,30.5,11/2-,1068,0.11,749.42,9/2-,,,1,M1,0.387672,0.612328,0,1.57661,872.925,1.1648,0.0155142,Weisskopf M1,0.833333,176.93,0.658101,252.557,2.5114e+21,0.050228,0,0
195au,79,195,318.58,0.04,30.5,11/2-,1280.51,0.07,961.93,11/2-,,,1,M1,0.0067456,0.993254,0,1.7358,964.079,1.00223,0.0328083,Weisskopf M1,1,272.521,0.844716,303.068,1.9009e+21,0.038018,0,0
195au,79,195,318.58,0.04,30.5,11/2-,1346.19,0.06,1027.61,11/2-,,,1,M1,1.11022e-16,1,0,1.84355,1027.61,1,0.039998,Weisskopf M1,1,291.129,0.902392,303.068,1.7898e+21,0.035796,0,0
195au,79,195,318.58,0.04,30.5,11/2-,1396.63,0.14,1078.05,(11/2+),,,0,E1,1,0,0,2.50282,1396.63,1.29552,2.77314,Weisskopf E1,1,18339.9,0.946686,18198.8,2.19548e+19,0.000439095,0,0
195au,79,195,318.58,0.04,30.5,11/2-,1404.6,0.06,1086.02,13/2- 15/2-,,,1,,0,1,0,1.81808,1086.02,1,,unknown,1,,0.953685,,,,0,0
195au,79,195,318.58,0.04,30.5,11/2-,1490.2,0.7,1171.62,(13/2+),,,0,E1,1,0,0,2.70912,1490.2,1.27191,3.55972,Weisskopf E1,1.16667,23253.7,1.02885,21231.9,1.73853e+19,0.000347706,0,0
195au,79,195,318.58,0.04,30.5,11/2-,1559.59,0.06,1241.01,13/2-,,,1,M1,0.000948715,0.999051,0,1.58662,1241.31,1.00024,0.0704498,Weisskopf M1,1.16667,410.184,1.08979,353.58,1.78254e+21,0.0356508,0,0
195au,79,195,318.58,0.04,30.5,11/2-,1605.57,0.14,1286.99,11/2- 13/2- 15/2-,,,1,,0.000475939,0.999524,0,1.93726,1287.14,1.00012,,unknown,1,,1.13017,,,,0,0
196au,79,196,84.656,0.02,8.1,5+,212.8,0.04,128.144,4-,1.79e-09,,0,E1,0.984102,0,0.0158979,0.7373,209.417,1.63423,0.00467338,Weisskopf E1,0.818182,1789.73,0.112242,14979,9.05466e+19,0.00181093,0,0
196au,79,196,84.656,0.02,8.1,5+,232.47,0.03,147.814,7+,1.65e-09,,1,E2,0,1,0,0.474608,147.814,1,2.76508e-07,measured,1.36364,0.132641,0.129471,0.962402,2.18931e+24,43.7863,0,0
196au,79,196,84.656,0.02,8.1,5+,234.53,0.04,149.874,3-,2e-10,LE,0,M2,0.876282,0,0.123718,0.630838,205.514,1.37125,5.87809e-11,Weisskopf M2,0.636364,1.27995e-05,0.131275,9.15925e-05,1.7307e+28,346141,0,0
196au,79,196,84.656,0.02,8.1,5+,348.38,0.06,263.724,5+ 6+,,,1,,0,1,0,1,263.724,1,,unknown,1,,0.230997,,,,0,0
196au,79,196,84.656,0.02,8.1,5+,370.14,0.03,285.484,6+ 7+,3e-08,LT,1,,0,1,0,0.811541,285.484,1,,unknown,1,,0.250056,,,,0,0
196au,79,196,84.656,0.02,8.1,5+,375.61,0.04,290.954,3-,,,0,M2,0.955313,0,0.044687,1.05405,358.825,1.23327,1.62079e-09,Weisskopf M2,0.636364,9.36453e-05,0.254848,0.000345188,2.74843e+27,54968.6,0,0
196au,79,196,84.656,0.02,8.1,5+,388.22,0.04,303.564,3+,,,1,E2,0.0537908,0.946074,0.000135365,1.00628,308.077,1.01487,1.4102e-07,Weisskopf E2,0.636364,0.00748496,0.265893,0.0264444,3.75793e+25,751.586,0,0
196au,79,196,84.656,0.02,8.1,5+,400.84,0.03,316.184,6+,3e-08,LT,1,M1,0,1,0,0.853272,316.184,1,0.00116513,Weisskopf M1,1.18182,105.864,0.276947,359.089,3.26371e+21,0.0652741,0,0
196au,79,196,84.656,0.02,8.1,5+,423.65,0.05,338.994,4+ 5+,,,1,,0,1,0,1,338.994,1,,unknown,1,,0.296926,,,,0,0
196au,79,196,84.656,0.02,8.1,5+,467.11,0.05,382.454,3+ 4+,,,1,,0.0268954,0.973037,6.76827e-05,1.50314,384.705,1.00589,,unknown,1,,0.334993,,,,0,0
196au,79,196,84.656,0.02,8.1,5+,490.21,0.04,405.554,3-,,,0,M2,0.714371,0,0.285629,1.26734,350.192,0.86349,8.52802e-09,Weisskopf M2,0.636364,0.000253606,0.355226,0.000670663,1.17653e+27,23530.6,0,0
196au,79,196,84.656,0.02,8.1,5+,499.74,0.11,415.084,5+,,,0,M1,0,1,0,1.85327,415.084,1,0.0026361,Weisskopf M1,1,117.596,0.363574,303.844,1.77586e+21,0.0355173,0,0
196au,79,196,84.656,0.02,8.1,5+,502.79,0.08,418.134,5+,,,0,M1,0,1,0,1.83241,418.134,1,0.00269464,Weisskopf M1,1,118.46,0.366245,303.844,1.79609e+21,0.0359217,0,0
196au,79,196,84.656,0.02,8.1,5+,518.03,0.05,433.374,4+ 5+,,,1,,0.0134477,0.986518,3.38414e-05,1.75157,434.498,1.00259,,unknown,1,,0.379594,,,,0,0
196au,79,196,84.656,0.02,8.1,5+,520.5,0.06,435.844,3-,,,0,M2,0.668451,0,0.331549,1.95615,347.929,0.798288,1.22253e-08,Weisskopf M2,0.636364,0.000314779,0.381757,0.000774585,6.59976e+26,13199.5,0,0
196au,79,196,84.656,0.02,8.1,5+,571.4,0.06,486.744,(4-),,,0,E1,0.945387,0,0.0546126,1.57946,540.194,1.10981,0.256117,Weisskopf E1,0.818182,6798.14,0.426341,14979,4.22676e+19,0.000845352,0,0
196au,79,196,84.656,0.02,8.1,5+,657.87,0.11,573.214,(5+),,,0,M1,0,1,0,1.47461,573.214,1,0.00694231,Weisskopf M1,1,162.395,0.50208,303.844,2.23189e+21,0.0446377,0,0
196au,79,196,84.656,0.02,8.1,5+,662.55,0.11,577.894,3-,,,0,M2,0,1,0,2,577.894,1,5.01009e-08,Weisskopf M2,0.636364,0.000733766,0.506179,0.00136177,3.67169e+26,7343.39,0,0
196au,79,196,84.656,0.02,8.1,5+,668.73,0.04,584.074,3-,,,0,M2,0.607534,0,0.392466,1.88414,406.276,0.69559,5.28377e-08,Weisskopf M2,0.636364,0.000757559,0.511593,0.00139105,3.81543e+26,7630.87,0,0
196au,79,196,84.656,0.02,8.1,5+,680.46,0.05,595.804,4-,,,0,E1,0.764007,0,0.235993,1.85695,519.876,0.872562,0.469728,Weisskopf E1,0.818182,8321.33,0.521867,14979,3.59515e+19,0.00071903,0,0
196au,79,196,84.656,0.02,8.1,5+,704.37,0.11,619.714,3+,,,0,E2,0,1,0,1.66394,619.714,1,5.00019e-06,Weisskopf E2,0.636364,0.0636814,0.54281,0.110209,5.45315e+24,109.063,0,0
196au,79,196,84.656,0.02,8.1,5+,720.68,0.08,636.024,(5+),,,0,M1,0.0268954,0.973037,6.76827e-05,2.00314,638.258,1.00351,0.00948362,Weisskopf M1,1,180.19,0.557096,303.844,1.643e+21,0.03286,0,0
196au,79,196,84.656,0.02,8.1,5+,799.54,0.05,714.884,4-,,,0,E1,0.774524,0,0.225476,2.19235,619.263,0.866243,0.811415,Weisskopf E1,0.818182,9984.47,0.626169,14979,3.04514e+19,0.000609028,0,0
196au,79,196,84.656,0.02,8.1,5+,881.68,0.08,797.024,3-,,,0,M2,0.542155,0,0.457845,1.76519,478.008,0.59974,2.50012e-07,Weisskopf M2,0.636364,0.00192498,0.698116,0.0025903,2.18706e+26,4374.11,0,0
196au,79,196,84.656,0.02,8.1,5+,893.22,0.08,808.564,3-,,,0,M2,0.373687,0,0.626313,1.82509,333.785,0.412812,2.68644e-07,Weisskopf M2,0.636364,0.00200982,0.708224,0.00266585,2.05532e+26,4110.65,0,0
196au,79,196,84.656,0.02,8.1,5+,990.91,0.11,906.254,3-,,,0,M2,0.969708,0,0.0302924,1.89567,960.893,1.06029,4.75176e-07,Weisskopf M2,0.636364,0.00282985,0.793791,0.00334894,1.57518e+26,3150.36,0,0
196au,79,196,84.656,0.02,8.1,5+,1121.46,0.11,1036.8,3-,,,0,M2,0.975779,0,0.0242215,1.37024,1094.3,1.05545,9.31296e-07,Weisskopf M2,0.636364,0.00423743,0.90814,0.00438329,1.66495e+26,3329.91,0,0
196au,79,196,84.656,0.02,8.1,5+,1166.3,0.9,1081.64,3-,,,0,M2,0,0,1,0,0,0,1.15087e-06,Weisskopf M2,0.636364,0.00481134,0.947416,0.00477063,,,0,0
196au,79,196,84.656,0.02,8.1,5+,1188.81,0.11,1104.15,3-,,,0,M2,0.0268954,0.973037,6.76827e-05,2.50314,1106.36,1.00199,1.27571e-06,Weisskopf M2,0.636364,0.00511802,0.967132,0.00497126,8.03616e+25,1607.23,0,0
196au,79,196,84.656,0.02,8.1,5+,1223.2,1,1138.54,3-,,,0,M2,0,0,1,0,0,0,1.48715e-06,Weisskopf M2,0.636364,0.00561129,0.997255,0.00528575,,,0,0
196au,79,196,84.656,0.02,8.1,5+,1236.6,1.1,1151.94,3-,,,0,M2,0,0,1,0,0,0,1.57674e-06,Weisskopf M2,0.636364,0.00581175,1.00899,0.0054109,,,0,0
196au,79,196,84.656,0.02,8.1,5+,1270.2,1.1,1185.54,3-,,,0,M2,0,0,1,0,0,0,1.82051e-06,Weisskopf M2,0.636364,0.00633528,1.03842,0.00573116,,,0,0
197au,79,197,409.15,0.08,7.73,11/2-,547.5,0.3,138.35,7/2+,4.61e-12,,0,M2,1,0,0,1.01312,547.5,3.95735,3.95343e-11,Weisskopf M2,0.666667,1.05834e-05,0.120873,8.22522e-05,1.20003e+28,240006,0,0
197au,79,197,409.15,0.08,7.73,11/2-,736.7,0.3,327.55,7/2+,1.09e-12,,0,M2,1,0,0,1.63147,736.7,2.24912,2.9408e-09,Weisskopf M2,0.666667,0.00014045,0.286173,0.000461046,1.32946e+27,26589.2,0,0
197au,79,197,409.15,0.08,7.73,11/2-,855.5,0.4,446.35,9/2+,2.67e-12,,0,E1,1,0,0,1.7196,855.5,1.91666,0.198169,Weisskopf E1,0.833333,6370.99,0.389966,15347.3,3.78914e+19,0.000757828,0,0
197au,79,197,409.15,0.08,7.73,11/2-,1120,10,710.85,,,,1,,0.5,0.5,0,1,915.425,1.28779,,unknown,1,,0.621054,,,,0,0
197au,79,197,409.15,0.08,7.73,11/2-,1220.1,0.7,810.95,,,,1,,0.5,0.5,0,1,1015.52,1.25227,,unknown,1,,0.708509,,,,0,0
197au,79,197,409.15,0.08,7.73,11/2-,1231,0.8,821.85,11/2+,9.1e-13,,0,E1,1,0,0,2.07227,1231,1.49784,1.23705,Weisskopf E1,1,14076.8,0.718032,18416.7,2.62024e+19,0.000524048,0,0
205au,79,205,907,5,6,(11/2-),1643.93,0.24,736.93,(11/2-),,,1,M1,0,1,0,1,736.93,1,0.0147514,Weisskopf M1,1,208.777,0.631152,310.742,3.2181e+21,0.0643621,0,0
205au,79,205,907,5,6,(11/2-),1853.06,0.25,946.06,(15/2-),,,1,E2,0,1,0,1,946.06,1,4.4017e-05,Weisskopf E2,1.33333,0.503993,0.810263,0.584318,1.7114e+24,34.2279,0,0
205au,79,205,907,5,6,(11/2-),1887.22,0.24,980.22,(13/2-),,,1,M1,0,1,0,1.15254,980.22,1,0.0347156,Weisskopf M1,1.16667,323.987,0.83952,362.532,2.3933e+21,0.0478659,0,0
205au,79,205,907,5,6,(11/2-),2815.51,0.25,1908.51,(15/2+),,,0,M2,0,1,0,2.02264,1908.51,1,2.02803e-05,Weisskopf M2,1.33333,0.0570595,1.63456,0.0327927,1.50767e+25,301.534,0,0
191hg,80,191,128,8,3048,13/2(+),343.96,0.17,215.96,(9/2)+,,,1,E2,0,1,0,0.76864,215.96,1,2.48275e-08,Weisskopf E2,0.714286,0.00292255,0.19162,0.0143275,9.08043e+25,1816.09,0,0
191hg,80,191,128,8,3048,13/2(+),393.03,0.17,265.03,(11/2)+,,,1,M1,0,1,0,0.776255,265.03,1,0.000686181,Weisskopf M1,0.857143,64.3584,0.23516,257.095,5.01075e+21,0.100215,0,0
191hg,80,191,128,8,3048,13/2(+),518.5,0.3,390.5,17/2(+),,,1,E2,0,1,0,0.951837,390.5,1,4.79923e-07,Weisskopf E2,1.28571,0.0311012,0.346488,0.0843216,1.24594e+25,249.189,0,0
191hg,80,191,128,8,3048,13/2(+),632.3,0.4,504.3,(9/2-),,,0,M2,1,0,0,1.06382,632.3,1.25382,2.49211e-08,Weisskopf M2,0.714286,0.000537978,0.447462,0.00112943,8.3229e+26,16645.8,0,0
191hg,80,191,128,8,3048,13/2(+),659.1,0.4,531.1,(9/2-),,,0,M2,1,0,0,1.40241,659.1,1.24101,3.22853e-08,Weisskopf M2,0.714286,0.000628386,0.471242,0.00125266,5.69234e+26,11384.7,0,0
191hg,80,191,128,8,3048,13/2(+),663.26,0.23,535.26,(15/2+),,,1,M1,0,1,0,0.929714,535.26,1,0.0056526,Weisskopf M1,1.14286,173.306,0.474933,342.793,3.13776e+21,0.0627551,0,0
191hg,80,191,128,8,3048,13/2(+),870.7,0.3,742.7,(13/2)+,,,1,M1,0,1,0,1.40677,742.7,1,0.0151006,Weisskopf M1,1,210.412,0.658993,299.944,2.36994e+21,0.0473988,0,0
191hg,80,191,128,8,3048,13/2(+),889.1,0.4,761.1,(11/2)+,,,1,M1,0,1,0,1.6001,761.1,1,0.016251,Weisskopf M1,0.857143,184.821,0.67532,257.095,2.43085e+21,0.0486171,0,0
191hg,80,191,128,8,3048,13/2(+),952.1,0.4,824.1,(9/2-),,,0,M2,1,0,0,1.88129,952.1,1.15532,2.90417e-07,Weisskopf M2,0.714286,0.00234767,0.731219,0.00301606,1.76239e+26,3524.79,0,0
191hg,80,191,128,8,3048,13/2(+),1016.2,0.5,888.2,(11/2-),,,0,E1,1,0,0,1.93909,1016.2,1.14411,1.52963,Weisskopf E1,0.857143,12773.8,0.788095,15226.3,3.38694e+19,0.000677388,0,0
191hg,80,191,128,8,3048,13/2(+),1028,0.4,900,(11/2 13/2)+,,,1,,0,1,0,1.50316,900,1,,unknown,1,,0.798565,,,,0,0
191hg,80,191,128,8,3048,13/2(+),1261.3,0.5,1133.3,11/2+ 9/2+,,,1,,0,1,0,1.604,1133.3,1,,unknown,1,,1.00557,,,,0,0
191hg,80,191,128,8,3048,13/2(+),1446.5,0.8,1318.5,,,,1,,0,1,0,1.43922,1318.5,1,,unknown,1,,1.1699,,,,0,0
191hg,80,191,128,8,3048,13/2(+),2457,0.8,2329,,,,1,,0,1,0,1.50574,2329,1,,unknown,1,,2.06651,,,,0,0
191hg,80,191,128,8,3048,13/2(+),2486.8,0.8,2358.8,,,,1,,0,1,0,1.77722,2358.8,1,,unknown,1,,2.09295,,,,0,0
191hg,80,191,128,8,3048,13/2(+),2489.6,0.8,2361.6,,,,1,,1.11022e-16,1,0,1.44323,2361.6,1,,unknown,1,,2.09543,,,,0,0
193hg,80,193,140.76,0.05,42480,13/2(+),522.73,0.19,381.97,(17/2+),,,1,E2,0,1,0,0.949127,381.97,1,4.35757e-07,Weisskopf E2,1.28571,0.0295144,0.337159,0.0822336,1.28123e+25,256.246,0,0
193hg,80,193,140.76,0.05,42480,13/2(+),746.8,0.4,606.04,(15/2+),,,1,M1,0,1,0,0.965251,606.04,1,0.0082046,Weisskopf M1,1.14286,196.223,0.534942,344.583,3.00653e+21,0.0601307,0,0
193hg,80,193,140.76,0.05,42480,13/2(+),1026.4,0.6,885.64,(13/2+ 15/2+),,,1,,0,1,0,1,885.64,1,,unknown,1,,0.781741,,,,0,0
195hg,80,195,176.07,0.04,149760,13/2+,373.17,0.11,197.1,(9/2+),,,1,E2,0,1,0,0.708717,197.1,1,1.61622e-08,Weisskopf E2,0.714286,0.00228404,0.173083,0.0123965,1.13822e+26,2276.45,0,0
195hg,80,195,176.07,0.04,149760,13/2+,547.06,0.11,370.99,17/2+,,,1,E2,0,1,0,0.94509,370.99,1,3.81838e-07,Weisskopf E2,1.28571,0.0274159,0.325784,0.0790539,1.33845e+25,267.691,0,0
195hg,80,195,176.07,0.04,149760,13/2+,848.38,0.24,672.31,(15/2+),,,1,M1,0,1,0,1.93573,672.31,1,0.0112011,Weisskopf M1,1.14286,217.68,0.590387,346.364,1.4915e+21,0.0298299,0,0
197hg,80,197,298.93,0.08,85752,13/2+,477.72,0.13,178.79,9/2+ 11/2+ 13/2+,,,1,,0,1,0,1,178.79,1,,unknown,1,,0.156205,,,,0,0
197hg,80,197,298.93,0.08,85752,13/2+,652.7,0.3,353.77,17/2+,,,1,E2,0,1,0,0.937207,353.77,1,3.05198e-07,Weisskopf E2,1.28571,0.0240984,0.309081,0.0732429,1.4568e+25,291.359,0,0
197hg,80,197,298.93,0.08,85752,13/2+,715.36,0.11,416.43,9/2-,,,0,M2,1,0,0,1.34765,715.36,1.71784,9.7676e-09,Weisskopf M2,0.714286,0.000309228,0.363826,0.000798429,9.29362e+26,18587.2,0,0
197hg,80,197,298.93,0.08,85752,13/2+,829.07,0.16,530.14,11/2+,,,1,M1,0,1,0,1.36156,530.14,1,0.00549194,Weisskopf M1,0.857143,128.736,0.463171,261.101,2.8129e+21,0.056258,0,0
197hg,80,197,298.93,0.08,85752,13/2+,1026.24,0.2,727.31,15/2+,,,1,M1,0,1,0,1.19254,727.31,1,0.0141812,Weisskopf M1,1.14286,235.488,0.635434,348.135,2.40869e+21,0.0481738,0,0
197hg,80,197,298.93,0.08,85752,13/2+,1174.95,0.18,876.02,(13/2+),,,1,M1,0,1,0,1.6681,876.02,1,0.0247797,Weisskopf M1,1,248.182,0.765359,304.618,1.96798e+21,0.0393597,0,0
197hg,80,197,298.93,0.08,85752,13/2+,1381.66,0.23,1082.73,13/2-,,,0,E1,1,0,0,2.33385,1381.66,1.27609,2.82859,Weisskopf E1,1,18545.3,0.945957,18416.7,2.32657e+19,0.000465313,0,0
197hg,80,197,298.93,0.08,85752,13/2+,1702.2,0.4,1403.27,(17/2)+,,,1,E2,0,1,0,2.15898,1403.27,1,0.000299698,Weisskopf E2,1.28571,1.504,1.22601,1.15241,4.01925e+23,8.0385,0,0
199hg,80,199,532.48,0.1,2560.2,13/2+,823.88,0.23,291.4,(17/2+),,,1,E2,0,1,0,0.895255,291.4,1,1.17293e-07,Weisskopf E2,1.28571,0.0136503,0.253307,0.0506227,2.20652e+25,441.304,0,0
199hg,80,199,532.48,0.1,2560.2,13/2+,1274.1,0.4,741.62,(15/2+),,,1,M1,0,1,0,0.980392,741.62,1,0.0150348,Weisskopf M1,1.14286,240.121,0.644673,349.898,2.91514e+21,0.0583027,0,0
185tl,81,185,454.8,1.5,1.93,(9/2-),578,15,123.2,(11/2-),,,0,M1,0,0,1,0,0,0,6.89265e-05,Weisskopf M1,1.2,41.8841,0.111073,354.234,,,0,0
185tl,81,185,454.8,1.5,1.93,(9/2-),770.6,1.5,315.8,(9/2-),,,1,M1,0,1,0,0.813008,315.8,1,0.00116089,Weisskopf M1,1,89.4682,0.284715,295.195,4.16674e+21,0.0833348,0,0
185tl,81,185,454.8,1.5,1.93,(9/2-),862.2,1.5,407.4,(11/2-),,,1,M1,0,1,0,0.848896,407.4,1,0.00249239,Weisskopf M1,1.2,138.503,0.367299,354.234,3.32549e+21,0.0665097,0,0
185tl,81,185,454.8,1.5,1.93,(9/2-),983.3,1.5,528.5,(13/2-),,,0,E2,0,1,0,1.56151,528.5,1,2.08838e-06,Weisskopf E2,1.4,0.0804545,0.476479,0.15862,4.03736e+24,80.7472,0,0
185tl,81,185,454.8,1.5,1.93,(9/2-),1004.5,1.5,549.7,(13/2+),8.32e-09,,1,M2,1.11022e-16,1,0,1.61393,549.7,1,5.16894e-09,measured,1.4,0.000184069,0.495592,0.000348905,1.77586e+27,35517.2,0,0
185tl,81,185,454.8,1.5,1.93,(9/2-),1011.8,1.5,557,,,,1,,0,1,0,1,557,1,,unknown,1,,0.502173,,,,0,0
187tl,81,187,334,4,15.6,(9/2-),677.8,0.2,343.8,(GE5/2),,,1,,0,1,0,1,343.8,1,,unknown,1,,0.308297,,,,0,0
187tl,81,187,334,4,15.6,(9/2-),728.1,0.08,394.1,(11/2-),,,1,M1,0,1,0,0.855725,394.1,1,0.00225618,Weisskopf M1,1.2,133.981,0.353403,356.144,3.28126e+21,0.0656252,0,0
187tl,81,187,334,4,15.6,(9/2-),747.87,0.25,413.87,(5/2+),,,0,M2,1,0,0,1.45476,747.87,1.80702,9.14776e-09,Weisskopf M2,0.6,0.000246287,0.371131,0.000623396,1.10267e+27,22053.4,0,0
187tl,81,187,334,4,15.6,(9/2-),950.9,0.2,616.9,(11/2-),,,1,M1,0,1,0,1,616.9,1,0.00865363,Weisskopf M1,1.2,209.726,0.553195,356.144,2.80786e+21,0.0561571,0,0
187tl,81,187,334,4,15.6,(9/2-),996.34,0.08,662.34,(13/2-),2e-12,,1,E2,0,1,0,1.1184,662.34,1,0.000193266,measured,1.4,4.74051,0.593943,7.49775,1.19254e+23,2.38507,0,0
187tl,81,187,334,4,15.6,(9/2-),1059.65,0.13,725.65,(13/2+),6.9e-10,,1,M2,0,1,0,1.80198,725.65,1,2.26171e-08,measured,1.4,0.000462182,0.650715,0.000667226,8.31721e+26,16634.4,0,0
187tl,81,187,334,4,15.6,(9/2-),1260.8,0.3,926.8,(13/2-),,,0,E2,0,1,0,2,926.8,1,3.51351e-05,Weisskopf E2,1.4,0.440149,0.831093,0.497509,1.00501e+24,20.1001,0,0
191tl,81,191,297,7,313.2,9/2(-),684.21,0.14,387.21,(11/2-),,,1,M1,0,1,0,1,387.21,1,0.0021399,Weisskopf M1,1.2,131.639,0.343569,359.932,2.7783e+21,0.055566,0,0
191tl,81,191,297,7,313.2,9/2(-),745.3,0.3,448.3,(5/2+),,,0,M2,1,0,0,2,745.3,1.6625,1.38346e-08,Weisskopf M2,0.6,0.000317456,0.397774,0.000749717,6.66918e+26,13338.4,0,0
191tl,81,191,297,7,313.2,9/2(-),857.7,0.17,560.7,(7/2-),,,1,M1,0,1,0,1,560.7,1,0.00649749,Weisskopf M1,0.8,127.08,0.497506,239.955,4.16745e+21,0.083349,0,0
191tl,81,191,297,7,313.2,9/2(-),1009.29,0.16,712.29,(13/2-),,,1,E2,0,1,0,1.37107,712.29,1,9.6906e-06,Weisskopf E2,1.4,0.205527,0.632011,0.305488,2.38752e+24,47.7503,0,0
191tl,81,191,297,7,313.2,9/2(-),1170.8,0.17,873.8,(9/2-),,,1,M1,0,1,0,1.25926,873.8,1,0.0245918,Weisskopf M1,1,247.553,0.775318,299.944,2.64756e+21,0.0529511,0,0
191tl,81,191,297,7,313.2,9/2(-),1216.6,0.3,919.6,(7/2+),,,0,E1,1,0,0,2.4012,1216.6,1.32297,1.69766,Weisskopf E1,0.8,12343.7,0.815956,14211.2,2.9305e+19,0.0005861,0,0
191tl,81,191,297,7,313.2,9/2(-),1297.54,0.21,1000.54,(13/2+),,,0,M2,0,1,0,2.18553,1000.54,1,7.66117e-07,Weisskopf M2,1.4,0.00823488,0.887773,0.00871376,5.25094e+25,1050.19,0,0
191tl,81,191,297,7,313.2,9/2(-),1390.11,0.16,1093.11,(13/2-),,,1,E2,0,1,0,1.51546,1093.11,1,8.24871e-05,Weisskopf E2,1.4,0.742829,0.96991,0.719462,9.17162e+23,18.3432,0,0
194tl,81,194,260,14,1968,(7+),553,0.1,293,(8-),,,1,E1,0,1,0,0.970591,293,1,0.0554843,Weisskopf E1,1.13333,5629.83,0.257959,20501.9,5.02538e+19,0.00100508,0,0
194tl,81,194,260,14,1968,(7+),598.4,0.4,338.4,(9-),,,0,M2,0,1,0,1.03011,338.4,1,3.426e-09,Weisskopf M2,1.26667,0.000291267,0.29793,0.000918392,1.05703e+27,21140.5,0,0
195tl,81,195,482.63,0.17,3.6,9/2-,777.55,0.17,294.92,(5/2+),,,0,M2,1,0,0,1.5362,777.55,2.63648,1.7284e-09,Weisskopf M2,0.6,9.16411e-05,0.258983,0.000332407,1.95832e+27,39166.4,0,0
195tl,81,195,482.63,0.17,3.6,9/2-,876.69,0.19,394.06,11/2-,,,1,M1,0,1,0,0.856898,394.06,1,0.00225549,Weisskopf M1,1.2,133.968,0.346042,363.682,3.20885e+21,0.064177,0,0
195tl,81,195,482.63,0.17,3.6,9/2-,1173.79,0.2,691.16,9/2- 11/2-,,,1,,0,1,0,0.959141,691.16,1,,unknown,1,,0.60694,,,,0,0
195tl,81,195,482.63,0.17,3.6,9/2-,1190.12,0.19,707.49,13/2-,,,1,E2,0,1,0,1.23512,707.49,1,9.63096e-06,Weisskopf E2,1.4,0.207043,0.62128,0.313057,2.58623e+24,51.7247,0,0
195tl,81,195,482.63,0.17,3.6,9/2-,1360.95,0.22,878.32,11/2-,,,1,M1,0,1,0,0.984252,878.32,1,0.0249754,Weisskopf M1,1.2,298.601,0.771294,363.682,2.79365e+21,0.055873,0,0
195tl,81,195,482.63,0.17,3.6,9/2-,1410.68,0.2,928.05,11/2- 13/2-,,,1,,0,1,0,1.25268,928.05,1,,unknown,1,,0.814964,,,,0,0
195tl,81,195,482.63,0.17,3.6,9/2-,1484.04,0.21,1001.41,13/2-,,,1,E2,0,1,0,1.88728,1001.41,1,5.47177e-05,Weisskopf E2,1.4,0.587131,0.879385,0.627201,8.44807e+23,16.8961,0,0
195tl,81,195,482.63,0.17,3.6,9/2-,1616.42,0.21,1133.79,9/2- 11/2- 13/2-,,,1,,-2.22045e-16,1,0,1.52237,1133.79,1,,unknown,1,,0.995634,,,,0,0
195tl,81,195,482.63,0.17,3.6,9/2-,1725.26,0.23,1242.63,(13/2)+,,,1,M2,0,1,0,1.76679,1242.63,1,2.29526e-06,Weisskopf M2,1.4,0.0159948,1.09121,0.0137696,4.11048e+25,822.096,0,0
195tl,81,195,482.63,0.17,3.6,9/2-,1944.61,0.21,1461.98,13/2-,,,0,E2,0,1,0,1.99915,1461.98,1,0.00036289,Weisskopf E2,1.4,1.82694,1.28383,1.3368,3.74188e+23,7.48375,0,0
196tl,81,196,394.2,0.5,5076,(7+),638.1,0.6,243.9,,2.5e-09,,1,,0,1,0,1,243.9,1,1.82495e-07,measured,1,0.0235793,0.213633,0.103684,9.64466e+24,192.893,0,0
196tl,81,196,394.2,0.5,5076,(7+),738.1,0.6,343.9,(8-),2.13e-08,,1,E1,0,1,0,0.962464,343.9,1,2.14196e-08,measured,1.13333,0.00157764,0.301223,0.00492006,2.11176e+26,4223.53,0,0
198tl,81,198,543.6,0.4,6732,7+,674.3,0.4,130.7,(6 8)+,,,1,,0,1,0,0.2,130.7,1,,unknown,1,,0.113901,,,,0,0
198tl,81,198,543.6,0.4,6732,7+,742.4,0.4,198.8,(10-),0.0321,,1,E3,0,1,0,0.206186,198.8,1,1.4213e-14,measured,1.4,3.86976e-09,0.173248,2.0983e-08,2.3114e+32,4.6228e+09,0,0
198tl,81,198,543.6,0.4,6732,7+,934.5,0.4,390.9,8-,1.23e-08,,1,E1,0,1,0,0.983865,390.9,1,3.70925e-08,measured,1.13333,0.00211454,0.340657,0.00583107,1.74308e+26,3486.15,0,0
198tl,81,198,543.6,0.4,6732,7+,966.2,0.4,422.6,(6 8)+,,,1,,0,1,0,1.41648,422.6,1,,unknown,1,,0.368283,,,,0,0
198tl,81,198,543.6,0.4,6732,7+,1000.6,0.4,457,(6 8)+,,,1,,0,1,0,0.984528,457,1,,unknown,1,,0.398261,,,,0,0
198tl,81,198,543.6,0.4,6732,7+,1006.4,0.5,462.8,9-,,,0,M2,0,1,0,1.1788,462.8,1,1.66154e-08,Weisskopf M2,1.26667,0.000755248,0.403316,0.00175912,4.82244e+26,9644.87,0,0
198tl,81,198,543.6,0.4,6732,7+,1189.7,0.4,646.1,(7 9)+,,,1,,0,1,0,1.22042,646.1,1,,unknown,1,,0.563056,,,,0,0
207tl,81,207,1348.18,0.16,1.33,11/2-,2911.83,0.23,1563.65,(7/2- 9/2),,,1,,0.0506029,0.949397,0,1.04071,1631.87,1.04363,,unknown,1,,1.33272,,,,0,0
207tl,81,207,1348.18,0.16,1.33,11/2-,2985.23,0.23,1637.05,(9/2)+,,,1,E1,0.106025,0.893975,0,1.0853,1779.99,1.08732,10.1049,Weisskopf E1,0.833333,24150.7,1.39528,16259.9,5.66672e+19,0.00113334,0,0
207tl,81,207,1348.18,0.16,1.33,11/2-,3104.43,0.23,1756.25,(9/2)+,,,1,E1,0.04257,0.95743,0,1.04374,1813.64,1.03268,12.4769,Weisskopf E1,0.833333,25909.2,1.49687,16259.9,5.89237e+19,0.00117847,0,0
207tl,81,207,1348.18,0.16,1.33,11/2-,3143.1,0.4,1794.92,(7/2- 9/2 11/2),,,1,,0.0522094,0.947791,0,1.70867,1865.31,1.03921,,unknown,1,,1.52983,,,,0,0
207tl,81,207,1348.18,0.16,1.33,11/2-,3295.5,0.3,1947.32,(7/2- 9/2),,,1,,0.0257753,0.974225,0,1.27718,1982.07,1.01784,,unknown,1,,1.65973,,,,0,0
207tl,81,207,1348.18,0.16,1.33,11/2-,3336.03,0.23,1987.85,(7/2- 9/2),,,1,,0.00870408,0.991296,0,1.03304,1999.58,1.0059,,unknown,1,,1.69427,,,,0,0
207tl,81,207,1348.18,0.16,1.33,11/2-,3357.7,0.4,2009.52,(7/2- 9/2 11/2),,,1,,0.020199,0.979801,0,1.43183,2036.75,1.01355,,unknown,1,,1.71274,,,,0,0
207tl,81,207,1348.18,0.16,1.33,11/2-,3474,6,2125.82,7/2+,,,0,M2,0,0,1,0,0,0,3.49983e-05,Weisskopf M2,0.666667,0.0396831,1.81186,0.0205745,,,0,0
207tl,81,207,1348.18,0.16,1.33,11/2-,3813.09,0.19,2464.91,,,,1,,0,1,0,1,2464.91,1,,unknown,1,,2.10088,,,,0,0
189pb,82,189,40,4,50.5,(13/2+),677.6,0.23,637.6,(13/2+),,,1,M1,0,1,0,0.671141,637.6,1,0.0095543,Weisskopf M1,1,180.636,0.568724,298.369,4.99381e+21,0.0998763,0,0
189pb,82,189,40,4,50.5,(13/2+),858.8,0.1,818.8,(17/2+),,,1,E2,0,1,0,1,818.8,1,1.91805e-05,Weisskopf E2,1.28571,0.282717,0.73035,0.36364,2.74997e+24,54.9995,0,0
189pb,82,189,40,4,50.5,(13/2+),950.56,0.17,910.56,(15/2+),,,1,M1,0,1,0,1,910.56,1,0.0278278,Weisskopf M1,1.14286,294.82,0.812198,340.993,2.93261e+21,0.0586522,0,0
189pb,82,189,40,4,50.5,(13/2+),1181.59,0.15,1141.59,(17/2+),6.9e-09,LT,1,E2,0,1,0,1.45546,1141.59,1,0.000101047,Weisskopf E2,1.28571,0.766212,1.01827,0.706864,9.71995e+23,19.4399,0,0
191pb,82,191,55,12,130.8,(13/2+),724.6,0.5,669.6,(13/2+),,,1,M1,0,1,0,0.555556,669.6,1,0.0110662,Weisskopf M1,1,189.702,0.594132,299.944,6.00113e+21,0.120023,0,0
191pb,82,191,55,12,130.8,(13/2+),873.69,0.05,818.69,(17/2+),,,1,E2,0,1,0,1,818.69,1,1.94386e-05,Weisskopf E2,1.28571,0.286597,0.726419,0.370626,2.69814e+24,53.9628,0,0
191pb,82,191,55,12,130.8,(13/2+),948.49,0.09,893.49,(15/2+),,,1,M1,0,1,0,1,893.49,1,0.026292,Weisskopf M1,1.14286,289.293,0.792789,342.793,2.91721e+21,0.0583443,0,0
191pb,82,191,55,12,130.8,(13/2+),1172.5,0.6,1117.5,(15/2+ 17/2+),,,1,,0,1,0,1,1117.5,1,,unknown,1,,0.991551,,,,0,0
191pb,82,191,55,12,130.8,(13/2+),1261.9,0.8,1206.9,(15/2+ 17/2+),,,1,,0,1,0,1,1206.9,1,,unknown,1,,1.07088,,,,0,0
191pb,82,191,55,12,130.8,(13/2+),1486.7,0.4,1431.7,(17/2-),,,0,M2,0,1,0,2,1431.7,1,4.59603e-06,Weisskopf M2,1.28571,0.0221578,1.27034,0.0163854,3.0515e+25,610.299,0,0
195pb,82,195,202.9,0.7,900,13/2+,978.8,0.7,775.9,(11/2)+,,,1,M1,0,1,0,0.989041,775.9,1,0.0172175,Weisskopf M1,0.857143,188.415,0.681354,259.773,3.89217e+21,0.0778434,0,0
195pb,82,195,202.9,0.7,900,13/2+,1010.7,0.7,807.8,(9/2)+,,,1,E2,0,1,0,0.989893,807.8,1,1.86891e-05,Weisskopf E2,0.714286,0.157237,0.709367,0.208226,4.85151e+24,97.0303,0,0
195pb,82,195,202.9,0.7,900,13/2+,1093,0.8,890.1,13/2+,,,1,M1,0,1,0,0.984252,890.1,1,0.0259938,Weisskopf M1,1,252.171,0.781638,303.068,3.35238e+21,0.0670476,0,0
195pb,82,195,202.9,0.7,900,13/2+,1172.5,0.7,969.6,17/2+,,,1,E2,0,1,0,0.99296,969.6,1,4.65619e-05,Weisskopf E2,1.28571,0.489433,0.851451,0.539988,1.86502e+24,37.3004,0,0
195pb,82,195,202.9,0.7,900,13/2+,1328.7,0.7,1125.8,(9/2)+,,,1,E2,0.30213,0.69787,0,1.36801,1187.1,1.05445,9.82595e-05,Weisskopf E2,0.714286,0.425625,0.988617,0.404435,1.80744e+24,36.1487,0,0
195pb,82,195,202.9,0.7,900,13/2+,1379.7,0.7,1176.8,(11/2)+,,,1,M1,-2.22045e-16,1,0,1.5526,1176.8,1,0.0600706,Weisskopf M1,0.857143,285.767,1.0334,259.773,2.47941e+21,0.0495881,0,0
197pb,82,197,319.31,0.11,2574,13/2+,1147.49,0.13,828.18,11/2+,,,1,M1,0,1,0,0.990295,828.18,1,0.0209377,Weisskopf M1,0.857143,201.11,0.723562,261.101,3.86746e+21,0.0773492,0,0
197pb,82,197,319.31,0.11,2574,13/2+,1164.88,0.12,845.57,(9/2)-,,,0,M2,1,0,0,1.24934,1164.88,1.37763,3.37152e-07,Weisskopf M2,0.714286,0.00258882,0.738756,0.00329194,2.43147e+26,4862.95,0,0
197pb,82,197,319.31,0.11,2574,13/2+,1173.77,0.12,854.46,9/2+,,,1,E2,0,1,0,0.990884,854.46,1,2.50862e-05,Weisskopf E2,0.714286,0.188637,0.746523,0.237375,4.2515e+24,85.0301,0,0
197pb,82,197,319.31,0.11,2574,13/2+,1295.12,0.14,975.81,13/2+ 15/2+,,,1,,0,1,0,0.987167,975.81,1,,unknown,1,,0.852543,,,,0,0
197pb,82,197,319.31,0.11,2574,13/2+,1325.7,2.4,1006.39,17/2+,,,1,E2,0,1,0,0.993394,1006.39,1,5.68602e-05,Weisskopf E2,1.28571,0.554783,0.87926,0.592729,1.69833e+24,33.9666,0,0
197pb,82,197,319.31,0.11,2574,13/2+,1401.92,0.24,1082.61,15/2+,,,1,M1,0,1,0,0.993739,1082.61,1,0.0467703,Weisskopf M1,1.14286,350.526,0.945852,348.135,2.89054e+21,0.0578109,0,0
197pb,82,197,319.31,0.11,2574,13/2+,1430.51,0.15,1111.2,13/2+,,,1,M1,0,1,0,0.952381,1111.2,1,0.0505744,Weisskopf M1,1,314.81,0.970831,304.618,3.44694e+21,0.0689387,0,0
197pb,82,197,319.31,0.11,2574,13/2+,1524.55,0.12,1205.24,9/2+,,,1,E2,0.543053,0.456947,0,1.86383,1378.64,1.14387,0.00014007,Weisskopf E2,0.714286,0.529386,1.05299,0.472279,1.13604e+24,22.7209,0,0
197pb,82,197,319.31,0.11,2574,13/2+,1571.18,0.14,1251.87,-,,,1,,0.243745,0.756255,0,1.32364,1329.7,1.06217,,unknown,1,,1.09373,,,,0,0
197pb,82,197,319.31,0.11,2574,13/2+,1577.9,0.3,1258.59,(9/2)-,,,0,M2,1,0,0,1.25196,1577.9,1.2537,2.4632e-06,Weisskopf M2,0.714286,0.00853701,1.0996,0.00729325,1.09519e+26,2190.37,0,0
197pb,82,197,319.31,0.11,2574,13/2+,1624.45,0.14,1305.14,11/2+,,,1,M1,0,1,0,1.34407,1305.14,1,0.0819455,Weisskopf M1,0.857143,316.933,1.14027,261.101,2.84951e+21,0.0569901,0,0
197pb,82,197,319.31,0.11,2574,13/2+,1633.7,0.14,1314.39,11/2+ 13/2+,,,1,,0.0831843,0.916816,0,1.22757,1340.95,1.02021,,unknown,1,,1.14835,,,,0,0
197pb,82,197,319.31,0.11,2574,13/2+,1686.6,0.6,1367.29,17/2+,,,1,E2,0,1,0,1.81986,1367.29,1,0.000263197,Weisskopf E2,1.28571,1.39125,1.19457,1.09407,5.02246e+23,10.0449,0,0
197pb,82,197,319.31,0.11,2574,13/2+,1770.3,0.8,1450.99,15/2,,,1,,0,1,0,1,1450.99,1,,unknown,1.14286,,1.2677,,,,0,0
197pb,82,197,319.31,0.11,2574,13/2+,1773.56,0.15,1454.25,9/2+,,,1,E2,0,1,0,1.79283,1454.25,1,0.000358239,Weisskopf E2,0.714286,0.92997,1.27055,0.68759,8.11207e+23,16.2241,0,0
197pb,82,197,319.31,0.11,2574,13/2+,1850.1,0.8,1530.79,15/2,,,1,,0,1,0,1,1530.79,1,,unknown,1.14286,,1.33742,,,,0,0
197pb,82,197,319.31,0.11,2574,13/2+,1946.07,0.21,1626.76,11/2+,,,1,M1,0,1,0,1.58718,1626.76,1,0.158681,Weisskopf M1,0.857143,395.033,1.42126,261.101,2.41303e+21,0.0482607,0,0
197pb,82,197,319.31,0.11,2574,13/2+,2200.54,0.21,1881.23,13/2+,,,1,M1,0,1,0,1.57647,1881.23,1,0.245403,Weisskopf M1,1,532.965,1.64359,304.618,2.08237e+21,0.0416475,0,0
201pb,82,201,629.1,0.3,60.8,13/2+,1014.2,0.4,385.1,9/2-,,,0,M2,1,0,0,0.993562,1014.2,2.6336,6.69523e-09,Weisskopf M2,0.714286,0.000247853,0.333089,0.000699011,1.43986e+27,28797.3,0,0
201pb,82,201,629.1,0.3,60.8,13/2+,1415.4,0.4,786.3,9/2+,,,1,E2,0.0853002,0.9147,0,1.0798,839.962,1.06825,1.70043e-05,Weisskopf E2,0.714286,0.150993,0.680103,0.208561,4.44044e+24,88.8088,0,0
201pb,82,201,629.1,0.3,60.8,13/2+,1447.9,0.5,818.8,(11/2)+,,,1,M1,0,1,0,0.989874,818.8,1,0.0202343,Weisskopf M1,0.857143,198.833,0.708213,263.739,3.83042e+21,0.0766083,0,0
201pb,82,201,629.1,0.3,60.8,13/2+,1541.8,0.4,912.7,17/2+,,,1,E2,0,1,0,0.992093,912.7,1,3.58308e-05,Weisskopf E2,1.28571,0.425058,0.789431,0.505807,1.9928e+24,39.8559,0,0
201pb,82,201,629.1,0.3,60.8,13/2+,1545.8,0.4,916.7,15/2+,,,1,M1,0,1,0,0.985222,916.7,1,0.0283946,Weisskopf M1,1.14286,296.808,0.792891,351.652,2.88638e+21,0.0577275,0,0
201pb,82,201,629.1,0.3,60.8,13/2+,1737.3,0.4,1108.2,9/2+,,,1,E2,0.318783,0.681217,0,1.34947,1308.75,1.18097,9.456e-05,Weisskopf E2,0.714286,0.422713,0.958527,0.414278,1.78873e+24,35.7746,0,0
201pb,82,201,629.1,0.3,60.8,13/2+,1843.8,0.5,1214.7,11/2+,,,1,M1,0,1,0,1.09085,1214.7,1,0.0660634,Weisskopf M1,0.857143,294.971,1.05064,263.739,3.47586e+21,0.0695171,0,0
201pb,82,201,629.1,0.3,60.8,13/2+,1875.6,0.5,1246.5,9/2+,,,0,E2,0.508536,0.491464,0,1.89251,1566.42,1.25665,0.000170246,Weisskopf E2,0.714286,0.601546,1.07815,0.524132,1.00814e+24,20.1629,0,0
201pb,82,201,629.1,0.3,60.8,13/2+,2119.5,0.5,1490.4,9/2+,,,0,E2,0.181322,0.818678,0,1.98621,1604.47,1.07654,0.000416036,Weisskopf E2,0.714286,1.02825,1.28911,0.74931,6.71914e+23,13.4383,0,0
201pb,82,201,629.1,0.3,60.8,13/2+,2208.9,0.6,1579.8,(9/2+),,,1,E2,0.903553,0.0964467,0,1.98477,2148.23,1.35981,0.000556708,Weisskopf E2,0.714286,1.22461,1.36643,0.841899,5.98453e+23,11.9691,0,0
201pb,82,201,629.1,0.3,60.8,13/2+,2279.8,0.8,1650.7,(9/2)+,,,0,E2,0.636678,0.363322,0,2.01633,2051.23,1.24264,0.000693358,Weisskopf E2,0.714286,1.397,1.42776,0.919162,5.39568e+23,10.7914,0,0
201pb,82,201,629.1,0.3,60.8,13/2+,2506.8,0.4,1877.7,9/2+,,,1,E2,0.876023,0.123977,0,2.06703,2428.81,1.2935,0.00132053,Weisskopf E2,0.714286,2.05622,1.6241,1.18935,4.06766e+23,8.13532,0,0
201pb,82,201,629.1,0.3,60.8,13/2+,2548.9,0.6,1919.8,(11/2-),,,1,E1,0.901151,0.0988486,0,2.03589,2486.71,1.2953,15.9808,Weisskopf E1,0.857143,28565.5,1.66051,16160.3,3.03945e+19,0.000607889,0,0
201pb,82,201,629.1,0.3,60.8,13/2+,2788.8,0.6,2159.7,11/2-,,,1,E1,0.583197,0.416803,0,1.99235,2526.59,1.16988,22.7515,Weisskopf E1,0.857143,32135.1,1.86801,16160.3,3.10588e+19,0.000621175,0,0
202pb,82,202,2169.83,0.08,12744,9-,2208.44,0.07,38.61,7-,6.53e-08,,0,E2,1,0,0,3.48783,2208.44,57.1987,4.88641e-12,Weisskopf E2,0.789474,1.98898e-05,0.0333126,0.000560883,5.11178e+26,10223.6,0,1
202pb,82,202,2169.83,0.08,12744,9-,2307,3,137.17,7-,,,0,E2,0,0,1,0,0,0,2.76558e-09,Weisskopf E2,0.789474,0.000891884,0.11835,0.00707932,,,0,0
202pb,82,202,2169.83,0.08,12744,9-,3057.9,0.5,888.07,11-,,,1,E2,0,1,0,0.99165,888.07,1,3.14577e-05,Weisskopf E2,1.21053,0.371116,0.766224,0.454992,2.21635e+24,44.3269,0,0
202pb,82,202,2169.83,0.08,12744,9-,3191.3,0.5,1021.47,10+,,,1,E1,0,1,0,0.997596,1021.47,1,2.41515,Weisskopf E1,1.10526,19663.5,0.881321,20959.3,4.78264e+19,0.000956529,0,0
202pb,82,202,2169.83,0.08,12744,9-,3200,30,1030.17,8+,,,0,E1,0,0,1,0,0,0,2.47738,Weisskopf E1,0.894737,16053.7,0.888828,16967.1,,,0,0
202pb,82,202,2169.83,0.08,12744,9-,4000,30,1830.17,7-,,,0,E2,0,0,1,0,0,0,0.00116936,Weisskopf E2,0.789474,2.11839,1.57907,1.26025,,,0,0
202pb,82,202,2169.83,0.08,12744,9-,4400,30,2230.17,11-,,,0,E2,0,0,1,0,0,0,0.00314181,Weisskopf E2,1.21053,5.87735,1.92418,2.86936,,,0,0
202pb,82,202,2169.83,0.08,12744,9-,4500,30,2330.17,11-,,,0,E2,0,0,1,0,0,0,0.00391227,Weisskopf E2,1.21053,6.70395,2.01046,3.13245,,,0,0
203pb,82,203,825.11,0.1,6.21,13/2+,896.9,0.3,71.79,9/2-,,,0,M2,1,0,0,0.991818,896.9,12.4934,1.51734e-12,Weisskopf M2,0.714286,1.61633e-06,0.0617875,2.45743e-05,4.10286e+28,820572,0,1
203pb,82,203,825.11,0.1,6.21,13/2+,1198.5,0.4,373.39,9/2-,,,0,M2,1,0,0,1.11604,1198.5,3.20978,5.77534e-09,Weisskopf M2,0.714286,0.000227419,0.321365,0.000664782,1.34784e+27,26956.9,0,0
203pb,82,203,825.11,0.1,6.21,13/2+,1547.6,0.3,722.49,9/2+,,,1,E2,0.19682,0.80318,0,1.21943,884.889,1.22478,1.12852e-05,Weisskopf E2,0.714286,0.118692,0.621825,0.179309,4.57342e+24,91.4685,0,0
203pb,82,203,825.11,0.1,6.21,13/2+,1641.5,0.4,816.39,9/2+,,,1,E2,0,1,0,0.990119,816.39,1,2.07892e-05,Weisskopf E2,0.714286,0.171245,0.702642,0.228947,4.41142e+24,88.2284,0,0
203pb,82,203,825.11,0.1,6.21,13/2+,1663.62,0.14,838.51,17/2+,,,1,E2,0,1,0,0.990638,838.51,1,2.37625e-05,Weisskopf E2,1.28571,0.333981,0.72168,0.434739,2.32197e+24,46.4394,0,0
203pb,82,203,825.11,0.1,6.21,13/2+,1894.9,0.8,1069.79,(9/2+),,,1,E2,0.158884,0.841116,0,1.18414,1200.89,1.12254,8.03235e-05,Weisskopf E2,0.714286,0.385319,0.920735,0.39313,2.14812e+24,42.9625,0,0
203pb,82,203,825.11,0.1,6.21,13/2+,2048.6,0.5,1223.49,(9/2+),,,1,E2,0.309083,0.690917,0,1.45339,1478.52,1.20844,0.000157164,Weisskopf E2,0.714286,0.576403,1.05302,0.514209,1.33806e+24,26.7613,0,0
203pb,82,203,825.11,0.1,6.21,13/2+,2078.8,0.5,1253.69,(11/2)+,,,1,M1,0.154598,0.845402,0,1.21739,1381.25,1.10175,0.0726314,Weisskopf M1,0.857143,304.439,1.07901,265.048,3.09917e+21,0.0619834,0,0
203pb,82,203,825.11,0.1,6.21,13/2+,2387.9,0.4,1562.79,(9/2)+,,,1,E2,0.278998,0.721002,0,1.94338,1792.99,1.1473,0.000534384,Weisskopf E2,0.714286,1.20123,1.34505,0.838958,6.13342e+23,12.2668,0,0
203pb,82,203,825.11,0.1,6.21,13/2+,2472.2,0.5,1647.09,(9/2+ 11/2-),,,1,,0.493035,0.506965,0,2.05942,2053.9,1.24699,,unknown,1,,1.4176,,,,0,0
203pb,82,203,825.11,0.1,6.21,13/2+,2568.8,0.5,1743.69,9/2+,,,1,E2,0.907966,0.0920338,0,2.12066,2492.86,1.42965,0.000924052,Weisskopf E2,0.714286,1.66853,1.50074,1.04443,4.51494e+23,9.02987,0,0
203pb,82,203,825.11,0.1,6.21,13/2+,2713.3,0.3,1888.19,9/2+,,,1,E2,0.90528,0.0947204,0,2.03784,2635.15,1.39559,0.00137587,Weisskopf E2,0.714286,2.11866,1.62511,1.2247,4.00681e+23,8.01362,0,0
203pb,82,203,825.11,0.1,6.21,13/2+,2748.5,1.1,1923.39,(11/2-),,,0,E1,1,0,0,2.0051,2748.5,1.42899,16.177,Weisskopf E1,0.857143,28808.5,1.6554,16348.1,3.05068e+19,0.000610135,0,0
203pb,82,203,825.11,0.1,6.21,13/2+,2753.6,0.3,1928.49,(9/2)+,,,0,E2,0.844418,0.155582,0,2.42138,2625.23,1.36129,0.0015291,Weisskopf E2,0.714286,2.25724,1.65979,1.27754,3.23268e+23,6.46536,0,0
203pb,82,203,825.11,0.1,6.21,13/2+,2794.1,0.5,1968.99,(9/2)+,,,0,E2,0.400014,0.599986,0,2.69053,2299.05,1.16763,0.00169655,Weisskopf E2,0.714286,2.40246,1.69465,1.33176,2.79085e+23,5.58169,0,0
203pb,82,203,825.11,0.1,6.21,13/2+,3006.6,0.6,2181.49,(9/2+ 11/2),,,1,,0.248341,0.751659,0,2.7315,2386.4,1.09393,,unknown,1,,1.87754,,,,0,0
204pb,82,204,2185.88,0.08,4015.8,9-,2264.42,0.06,78.54,7-,4.5e-07,,1,E2,0.526999,0.473001,0,1.56466,1230.5,15.6671,4.79557e-10,measured,0.789474,0.000471736,0.0674311,0.00657188,9.72503e+25,1945.01,0,1
204pb,82,204,2185.88,0.08,4015.8,9-,2405.27,0.07,219.39,7-,,,1,E2,0.290536,0.709464,0,1.38515,854.467,3.89474,2.93278e-08,Weisskopf E2,0.789474,0.00369732,0.188359,0.0184396,3.91517e+25,783.034,0,0
204pb,82,204,2185.88,0.08,4015.8,9-,2696.71,0.1,510.83,7-,,,1,E2,0.497438,0.502562,0,2.64861,1598.17,3.12857,2.00714e-06,Weisskopf E2,0.789474,0.046673,0.438577,0.0999701,3.77669e+24,75.5338,0,0
204pb,82,204,2185.88,0.08,4015.8,9-,2945.58,0.18,759.7,10-,,,1,M1,0,1,0,0.988045,759.7,1,0.0161614,Weisskopf M1,1.10526,237.884,0.652246,342.613,2.95406e+21,0.0590812,0,0
204pb,82,204,2185.88,0.08,4015.8,9-,3191.68,0.18,1005.8,11-,,,1,E2,0,1,0,1.02153,1005.8,1,5.93955e-05,Weisskopf E2,1.21053,0.54627,0.863537,0.594261,1.6473e+24,32.9459,0,0
204pb,82,204,2185.88,0.08,4015.8,9-,3450,0.5,1264.12,(10)+,,,0,E1,0,0,1,0,0,0,4.6077,Weisskopf E1,1.10526,24494.9,1.08532,21201.6,,,0,0
204pb,82,204,2185.88,0.08,4015.8,9-,4853,10,2667.12,(11)-,,,0,E2,0,0,1,0,0,0,0.00778768,Weisskopf E2,1.21053,10.1859,2.28988,4.17868,,,0,0
204pb,82,204,2185.88,0.08,4015.8,9-,5100,30,2914.12,(9)-,,,0,M1,0,0,1,0,0,0,0.912171,Weisskopf M1,1,825.59,2.50194,309.983,,,0,0
190bi,83,190,121.5,0.3,6.2,(5-),168,0.5,46.5,(6+),,,1,E1,0,1,0,0.573394,46.5,1,0.000218723,Weisskopf E1,1.18182,918.843,0.0413676,20865.6,8.35824e+19,0.00167165,0,1
193bi,83,193,305,6,3.2,(1/2+),505.1,0.3,200.1,3/2+,,,1,M1,0,1,0,1,200.1,1,0.000295321,Weisskopf M1,2,113.379,0.176625,603.02,1.65832e+21,0.0331664,0,0
193bi,83,193,305,6,3.2,(1/2+),734.2,0.3,429.2,5/2+,,,1,E2,-2.22045e-16,1,0,1.36049,429.2,1,7.80543e-07,Weisskopf E2,3,0.0977016,0.378848,0.242263,3.03401e+24,60.6803,0,0
194bi,83,194,161,8,115,(10-),265.6,0.1,104.6,(9-),,,1,M1,0,1,0,0.120482,104.6,1,4.21841e-05,Weisskopf M1,0.904762,26.8116,0.0920906,273.501,3.03473e+22,0.606946,0,0
194bi,83,194,161,8,115,(10-),687.2,0.1,526.2,(11-),,,1,M1,0,1,0,0.907112,526.2,1,0.0053704,Weisskopf M1,1.09524,163.274,0.46327,331.08,3.32971e+21,0.0665943,0,0
194bi,83,194,161,8,115,(10-),700.1,0.1,539.1,(10-),,,1,M1,0,1,0,1,539.1,1,0.00577513,Weisskopf M1,1,152.731,0.474627,302.29,3.30808e+21,0.0661616,0,0
194bi,83,194,161,8,115,(10-),794.1,0.1,633.1,(10+),1e-09,AP,1,E1,0,1,0,1.00947,633.1,1,0.559737,Weisskopf E1,1,10733.5,0.557386,18089.9,5.47607e+19,0.00109521,0,0
194bi,83,194,161,8,115,(10-),910.9,0.1,749.9,(11-),,,1,M1,0,1,0,1.21262,749.9,1,0.015544,Weisskopf M1,1.09524,232.685,0.660217,331.08,2.49082e+21,0.0498165,0,0
194bi,83,194,161,8,115,(10-),936,0.2,775,(11+),,,0,E1,0,1,0,1.22089,775,1,1.02677,Weisskopf E1,1.09524,14390.6,0.682315,19812.8,4.13408e+19,0.000826816,0,0
194bi,83,194,161,8,115,(10-),1018.5,0.1,857.5,(12-),,,1,E2,0,1,0,1.1943,857.5,1,2.50185e-05,Weisskopf E2,1.19048,0.311327,0.754949,0.387391,2.16141e+24,43.2281,0,0
194bi,83,194,161,8,115,(10-),1162.9,0.2,1001.9,(12+),,,0,M2,0,1,0,1.72782,1001.9,1,7.79394e-07,Weisskopf M2,1.19048,0.00710447,0.88208,0.00756614,7.64941e+25,1529.88,0,0
194bi,83,194,161,8,115,(10-),1225.6,0.1,1064.6,(12-),,,1,E2,0,1,0,1,1064.6,1,7.37944e-05,Weisskopf E2,1.19048,0.595764,0.937281,0.59711,1.67473e+24,33.4946,0,0
194bi,83,194,161,8,115,(10-),1315.9,0.2,1154.9,(11+),,,0,E1,1.11022e-16,1,0,1.9935,1154.9,1,3.39782,Weisskopf E1,1.09524,21444.8,1.01678,19812.8,2.53186e+19,0.000506371,0,0
194bi,83,194,161,8,115,(10-),1382.5,0.1,1221.5,(11-),,,0,M1,0,1,0,1.90711,1221.5,1,0.0671791,Weisskopf M1,1.09524,379.017,1.07542,331.08,1.58377e+21,0.0316754,0,0
194bi,83,194,161,8,115,(10-),1499.9,0.2,1338.9,(12+),,,0,M2,0,1,0,2.25865,1338.9,1,3.32182e-06,Weisskopf M2,1.19048,0.0169552,1.17878,0.0135121,3.27664e+25,655.328,0,0
199bi,83,199,667,4,1482,(1/2+),845.7,0.2,178.7,(5/2)-,,,0,M2,1,0,0,0.979432,845.7,4.73251,1.43095e-10,Weisskopf M2,3,0.000103324,0.15534,0.00062484,1.63402e+27,32680.4,0,0
199bi,83,199,667,4,1482,(1/2+),913,0.5,246,(3/2+),,,1,M1,0,1,0,0.746269,246,1,0.000548731,Weisskopf M1,2,139.387,0.213842,612.322,2.18839e+21,0.0437679,0,0
199bi,83,199,667,4,1482,(1/2+),1119,0.5,452,(5/2+),,,1,E2,1.11022e-16,1,0,1.11628,452,1,1.05322e-06,Weisskopf E2,3,0.118868,0.392913,0.284197,3.15216e+24,63.0432,0,0
201bi,83,201,846.35,0.18,3450,1/2+,890.24,0.13,43.89,5/2-,,,0,M2,1,0,0,0.991277,890.24,20.2834,1.28744e-13,Weisskopf M2,3,1.54106e-06,0.0379622,3.81345e-05,2.64538e+28,529075,0,1
201bi,83,201,846.35,0.18,3450,1/2+,1086.21,0.18,239.86,3/2+,2.6e-10,,1,M1,0.00496722,0.995033,0,0.773153,244.064,1.01753,1.74604e-06,measured,2,0.466523,0.207465,2.11241,6.12287e+23,12.2457,0,0
201bi,83,201,846.35,0.18,3450,1/2+,1274.45,0.19,428.1,(5/2)+,,,1,E2,0.00280733,0.997193,0,1.08561,430.476,1.00555,8.13472e-07,Weisskopf E2,3,0.102347,0.370281,0.259654,3.54757e+24,70.9514,0,0
201bi,83,201,846.35,0.18,3450,1/2+,1483.54,0.24,637.19,(3/2-),,,1,E1,0.89802,0.10198,0,1.82925,1397.23,2.1928,0.584301,Weisskopf E1,2,22122.4,0.551132,37707.4,1.44977e+19,0.000289954,0,0
201bi,83,201,846.35,0.18,3450,1/2+,1817.86,0.22,971.51,1/2+ 3/2 5/2+,,,1,,0.0021918,0.997808,0,1.52039,973.365,1.00191,,unknown,1,,0.840299,,,,0,0
201bi,83,201,846.35,0.18,3450,1/2+,1848.16,0.25,1001.81,(5/2-),,,0,M2,1,0,0,1.34324,1848.16,1.84482,7.97673e-07,Weisskopf M2,3,0.0183264,0.866506,0.0198681,3.74706e+25,749.412,0,0
201bi,83,201,846.35,0.18,3450,1/2+,1858.02,0.24,1011.67,3/2+,,,0,M1,0.00382471,0.996175,0,1.87042,1014.91,1.0032,0.0381655,Weisskopf M1,2,573.226,0.875035,615.391,8.68779e+20,0.0173756,0,0
201bi,83,201,846.35,0.18,3450,1/2+,1927.32,0.19,1080.97,(5/2-),,,0,M2,1,0,0,1.49688,1927.32,1.78295,1.16672e-06,Weisskopf M2,3,0.0230231,0.934975,0.023132,2.88801e+25,577.602,0,0
201bi,83,201,846.35,0.18,3450,1/2+,1944.24,0.17,1097.89,(5/2-),,,0,M2,1,0,0,1.62743,1944.24,1.77089,1.26093e-06,Weisskopf M2,3,0.0241212,0.94961,0.0238618,2.57511e+25,515.021,0,0
201bi,83,201,846.35,0.18,3450,1/2+,2053.59,0.21,1207.24,(5/2)+,,,1,E2,0.0014667,0.998533,0,1.35895,1208.48,1.00103,0.000145072,Weisskopf E2,3,2.29521,1.04419,2.06487,3.56372e+23,7.12745,0,0
201bi,83,201,846.35,0.18,3450,1/2+,2065.82,0.17,1219.47,5/2+,,,1,E2,0.372668,0.627332,0,1.94564,1534.88,1.25864,0.000152571,Weisskopf E2,3,2.36567,1.05477,2.10692,2.43944e+23,4.87888,0,0
201bi,83,201,846.35,0.18,3450,1/2+,2434.9,0.3,1588.55,1/2+ 3/2 5/2+,,,1,,0.00290297,0.997097,0,1.63002,1591.01,1.00155,,unknown,1,,1.374,,,,0,0
201bi,83,201,846.35,0.18,3450,1/2+,2455.5,0.3,1609.15,1/2+ 3/2 5/2+,,,1,,0.00254991,0.99745,0,1.47234,1611.31,1.00134,,unknown,1,,1.39182,,,,0,0
201bi,83,201,846.35,0.18,3450,1/2+,2484.3,0.3,1637.95,1/2 3/2 5/2+,,,1,,0.00385056,0.996149,0,1.59934,1641.21,1.00199,,unknown,1,,1.41673,,,,0,0
201bi,83,201,846.35,0.18,3450,1/2+,2592.88,0.2,1746.53,(3/2- 5/2+),,,1,,0.519905,0.480095,0,1.80838,2186.55,1.25194,,unknown,1,,1.51064,,,,0,0
201bi,83,201,846.35,0.18,3450,1/2+,2902.09,0.25,2055.74,1/2+ 3/2 5/2+,,,1,,0.00311232,0.996888,0,1.86599,2058.37,1.00128,,unknown,1,,1.77809,,,,0,0
201bi,83,201,846.35,0.18,3450,1/2+,2905.9,0.3,2059.55,1/2 3/2 5/2+,,,1,,0.00225289,0.997747,0,1.35067,2061.46,1.00093,,unknown,1,,1.78139,,,,0,0
210bi,83,210,271.31,0.11,9.59331e+13,9-,433.48,0.12,162.17,7-,5.75e-08,,1,E2,0,1,0,1,162.17,1,7.93457e-09,measured,0.789474,0.00183072,0.137229,0.0125322,7.97943e+25,1595.89,0,0
210bi,83,210,271.31,0.11,9.59331e+13,9-,582.54,0.12,311.23,8-,1.7e-12,LT,1,M1,0,1,0,1.5,311.23,1,0.00111122,Weisskopf M1,0.894737,78.8921,0.263364,281.403,2.36909e+21,0.0473817,0,0
210bi,83,210,271.31,0.11,9.59331e+13,9-,669,0.5,397.69,10-,1e-10,,1,M1,0,1,0,1,397.69,1,4.56238e-06,measured,1.10526,0.245059,0.336527,0.684072,1.46183e+24,29.2367,0,0
210bi,83,210,271.31,0.11,9.59331e+13,9-,916.11,0.13,644.8,8-,,,1,M1,0,1,0,1.5,644.8,1,0.00988164,Weisskopf M1,0.894737,163.447,0.545632,281.403,2.36909e+21,0.0473817,0,0
210bi,83,210,271.31,0.11,9.59331e+13,9-,1184.15,0.12,912.84,(8-),,,1,M1,0.139972,0.860028,0,2.04471,950.816,1.0416,0.0280374,Weisskopf M1,0.894737,231.391,0.772448,281.403,1.73796e+21,0.0347593,0,0
210bi,83,210,271.31,0.11,9.59331e+13,9-,1300.61,0.12,1029.3,(7-),,,0,E2,0.144598,0.855402,0,2.80825,1068.53,1.03811,6.92932e-05,Weisskopf E2,0.789474,0.396869,0.870997,0.428037,8.31921e+23,16.6384,0,0
210bi,83,210,271.31,0.11,9.59331e+13,9-,1322.2,0.8,1050.89,(11+),,,1,M2,0,1,0,1.5,1050.89,1,1.0432e-06,Weisskopf M2,1.21053,0.00878879,0.889267,0.00928427,7.18061e+25,1436.12,0,0
210bi,83,210,271.31,0.11,9.59331e+13,9-,1382.34,0.14,1111.03,(7-),,,0,E2,0.151637,0.848363,0,2.82177,1152.17,1.03703,0.000101534,Weisskopf E2,0.789474,0.499113,0.940157,0.498711,7.10608e+23,14.2122,0,0
210bi,83,210,271.31,0.11,9.59331e+13,9-,1478.9,0.15,1207.59,(9-),,,0,M1,0,1,0,2.25,1207.59,1,0.0649101,Weisskopf M1,1,342.118,1.02187,314.509,1.41314e+21,0.0282628,0,0
210bi,83,210,271.31,0.11,9.59331e+13,9-,1753.5,0.5,1482.19,(10+),,,1,E1,0,1,0,1,1482.19,1,7.57223,Weisskopf E1,1.10526,29280.9,1.25423,21930.9,4.55978e+19,0.000911955,0,0
210bi,83,210,271.31,0.11,9.59331e+13,9-,1793.41,0.15,1522.1,(8+),,,0,E1,0,1,0,2.32517,1522.1,1,8.20052,Weisskopf E1,0.894737,24341.8,1.28801,17753.6,2.42247e+19,0.000484494,0,0
210bi,83,210,271.31,0.11,9.59331e+13,9-,1801,0.5,1529.69,(11+),,,0,M2,0,0,1,0,0,0,6.81706e-06,Weisskopf M2,1.21053,0.0271061,1.29443,0.0196716,,,0,0
210bi,83,210,271.31,0.11,9.59331e+13,9-,1812,0.5,1540.69,(8+),,,0,E1,0,0,1,0,0,0,8.50468,Weisskopf E1,0.894737,24639.1,1.30374,17753.6,,,0,0
210bi,83,210,271.31,0.11,9.59331e+13,9-,1837.06,0.07,1565.75,(7+),,,0,M2,0.897634,0.102366,0,3.08481,1809.29,1.15554,7.65935e-06,Weisskopf M2,0.789474,0.0189578,1.32494,0.0134413,2.41174e+25,482.348,0,0
210bi,83,210,271.31,0.11,9.59331e+13,9-,1896.93,0.14,1625.62,(9-),,,1,M1,0.0413137,0.958686,0,1.80236,1636.83,1.0069,0.158347,Weisskopf M1,1,460.549,1.3756,314.509,1.76411e+21,0.0352822,0,0
210bi,83,210,271.31,0.11,9.59331e+13,9-,1980.33,0.12,1709.02,(7-),,,1,E2,0.228525,0.771475,0,2.65797,1771.02,1.03628,0.000874413,Weisskopf E2,0.789474,1.81662,1.44618,1.18003,3.18829e+23,6.37657,0,0
210bi,83,210,271.31,0.11,9.59331e+13,9-,2005.99,0.14,1734.68,(8-),,,0,M1,0.0987449,0.901255,0,3.37667,1761.47,1.01544,0.192403,Weisskopf M1,0.894737,439.715,1.46789,281.403,1.05241e+21,0.0210481,0,0
210bi,83,210,271.31,0.11,9.59331e+13,9-,2072.51,0.16,1801.2,(9+),,,1,E1,0.0419917,0.958008,0,2.60341,1812.59,1.00633,13.5893,Weisskopf E1,1,32194.1,1.52418,19842.2,1.93583e+19,0.000387165,0,0
210bi,83,210,271.31,0.11,9.59331e+13,9-,2099.4,0.5,1828.09,(11+),,,0,M2,0,1,0,2,1828.09,1,1.66176e-05,Weisskopf M2,1.21053,0.0462647,1.54694,0.0280949,1.77968e+25,355.936,0,0
210bi,83,210,271.31,0.11,9.59331e+13,9-,2135.14,0.05,1863.83,(7-),,,0,E2,0.438048,0.561952,0,3.22766,1982.68,1.06376,0.001349,Weisskopf E2,0.789474,2.35635,1.57718,1.40349,2.2075e+23,4.41501,0,0
210bi,83,210,271.31,0.11,9.59331e+13,9-,2258.88,0.13,1987.57,(7+),,,0,M2,0.247437,0.752563,0,3.12098,2054.7,1.03378,2.5246e-05,Weisskopf M2,0.789474,0.0387782,1.68189,0.0216591,1.47934e+25,295.868,0,0
210bi,83,210,271.31,0.11,9.59331e+13,9-,2724.07,0.14,2452.76,(8+),,,0,E1,0.0648023,0.935198,0,3.05429,2470.34,1.00717,34.3145,Weisskopf E1,0.894737,39225.2,2.07553,17753.6,1.84418e+19,0.000368836,0,0
210bi,83,210,271.31,0.11,9.59331e+13,9-,2737.19,0.13,2465.88,(8-),,,1,M1,0.473829,0.526171,0,3.96899,2594.43,1.05213,0.552675,Weisskopf M1,0.894737,625.063,2.08664,281.403,8.95349e+20,0.017907,0,0
210bi,83,210,271.31,0.11,9.59331e+13,9-,2910.15,0.13,2638.84,(7+),,,0,M2,0.430259,0.569741,0,4.10487,2755.57,1.04424,0.000104147,Weisskopf M2,0.789474,0.0907528,2.233,0.0381788,6.38084e+24,127.617,0,0
210bi,83,210,271.31,0.11,9.59331e+13,9-,3244.63,0.16,2973.32,(7-),,,0,E2,0.552498,0.447502,0,3.71457,3123.22,1.05041,0.0139376,Weisskopf E2,0.789474,9.56636,2.51603,3.57175,7.53721e+22,1.50744,0,0
199po,84,199,310,2,250.2,(13/2+),909.2,0.1,599.2,(17/2+),,,1,E2,0,1,0,1,599.2,1,4.31206e-06,Weisskopf E2,1.28571,0.118683,0.52087,0.214047,4.67186e+24,93.4373,0,0
199po,84,199,310,2,250.2,(13/2+),1024.95,0.22,714.95,(15/2+),,,1,M1,0,1,0,1.0099,714.95,1,0.0134704,Weisskopf M1,1.14286,231.486,0.621489,349.898,2.82996e+21,0.0565991,0,0
201po,84,201,423.41,0.22,537.6,13/2+,766.31,0.24,342.9,(9/2)-,,,0,M2,1,0,0,1.98747,766.31,2.23479,3.74745e-09,Weisskopf M2,0.714286,0.000174975,0.296588,0.000554207,9.07878e+26,18157.6,0,0
201po,84,201,423.41,0.22,537.6,13/2+,1006.7,0.3,583.29,(11/2)+,,,1,M1,0,1,0,0.970497,583.29,1,0.00731488,Weisskopf M1,0.857143,141.643,0.504511,263.739,3.90689e+21,0.0781379,0,0
201po,84,201,423.41,0.22,537.6,13/2+,1015.2,0.3,591.79,(11/2)+,,,1,M1,0,1,0,0.971723,591.79,1,0.00763935,Weisskopf M1,0.857143,143.707,0.511863,263.739,3.90196e+21,0.0780393,0,0
201po,84,201,423.41,0.22,537.6,13/2+,1037,1.1,613.59,17/2+,,,1,E2,0,1,0,0.980325,613.59,1,4.92049e-06,Weisskopf E2,1.28571,0.129151,0.530719,0.228605,4.46216e+24,89.2432,0,0
201po,84,201,423.41,0.22,537.6,13/2+,1552.2,0.3,1128.79,(9/2)+,,,0,E2,0.507386,0.492614,0,2.67223,1343.62,1.19032,0.000103677,Weisskopf E2,0.714286,0.446716,0.976336,0.429816,8.70649e+23,17.413,0,0
201po,84,201,423.41,0.22,537.6,13/2+,2044,0.4,1620.59,(9/2)+,,,0,E2,0.507386,0.492614,0,3.63991,1835.42,1.13256,0.000632386,Weisskopf E2,0.714286,1.32194,1.40171,0.885936,3.10104e+23,6.20207,0,0
203po,84,203,641.64,0.14,45,13/2+,803.2,0.2,161.56,9/2-,,,0,M2,1,0,0,0.988768,803.2,4.97153,8.75858e-11,Weisskopf M2,0.714286,1.84222e-05,0.13905,0.000124458,8.12614e+27,162523,0,0
203po,84,203,641.64,0.14,45,13/2+,1129.27,0.16,487.63,9/2+,,,1,E2,0.213948,0.786052,0,1.21161,624.908,1.28152,1.58053e-06,Weisskopf E2,0.714286,0.0364919,0.419688,0.0816808,1.01045e+25,202.091,0,0
203po,84,203,641.64,0.14,45,13/2+,1174.87,0.15,533.23,(9/2)-,,,0,M2,1,0,0,1.5856,1174.87,2.20331,3.43034e-08,Weisskopf M2,0.714286,0.000662343,0.458935,0.00135576,4.65182e+26,9303.63,0,0
203po,84,203,641.64,0.14,45,13/2+,1254.8,0.5,613.16,17/2+,,,1,E2,0,1,0,0.980296,613.16,1,4.96843e-06,Weisskopf E2,1.28571,0.130593,0.527728,0.232466,4.38817e+24,87.7634,0,0
203po,84,203,641.64,0.14,45,13/2+,1280.34,0.22,638.7,(11/2)+,,,1,M1,0.0643341,0.935666,0,1.36433,679.979,1.06463,0.00960383,Weisskopf M1,0.857143,155.098,0.549709,265.048,2.76539e+21,0.0553077,0,0
203po,84,203,641.64,0.14,45,13/2+,1379.62,0.2,737.98,(9/2)+,,,1,E2,0.000628563,0.999371,0,1.00013,738.383,1.00055,1.2548e-05,Weisskopf E2,0.714286,0.126491,0.635157,0.18708,5.3446e+24,106.892,0,0
203po,84,203,641.64,0.14,45,13/2+,1624.36,0.19,982.72,(9/2 11/2)+,,,1,,0.0721829,0.927817,0,1.37156,1029.04,1.04713,,unknown,1,,0.845797,,,,0,0
203po,84,203,641.64,0.14,45,13/2+,1671.28,0.21,1029.64,(11/2)+,,,1,M1,0.000185462,0.999815,0,1.20016,1029.76,1.00012,0.0402356,Weisskopf M1,0.857143,250.032,0.88618,265.048,3.14368e+21,0.0628736,0,0
203po,84,203,641.64,0.14,45,13/2+,1975.8,0.3,1334.16,(9/2)+,,,0,E2,0.000628563,0.999371,0,1.97918,1334.56,1.0003,0.00024232,Weisskopf E2,0.714286,0.747392,1.14827,0.611442,8.26342e+23,16.5268,0,0
207po,84,207,1383.16,0.07,2.79,19/2-,1564.26,0.18,181.1,21/2-,,,1,M1,0,1,0,0.327869,181.1,1,0.000218932,Weisskopf M1,1.1,56.4375,0.154354,343.48,8.87971e+21,0.177594,0,0
207po,84,207,1383.16,0.07,2.79,19/2-,1691.27,0.18,308.11,17/2+,,,0,E1,1,0,0,2.31969,1691.27,5.48918,0.0673695,Weisskopf E1,0.9,4909.05,0.262606,17560.7,2.45487e+19,0.000490973,0,0
207po,84,207,1383.16,0.07,2.79,19/2-,2313.47,0.21,930.31,21/2+,,,0,E1,0.907044,0.0929558,0,3.11676,2184.9,2.34857,1.85451,Weisskopf E1,1.1,18116.3,0.792915,21463.1,1.49487e+19,0.000298974,0,0
211po,84,211,1462,5,25.2,(25/2+),1819,5,357,(27/2+),,,1,M1,0,1,0,0.761035,357,1,0.0016771,Weisskopf M1,1.07692,108.921,0.301378,339.507,3.87032e+21,0.0774063,0,0
211po,84,211,1462,5,25.2,(25/2+),2135,5,673,(31/2-),2.43e-07,,1,E3,1.11022e-16,1,0,0.999312,673,1,1.45846e-09,measured,1.23077,3.04611e-05,0.568144,5.0366e-05,1.98683e+28,397366,0,0
200at,85,200,112.9,2.9,47,(7+),343.8,2.9,230.9,(10-),6.3,,1,E3,0,1,0,0.286533,230.9,1,7.24187e-17,measured,1.4,1.46162e-11,0.200213,6.8579e-11,5.08902e+34,1.0178e+12,0,0
202at,85,202,190,40,182,7+,582,40,392,10-,0.46,,1,E3,0,1,0,0.788644,392,1,9.91821e-16,measured,1.4,6.94532e-11,0.338216,1.92907e-10,6.57311e+33,1.31462e+11,0,0
201rn,86,201,245,12,3.8,13/2+,718.3,0.2,473.3,(17/2+),,,1,E2,0,1,0,1,473.3,1,1.34369e-06,Weisskopf E2,1.28571,0.0592753,0.409376,0.13602,7.35188e+24,147.038,0,0
203rn,86,203,362,4,26.9,13/2+,860,4,498,17/2+,,,1,E2,0,1,0,1,498,1,1.75589e-06,Weisskopf E2,1.28571,0.0699658,0.428613,0.153345,6.52123e+24,130.425,0,0
233th,90,233,6.06,0.02,2,(7/2)-,16.86,0.02,10.8,3/2+,,,0,M2,1,0,0,1,16.86,1.56111,1.28171e-16,Weisskopf M2,0.5,4.22294e-09,0.00867621,4.57231e-07,2.18708e+30,4.37416e+07,1,1
233th,90,233,6.06,0.02,2,(7/2)-,50.38,0.02,44.32,(7/2)+,,,0,E1,0,0,1,0.0142857,0,0,0.000216971,Weisskopf E1,1,848.996,0.0356046,22400.1,3.12498e+21,0.0624997,0,1
233th,90,233,6.06,0.02,2,(7/2)-,54.546,0.006,48.486,5/2+,,,0,E1,0.995215,0,0.00478469,0.0191388,54.285,1.1196,0.000284087,Weisskopf E1,0.75,696.6,0.0389514,16800.1,3.1101e+21,0.0622021,0,1
233th,90,233,6.06,0.02,2,(7/2)-,93.62,0.02,87.56,7/2+,,,0,E1,0.999886,0,0.000113921,1.02427,93.6093,1.06909,0.00167309,Weisskopf E1,1,1677.3,0.0703416,22400.1,4.3585e+19,0.000871701,0,1
233th,90,233,6.06,0.02,2,(7/2)-,107.34,0.02,101.28,(9/2+),,,0,E1,0,0,1,0.0601573,0,0,0.00258925,Weisskopf E1,1.25,2425.16,0.0813636,28000.1,5.93679e+20,0.0118736,0,0
233th,90,233,6.06,0.02,2,(7/2)-,144.1,0.3,138.04,(11/2-),,,1,E2,0,1,0,1,138.04,1,3.45293e-09,Weisskopf E2,1.5,0.00208916,0.110895,0.0176975,5.65052e+25,1130.1,0,0
233th,90,233,6.06,0.02,2,(7/2)-,158,0.3,151.94,(9/2+),,,0,E1,0.995215,0,0.00478469,1.01914,157.244,1.03491,0.00874217,Weisskopf E1,1.25,3638.21,0.122061,28000.1,3.50434e+19,0.000700868,0,0
233th,90,233,6.06,0.02,2,(7/2)-,178,2,171.94,(11/2+),,,0,M2,0,0,1,0,0,0,1.31086e-10,Weisskopf M2,1.5,5.11206e-05,0.138129,0.000347667,,,0,0
233th,90,233,6.06,0.02,2,(7/2)-,220,2,213.94,(11/2+),,,0,M2,0,0,1,0,0,0,3.90959e-10,Weisskopf M2,1.5,9.84785e-05,0.171869,0.000538262,,,0,0
233th,90,233,6.06,0.02,2,(7/2)-,262.24,0.02,256.18,(5/2)+,,,0,E1,0,0,1,0.399658,0,0,0.0419024,Weisskopf E1,0.75,3680.55,0.205803,16800.1,1.48936e+20,0.00297872,0,0
233th,90,233,6.06,0.02,2,(7/2)-,279.4,0.02,273.34,(7/2)+,,,0,E1,0,0,1,0.411898,0,0,0.0508994,Weisskopf E1,1,5236.12,0.219588,22400.1,1.08383e+20,0.00216765,0,0
233th,90,233,6.06,0.02,2,(7/2)-,326,1,319.94,(9/2+),,,0,E1,0,0,1,0,0,0,0.0816223,Weisskopf E1,1.25,7660.98,0.257025,28000.1,,,0,0
233th,90,233,6.06,0.02,2,(7/2)-,335.928,0.003,329.868,3/2+,,,0,M2,0.893401,0,0.106599,0.973934,300.118,0.909813,3.407e-09,Weisskopf M2,0.5,0.000120327,0.265,0.000426549,2.40714e+27,48142.9,0,0
233th,90,233,6.06,0.02,2,(7/2)-,371.17,0.02,365.11,(5/2)+,,,0,E1,0.912556,0,0.087444,1.10695,338.713,0.927702,0.121304,Weisskopf E1,0.75,5245.55,0.293312,16800.1,5.37724e+19,0.00107545,0,0
233th,90,233,6.06,0.02,2,(7/2)-,388.5,1,382.44,(11/2+),,,0,M2,0,0,1,0,0,0,7.13654e-09,Weisskopf M2,1.5,0.000562542,0.307234,0.00172003,,,0,0
233th,90,233,6.06,0.02,2,(7/2)-,388.6,1,382.54,(9/2+),,,0,E1,0,0,1,0,0,0,0.139519,Weisskopf E1,1.25,9159.95,0.307315,28000.1,,,0,0
233th,90,233,6.06,0.02,2,(7/2)-,410,1.5,403.94,(7/2+),,,0,E1,0,0,1,0,0,0,0.164268,Weisskopf E1,1,7737.9,0.324506,22400.1,,,0,0
233th,90,233,6.06,0.02,2,(7/2)-,421.15,0.02,415.09,(7/2)+,,,0,E1,0.994018,0,0.005982,1.33268,418.631,1.00853,0.17825,Weisskopf E1,1,7951.49,0.333464,22400.1,3.34984e+19,0.000669969,0,0
233th,90,233,6.06,0.02,2,(7/2)-,464,3,457.94,(11/2+),,,0,M2,0,0,1,0,0,0,1.75677e-08,Weisskopf M2,1.5,0.000965809,0.367887,0.00246619,,,0,0
233th,90,233,6.06,0.02,2,(7/2)-,478.36,0.17,472.3,(5/2)-,,,1,M1,0,1,0,0.793651,472.3,1,0.00388336,Weisskopf M1,0.75,100.354,0.379424,248.463,5.07117e+21,0.101423,0,0
233th,90,233,6.06,0.02,2,(7/2)-,480.9,1,474.84,(9/2+),,,0,E1,0,0,1,0,0,0,0.266836,Weisskopf E1,1.25,11370.1,0.381464,28000.1,,,0,0
233th,90,233,6.06,0.02,2,(7/2)-,572.7,0.03,566.64,(3/2)-,,,1,E2,0.0285285,0.968068,0.00340397,0.998886,564.884,0.996901,4.02438e-06,Weisskopf E2,0.5,0.0481679,0.455212,0.0994019,1.00714e+25,201.428,0,0
233th,90,233,6.06,0.02,2,(7/2)-,586.135,0.009,580.075,3/2-,,,0,E2,0.997896,0,0.00210439,1.10699,584.902,1.00832,4.52464e-06,Weisskopf E2,0.5,0.051676,0.466005,0.104171,8.67176e+24,173.435,0,0
233th,90,233,6.06,0.02,2,(7/2)-,599.29,0.06,593.23,(5/2-),,,1,M1,0.169464,0.830536,0,1.1459,594.257,1.00173,0.00769526,Weisskopf M1,0.75,126.05,0.476573,248.463,3.51229e+21,0.0702459,0,0
233th,90,233,6.06,0.02,2,(7/2)-,611.476,0.012,605.416,(3/2)+,,,0,M2,0.352278,0,0.647722,0.959722,215.41,0.355805,7.09481e-08,Weisskopf M2,0.5,0.000743885,0.486363,0.0014368,7.25201e+26,14504,0,0
233th,90,233,6.06,0.02,2,(7/2)-,628.97,0.02,622.91,(5/2)+,,,0,E1,0.479785,0,0.520215,1.32942,301.77,0.484453,0.602392,Weisskopf E1,0.75,8949.37,0.500417,16800.1,4.4774e+19,0.00089548,0,0
233th,90,233,6.06,0.02,2,(7/2)-,682.11,0.03,676.05,(3/2-),,,0,E2,0.953289,0,0.0467112,1.95329,650.248,0.961834,9.72876e-06,Weisskopf E2,0.5,0.0818036,0.543107,0.141494,3.61822e+24,72.3645,0,0
233th,90,233,6.06,0.02,2,(7/2)-,711.19,0.18,705.13,(5/2)+,,,0,E1,0.652921,0,0.347079,1.34855,464.351,0.658532,0.873797,Weisskopf E1,0.75,10130.6,0.566468,16800.1,4.41388e+19,0.000882777,0,0
233th,90,233,6.06,0.02,2,(7/2)-,721.84,0.05,715.78,3/2+,,,0,M2,0.999974,0,2.6358e-05,1.85411,721.821,1.00844,1.63896e-07,Weisskopf M2,0.5,0.00122937,0.575024,0.00200839,2.68545e+26,5370.9,0,0
233th,90,233,6.06,0.02,2,(7/2)-,741.32,0.04,735.26,(3/2)-,,,0,E2,0.5657,0.226854,0.207446,1.40803,586.161,0.797216,1.48036e-05,Weisskopf E2,0.5,0.105235,0.590673,0.167364,4.24351e+24,84.8703,0,0
233th,90,233,6.06,0.02,2,(7/2)-,753.98,0.05,747.92,(7/2)+,,,0,E1,0,0,1,1.00904,0,0,1.04272,Weisskopf E1,1,14327.2,0.600844,22400.1,4.42426e+19,0.000884852,0,0
233th,90,233,6.06,0.02,2,(7/2)-,769.6,0.02,763.54,5/2+,,,0,E1,0.997393,0,0.0026071,1.26652,767.594,1.00531,1.10943,Weisskopf E1,0.75,10969.8,0.613392,16800.1,4.69975e+19,0.00093995,0,0
233th,90,233,6.06,0.02,2,(7/2)-,803.41,0.06,797.35,(5/2)+,,,0,E1,0.181288,0,0.818712,1.17612,145.649,0.182666,1.26343,Weisskopf E1,0.75,11455.6,0.640553,16800.1,5.06101e+19,0.0010122,0,0
233th,90,233,6.06,0.02,2,(7/2)-,814.74,0.13,808.68,3/2+,,,0,M2,0.64509,0,0.35491,1.24304,525.581,0.649925,3.01686e-07,Weisskopf M2,0.5,0.00177286,0.649655,0.00256355,3.13816e+26,6276.31,0,0
233th,90,233,6.06,0.02,2,(7/2)-,839.66,0.08,833.6,(3/2-),,,0,E2,0.130435,0,0.869565,1,109.521,0.131383,2.77301e-05,Weisskopf E2,0.5,0.153359,0.669675,0.215127,4.64841e+24,92.9682,0,0
233th,90,233,6.06,0.02,2,(7/2)-,924.58,0.2,918.52,(3/2)-,,,0,E2,0.566714,0,0.433286,1.69429,523.972,0.570453,4.50408e-05,Weisskopf E2,0.5,0.205164,0.737896,0.261191,2.25973e+24,45.1945,0,0
233th,90,233,6.06,0.02,2,(7/2)-,947.2,0.4,941.14,(3/2-),,,1,E2,0.122137,0.496183,0.381679,1.15254,582.666,0.619107,5.08668e-05,Weisskopf E2,0.5,0.220698,0.756068,0.274213,3.16413e+24,63.2827,0,0
233th,90,233,6.06,0.02,2,(7/2)-,957.5,1.5,951.44,(5/2+),,,0,E1,0,0,1,0,0,0,2.14658,Weisskopf E1,0.75,13669.4,0.764342,16800.1,,,0,0
233th,90,233,6.06,0.02,2,(7/2)-,1051.5,0.5,1045.44,(3/2)-,,,0,E2,0.99997,0,3.04757e-05,1.63706,1051.47,1.00577,8.60317e-05,Weisskopf E2,0.5,0.302506,0.839857,0.33836,1.80533e+24,36.1065,0,0
233th,90,233,6.06,0.02,2,(7/2)-,1132.11,0.09,1126.05,(3/2)+,,,0,M2,0,0,1,1.20617,0,0,1.57928e-06,Weisskopf M2,0.5,0.00478649,0.904616,0.00497054,1.66797e+26,3335.95,0,0
233th,90,233,6.06,0.02,2,(7/2)-,1171.2,1,1165.14,3/2-,,,0,E2,0.541871,0,0.458129,1.23434,634.64,0.54469,0.000147929,Weisskopf E2,0.5,0.418765,0.936019,0.420278,1.92765e+24,38.553,0,0
233th,90,233,6.06,0.02,2,(7/2)-,1185.5,0.4,1179.44,(3/2+),,,0,M2,0.948242,0,0.0517577,1.56725,1124.14,0.953114,1.9909e-06,Weisskopf M2,0.5,0.00550011,0.947507,0.00545306,1.17009e+26,2340.19,0,0
233th,90,233,6.06,0.02,2,(7/2)-,1313.41,0.08,1307.35,(3/2)-,,,0,E2,0,1,0,1.79365,1307.35,1,0.000263101,Weisskopf E2,0.5,0.591578,1.05026,0.529132,1.05365e+24,21.0731,0,0
233th,90,233,6.06,0.02,2,(7/2)-,1350.7,0.2,1344.64,(3/2)-,,,0,E2,0,1,0,1.79365,1344.64,1,0.000302826,Weisskopf E2,0.5,0.643657,1.08022,0.559748,9.96024e+23,19.9205,0,0
235u,92,235,0.076,0.0004,1542,1/2+,13.0339,0.0021,12.9579,3/2+,5e-10,,1,M1,0,1,0,0.00200803,12.9579,1,9.12476e-07,measured,2,83.5382,0.0103654,7570.95,6.57777e+22,1.31555,1,1
235u,92,235,0.076,0.0004,1542,1/2+,51.6968,0.0011,51.6208,5/2+,1.91e-10,,1,E2,0,1,0,0.00378727,51.6208,1,1.74952e-06,measured,3,15.1388,0.0412929,344.404,7.66664e+23,15.3333,0,1
235u,92,235,0.076,0.0004,1542,1/2+,129.299,0.001,129.224,5/2+,,,0,E2,0.309695,0.690305,0,0.284626,129.247,1.00018,2.51085e-09,Weisskopf E2,3,0.00346706,0.103369,0.0315079,1.11508e+26,2230.16,0,0
235u,92,235,0.076,0.0004,1542,1/2+,332.845,0.004,332.769,5/2+,,,0,E2,0.406201,0.593799,0,0.579282,332.8,1.00009,2.84333e-07,Weisskopf E2,3,0.0592059,0.266191,0.20894,8.26204e+24,165.241,0,0
235u,92,235,0.076,0.0004,1542,1/2+,393.218,0.005,393.142,3/2+,,,1,M1,0.0173058,0.982694,0,0.662697,393.143,1,0.00223976,Weisskopf M1,2,222.759,0.314485,665.406,2.26776e+21,0.0453553,0,0
235u,92,235,0.076,0.0004,1542,1/2+,426.741,0.003,426.665,5/2+,,,1,E2,0.0165205,0.98348,0,0.669938,426.666,1,9.85252e-07,Weisskopf E2,3,0.124795,0.341301,0.343487,4.34565e+24,86.913,0,0
235u,92,235,0.076,0.0004,1542,1/2+,633.092,0.015,633.016,(5/2-),,,0,M2,1,0,0,0.891266,633.092,1.00012,8.91701e-08,Weisskopf M2,3,0.00513114,0.506367,0.00951918,1.17867e+26,2357.35,0,0
235u,92,235,0.076,0.0004,1542,1/2+,637.794,0.006,637.718,3/2-,,,1,E1,0.776824,0.223176,0,0.990672,637.777,1.00009,0.650075,Weisskopf E1,2,24571.9,0.510128,45249.2,2.23079e+19,0.000446158,0,0
235u,92,235,0.076,0.0004,1542,1/2+,658.96,0.04,658.884,1/2-,,,1,E1,0.00111367,0.998886,0,1.03309,658.884,1,0.716976,Weisskopf E1,1,12693.7,0.527059,22624.6,4.27839e+19,0.000855679,0,0
235u,92,235,0.076,0.0004,1542,1/2+,664.531,0.012,664.455,(5/2)-,,,0,M2,0.648769,0.351231,0,1.02995,664.504,1.00007,1.13625e-07,Weisskopf M2,3,0.00593426,0.531516,0.0104882,9.25722e+25,1851.44,0,0
235u,92,235,0.076,0.0004,1542,1/2+,701.101,0.017,701.025,(7/2)-,,,1,E3,0.579125,0.420875,0,1.00247,701.069,1.00006,1.02829e-10,Weisskopf E3,4,6.43296e-06,0.560769,1.07765e-05,9.25663e+28,1.85133e+06,0,0
235u,92,235,0.076,0.0004,1542,1/2+,703.753,0.02,703.677,3/2-,,,1,E1,1.11022e-16,1,0,0.994752,703.677,1,0.873369,Weisskopf E1,2,27113.4,0.56289,45249.2,2.22164e+19,0.000444329,0,0
235u,92,235,0.076,0.0004,1542,1/2+,761.017,0.006,760.941,(1/2)-,,,1,E1,0.151734,0.848266,0,1.00947,760.953,1.00002,1.10441,Weisskopf E1,1,14659.9,0.608697,22624.6,4.37849e+19,0.000875698,0,0
235u,92,235,0.076,0.0004,1542,1/2+,769.27,0.06,769.194,1/2+,,,1,M1,0.162863,0.837137,0,1.12796,769.206,1.00002,0.016775,Weisskopf M1,1,217.918,0.615299,332.703,2.66471e+21,0.0532942,0,0
235u,92,235,0.076,0.0004,1542,1/2+,769.934,0.009,769.858,3/2-,,,1,E1,0,1,0,0.995011,769.858,1,1.14369,Weisskopf E1,2,29663.4,0.61583,45249.2,2.22107e+19,0.000444213,0,0
235u,92,235,0.076,0.0004,1542,1/2+,779.51,0.03,779.434,3/2+,,,1,M1,0,1,0,0.95055,779.434,1,0.0174539,Weisskopf M1,2,441.638,0.62349,665.406,1.58102e+21,0.0316205,0,0
235u,92,235,0.076,0.0004,1542,1/2+,805.651,0.01,805.575,3/2-,,,0,E1,0.4716,0.5284,0,1.20102,805.611,1.00004,1.31038,Weisskopf E1,2,31039.6,0.644401,45249.2,1.84008e+19,0.000368017,0,0
235u,92,235,0.076,0.0004,1542,1/2+,811.96,0.03,811.884,(5/2-),,,0,M2,1.11022e-16,1,0,0.996862,811.884,1,3.09468e-07,Weisskopf M2,3,0.0108256,0.649448,0.0156588,6.4063e+25,1281.26,0,0
235u,92,235,0.076,0.0004,1542,1/2+,821.23,0.04,821.154,5/2+,,,1,E2,0.391326,0.608674,0,1.01594,821.184,1.00004,2.60157e-05,Weisskopf E2,3,0.889632,0.656863,1.27229,7.73652e+23,15.473,0,0
235u,92,235,0.076,0.0004,1542,1/2+,843.859,0.01,843.783,(1/2)+,,,1,M1,0.123577,0.876423,0,1.10518,843.792,1.00001,0.0221435,Weisskopf M1,1,239.049,0.674965,332.703,2.71964e+21,0.0543928,0,0
235u,92,235,0.076,0.0004,1542,1/2+,865.189,0.008,865.113,3/2+,,,0,M1,0.155034,0.844966,0,1.09955,865.125,1.00001,0.0238656,Weisskopf M1,2,490.185,0.692027,665.406,1.36678e+21,0.0273357,0,0
235u,92,235,0.076,0.0004,1542,1/2+,891.91,0.03,891.834,5/2+,,,1,E2,0.0503338,0.949666,0,1.02869,891.838,1,3.93127e-05,Weisskopf E2,3,1.1397,0.713402,1.50074,6.47756e+23,12.9551,0,0
235u,92,235,0.076,0.0004,1542,1/2+,905.262,0.018,905.186,5/2+,,,0,E2,0.308099,0.691901,0,1.27454,905.209,1.00003,4.23449e-05,Weisskopf E2,3,1.19165,0.724083,1.54601,5.07496e+23,10.1499,0,0
235u,92,235,0.076,0.0004,1542,1/2+,951.05,0.03,950.974,1/2- 3/2-,,,1,,0,1,0,1.02155,950.974,1,,unknown,1,,0.76071,,,,0,0
235u,92,235,0.076,0.0004,1542,1/2+,968.443,0.014,968.367,(3/2)+,,,1,M1,0,1,0,0.967294,968.367,1,0.0334714,Weisskopf M1,2,548.69,0.774623,665.406,1.55365e+21,0.0310731,0,0
235u,92,235,0.076,0.0004,1542,1/2+,990.229,0.008,990.153,1/2- 3/2-,,,1,,0.0408497,0.95915,0,1.1315,990.156,1,,unknown,1,,0.79205,,,,0,0
235u,92,235,0.076,0.0004,1542,1/2+,992.64,0.03,992.564,(5/2+),,,0,E2,0.740741,0.259259,0,1.00052,992.62,1.00006,6.71282e-05,Weisskopf E2,3,1.57113,0.793979,1.85889,5.37675e+23,10.7535,0,0
235u,92,235,0.076,0.0004,1542,1/2+,1002.28,0.2,1002.2,1/2- 3/2-,,,1,,0,1,0,1,1002.2,1,,unknown,1,,0.80169,,,,0,0
235u,92,235,0.076,0.0004,1542,1/2+,1038.23,0.01,1038.15,5/2+,,,0,E2,0.0258314,0.974169,0,1.46236,1038.16,1,8.40279e-05,Weisskopf E2,3,1.79773,0.830448,2.03358,3.36266e+23,6.72533,0,0
235u,92,235,0.076,0.0004,1542,1/2+,1072.82,0.17,1072.74,(1/2 3/2),,,1,,0,1,0,1.00051,1072.74,1,,unknown,1,,0.858117,,,,0,0
235u,92,235,0.076,0.0004,1542,1/2+,1099.02,0.11,1098.94,(3/2-),,,0,E1,0.203075,0.796925,0,0.997994,1098.96,1.00001,3.32663,Weisskopf E1,2,42343.4,0.879075,45249.2,2.21443e+19,0.000442885,0,0
235u,92,235,0.076,0.0004,1542,1/2+,1116.21,0.04,1116.13,(5/2-),,,1,M2,0.25372,0.74628,0,1.23335,1116.15,1.00002,1.51959e-06,Weisskopf M2,3,0.0281267,0.892826,0.0295939,2.73974e+25,547.948,0,0
235u,92,235,0.076,0.0004,1542,1/2+,1142.63,0.008,1142.56,(3/2)-,,,1,E1,0.392942,0.607058,0,1.46517,1142.59,1.00003,3.73862,Weisskopf E1,2,44023.9,0.913962,45249.2,1.50834e+19,0.000301669,0,0
236np,93,236,57,51,81000,1(-),241,50,184,(3-),,,0,E2,0,0,1,0,0,0,1.47795e-08,Weisskopf E2,2.33333,0.00782897,0.146874,0.0500736,,,0,0
242am,95,242,48.603,0.009,4.44953e+09,5-,52.714,0.007,4.111,3-,,,0,E2,1,0,0,0.00278552,52.714,12.8227,8.50837e-17,Weisskopf E2,0.636364,2.46241e-08,0.00324059,7.13816e-06,5.02931e+31,1.00586e+09,1,1
242am,95,242,48.603,0.009,4.44953e+09,5-,100.1,0.7,51.497,6-,,,0,M1,0,0,1,0,0,0,5.03384e-06,Weisskopf M1,1.18182,17.2421,0.0405937,399.008,,,0,1
242am,95,242,48.603,0.009,4.44953e+09,5-,114,0.5,65.397,6-,,,0,M1,0,0,1,0,0,0,1.03093e-05,Weisskopf M1,1.18182,21.896,0.0515507,399.008,,,0,1
242am,95,242,48.603,0.009,4.44953e+09,5-,148,0.5,99.397,5-,,,0,M1,0,0,1,0,0,0,3.61971e-05,Weisskopf M1,1,28.1598,0.078352,337.622,,,0,1
242am,95,242,48.603,0.009,4.44953e+09,5-,149.707,0.007,101.104,4-,,,0,M1,1,0,0,0.126273,149.707,1.48072,3.80942e-05,Weisskopf M1,0.818182,23.4355,0.0796976,276.236,2.86687e+22,0.573374,0,0
242am,95,242,48.603,0.009,4.44953e+09,5-,172,0.5,123.397,7-,,,0,E2,0,0,1,0,0,0,2.07316e-09,Weisskopf E2,1.36364,0.001427,0.0972705,0.0137814,,,0,0
242am,95,242,48.603,0.009,4.44953e+09,5-,181.4,1,132.797,(5+),,,1,E1,0,1,0,0.788644,132.797,1,0.00598606,Weisskopf E1,1,2608.96,0.10468,23412.8,5.41585e+19,0.00108317,0,0
242am,95,242,48.603,0.009,4.44953e+09,5-,190.6,0.5,141.997,7-,,,1,E2,0,0.5,0.5,1,70.9985,0.5,4.18316e-09,Weisskopf E2,1.36364,0.00217444,0.111932,0.0182492,5.4797e+25,1095.94,0,0
242am,95,242,48.603,0.009,4.44953e+09,5-,244.381,0.008,195.778,3-,,,1,E2,0.795527,0.204473,0,0.252283,234.443,1.19749,2.08415e-08,Weisskopf E2,0.636364,0.00265956,0.154327,0.016189,2.44846e+26,4896.92,0,0
242am,95,242,48.603,0.009,4.44953e+09,5-,269.854,0.01,221.251,3+,,,0,M2,1,0,0,0.907019,269.854,1.21967,4.74319e-10,Weisskopf M2,0.636364,4.73923e-05,0.174406,0.000255268,4.31904e+27,86380.7,0,0
242am,95,242,48.603,0.009,4.44953e+09,5-,289.028,0.013,240.425,4-,,,1,M1,0.669114,0.330886,0,0.573854,272.946,1.13526,0.000512263,Weisskopf M1,0.818182,55.7296,0.189521,276.236,6.30838e+21,0.126168,0,0
242am,95,242,48.603,0.009,4.44953e+09,5-,327.884,0.009,279.281,3-,,,0,E2,0.999998,2.18299e-06,0,0.594111,327.884,1.17403,1.23116e-07,Weisskopf E2,0.636364,0.00772043,0.22015,0.0329438,5.10926e+25,1021.85,0,0
242am,95,242,48.603,0.009,4.44953e+09,5-,330.74,0.008,282.137,3-,,,0,E2,0.702766,0.297234,0,0.657862,316.294,1.12106,1.29542e-07,Weisskopf E2,0.636364,0.00795972,0.222401,0.0336211,4.5212e+25,904.24,0,0
242am,95,242,48.603,0.009,4.44953e+09,5-,342,0.5,293.397,5-,,,0,M1,0,0,1,0,0,0,0.000930938,Weisskopf M1,1,83.1213,0.231277,337.622,,,0,0
242am,95,242,48.603,0.009,4.44953e+09,5-,372.49,0.009,323.887,4-,,,0,M1,0.879856,0.120144,0,0.531284,366.651,1.13203,0.00125237,Weisskopf M1,0.818182,75.0758,0.255311,276.236,6.81385e+21,0.136277,0,0
242am,95,242,48.603,0.009,4.44953e+09,5-,373.686,0.009,325.083,4-,,,0,M1,0.999491,0.000509114,0,0.481118,373.661,1.14943,0.0012663,Weisskopf M1,0.818182,75.3531,0.256254,276.236,7.52433e+21,0.150487,0,0
242am,95,242,48.603,0.009,4.44953e+09,5-,376.947,0.008,328.344,3+,,,0,M2,0.90208,0.0979201,0,0.854405,372.188,1.13353,3.4142e-09,Weisskopf M2,0.636364,0.000154896,0.258825,0.000562192,2.08186e+27,41637.2,0,0
242am,95,242,48.603,0.009,4.44953e+09,5-,388.112,0.009,339.509,3+,,,0,M2,0.917096,0.0829041,0,1.00072,384.083,1.13129,4.03553e-09,Weisskopf M2,0.636364,0.00017124,0.267626,0.000601075,1.66249e+27,33249.9,0,0
242am,95,242,48.603,0.009,4.44953e+09,5-,405.933,0.009,357.33,4+,,,0,E1,0.885242,0.114758,0,0.826848,400.355,1.12041,0.116623,Weisskopf E1,0.818182,5743.79,0.281674,19155.9,6.31352e+19,0.0012627,0,0
242am,95,242,48.603,0.009,4.44953e+09,5-,409,0.5,360.397,(6-),,,0,M1,0,0,1,0,0,0,0.00172543,Weisskopf M1,1.18182,120.667,0.284091,399.008,,,0,0
242am,95,242,48.603,0.009,4.44953e+09,5-,417.746,0.015,369.143,(4)+,,,0,E1,1,0,0,1.05853,417.746,1.13166,0.128576,Weisskopf E1,0.818182,5933.67,0.290985,19155.9,4.93165e+19,0.00098633,0,0
242am,95,242,48.603,0.009,4.44953e+09,5-,418.084,0.011,369.481,4+,,,0,E1,0.718807,0.281193,0,0.624778,404.417,1.09455,0.12893,Weisskopf E1,0.818182,5939.1,0.291252,19155.9,8.35548e+19,0.0016711,0,0
242am,95,242,48.603,0.009,4.44953e+09,5-,434,0.5,385.397,(5-),,,0,M1,0,0,1,0,0,0,0.00210998,Weisskopf M1,1,109.186,0.303798,337.622,,,0,0
242am,95,242,48.603,0.009,4.44953e+09,5-,442.385,0.008,393.782,5+,,,0,E1,0.885715,0.114285,0,0.83207,436.83,1.10932,0.156079,Weisskopf E1,1,7736.33,0.310408,23412.8,5.13319e+19,0.00102664,0,0
242am,95,242,48.603,0.009,4.44953e+09,5-,446.702,0.01,398.099,3-,,,0,E2,0.969914,0.0300861,0,1.39137,445.24,1.11841,7.24544e-07,Weisskopf E2,0.636364,0.022361,0.313811,0.0669381,1.0737e+25,214.74,0,0
242am,95,242,48.603,0.009,4.44953e+09,5-,457.09,0.011,408.487,5+,,,0,E1,0.907714,0.0922858,0,1.60903,452.605,1.108,0.174225,Weisskopf E1,1,8025.23,0.321999,23412.8,2.6545e+19,0.000530901,0,0
242am,95,242,48.603,0.009,4.44953e+09,5-,483.64,0.011,435.037,4-,,,1,M1,0.275217,0.724783,0,1.06395,448.413,1.03075,0.00303482,Weisskopf M1,0.818182,100.84,0.342928,276.236,3.40249e+21,0.0680498,0,0
242am,95,242,48.603,0.009,4.44953e+09,5-,486,0.5,437.397,(7-),,,0,E2,0,0,1,0,0,0,1.16008e-06,Weisskopf E2,1.36364,0.0635533,0.344788,0.173155,,,0,0
242am,95,242,48.603,0.009,4.44953e+09,5-,495.721,0.011,447.118,3+,,,0,M2,0.93586,0.0641396,0,1.46609,492.604,1.10173,1.59866e-08,Weisskopf M2,0.636364,0.000391128,0.352451,0.00104249,6.5429e+26,13085.8,0,0
242am,95,242,48.603,0.009,4.44953e+09,5-,500,0.5,451.397,(6-),,,0,M1,0,0,1,0,0,0,0.00339023,Weisskopf M1,1.18182,151.135,0.355824,399.008,,,0,0
242am,95,242,48.603,0.009,4.44953e+09,5-,501.569,0.013,452.966,(3)-,,,0,E2,0.930199,0.0698014,0,1.11385,498.176,1.09981,1.38177e-06,Weisskopf E2,0.636364,0.0329393,0.357061,0.0866608,1.03598e+25,207.196,0,0
242am,95,242,48.603,0.009,4.44953e+09,5-,506.964,0.013,458.361,(3)+,,,0,M2,0.997672,0.00232771,0,1.1971,506.851,1.10579,1.81002e-08,Weisskopf M2,0.636364,0.000421381,0.361314,0.00109557,7.62477e+26,15249.5,0,0
242am,95,242,48.603,0.009,4.44953e+09,5-,528.545,0.021,479.942,3+,,,0,M2,0.981364,0.0186358,0,1.30037,527.639,1.09938,2.27818e-08,Weisskopf M2,0.636364,0.000483747,0.378325,0.00120117,6.40221e+26,12804.4,0,0
242am,95,242,48.603,0.009,4.44953e+09,5-,568.215,0.009,519.612,4-,,,0,M1,0.84254,0.15746,0,1.51072,560.562,1.07881,0.0051712,Weisskopf M1,0.818182,120.444,0.409596,276.236,2.39628e+21,0.0479255,0,0
242am,95,242,48.603,0.009,4.44953e+09,5-,581,0.5,532.397,(7-),,,0,E2,0,0,1,0,0,0,3.09947e-06,Weisskopf E2,1.36364,0.114609,0.419674,0.25654,,,0,0
242am,95,242,48.603,0.009,4.44953e+09,5-,681.894,0.012,633.291,3-,,,0,E2,0.860419,0.139581,0,1.72559,675.11,1.06603,7.38118e-06,Weisskopf E2,0.636364,0.0900176,0.499206,0.169394,3.42109e+24,68.4218,0,0
242am,95,242,48.603,0.009,4.44953e+09,5-,902.494,0.011,853.891,(3)-,,,0,E2,0.910332,0.0896678,0,1.58807,898.136,1.05182,3.28943e-05,Weisskopf E2,0.636364,0.220661,0.673099,0.307961,2.04472e+24,40.8945,0,0
242am,95,242,48.603,0.009,4.44953e+09,5-,906.499,0.019,857.896,(3)-,,,0,E2,0.863288,0.136712,0,1.86621,899.854,1.04891,3.3673e-05,Weisskopf E2,0.636364,0.22378,0.676256,0.310857,1.72376e+24,34.4753,0,0
242am,95,242,48.603,0.009,4.44953e+09,5-,949.66,0.014,901.057,(4-),,,0,M1,0.848644,0.151356,0,1.74476,942.304,1.04578,0.0269656,Weisskopf M1,0.818182,208.862,0.710279,276.236,2.07484e+21,0.0414968,0,0
242am,95,242,48.603,0.009,4.44953e+09,5-,974.9,0.5,926.297,(3+),,,0,M2,0,0,1,0,0,0,6.10092e-07,Weisskopf M2,0.636364,0.00347779,0.730175,0.00447432,,,0,0
242am,95,242,48.603,0.009,4.44953e+09,5-,1002.62,0.023,954.015,(5-),,,0,M1,0.854612,0.145388,0,1.82717,995.552,1.04354,0.0320051,Weisskopf M1,1,270.279,0.752024,337.622,1.62103e+21,0.0324205,0,0
242am,95,242,48.603,0.009,4.44953e+09,5-,1011,0.5,962.397,(4+),,,0,E1,0,0,1,0,0,0,2.27845,Weisskopf E1,0.818182,15469.7,0.758632,19155.9,,,0,0
242am,95,242,48.603,0.009,4.44953e+09,5-,1049,0.5,1000.4,(3+),,,0,M2,0,0,1,0,0,0,8.96408e-07,Weisskopf M2,0.636364,0.00438096,0.788586,0.0052188,,,0,0
242am,95,242,48.603,0.009,4.44953e+09,5-,1066,0.5,1017.4,(5+),,,0,E1,0,0,1,0,0,0,2.69183,Weisskopf E1,1,19988,0.801987,23412.8,,,0,0
242am,95,242,48.603,0.009,4.44953e+09,5-,1097,0.5,1048.4,(4+),,,0,E1,0,0,1,0,0,0,2.94546,Weisskopf E1,0.818182,16852.1,0.826423,19155.9,,,0,0
242am,95,242,48.603,0.009,4.44953e+09,5-,1151,0.5,1102.4,(6+),,,0,E1,0,0,1,0,0,0,3.42444,Weisskopf E1,1.18182,25595.7,0.86899,27669.6,,,0,0
244am,95,244,89.5,1.6,1567.8,1+,101.8,1.6,12.3,2+,,,0,M1,0,0,1,0,0,0,6.85913e-08,Weisskopf M1,1.66667,5.80779,0.00965594,565.024,,,1,1
244am,95,244,89.5,1.6,1567.8,1+,124.8,1.6,35.3,3+,,,1,E2,-1.38778e-17,0.961098,0.0389017,0.039283,33.9268,0.961098,4.01558e-12,Weisskopf E2,2.33333,5.77935e-05,0.0277118,0.00195914,1.29936e+28,259873,0,1
244am,95,244,89.5,1.6,1567.8,1+,177.2,1.6,87.7,1-,,,1,E1,-5.55112e-17,0.578474,0.421526,0.705147,50.7322,0.578474,0.00173364,Weisskopf E1,1,1732.45,0.0688476,23638.7,5.99925e+19,0.00119985,0,1
244am,95,244,89.5,1.6,1567.8,1+,198.8,1.6,109.3,2-,,,0,E1,0,0.59804,0.40196,0.68282,65.3658,0.59804,0.00335598,Weisskopf E1,1.66667,3598.58,0.0858044,39397.8,3.71725e+19,0.00074345,0,0
244am,95,244,89.5,1.6,1567.8,1+,229.8,1.6,140.3,3-,,,0,M2,-1.11022e-16,0.587438,0.412562,0.678179,82.4175,0.587438,4.89007e-11,Weisskopf M2,2.33333,4.45533e-05,0.110141,0.00038,3.88036e+27,77607.2,0,0
244am,95,244,89.5,1.6,1567.8,1+,263.2,1.6,173.7,2-,,,1,E1,-5.55112e-17,0.597287,0.402713,0.732728,103.749,0.597287,0.0134697,Weisskopf E1,1.66667,5718.87,0.136361,39397.8,3.46406e+19,0.000692812,0,0
244am,95,244,89.5,1.6,1567.8,1+,290.7,1.6,201.2,1-,,,1,E1,-1.11022e-16,0.5752,0.4248,0.843404,115.73,0.5752,0.0209336,Weisskopf E1,1,3974.57,0.157949,23638.7,5.01581e+19,0.00100316,0,0
244am,95,244,89.5,1.6,1567.8,1+,298.2,1.6,208.7,3-,,,0,M2,-5.55112e-17,0.597287,0.402713,0.733108,124.654,0.597287,3.56155e-10,Weisskopf M2,2.33333,0.000146647,0.163837,0.000840839,1.62226e+27,32445.1,0,0
244am,95,244,89.5,1.6,1567.8,1+,337.1,1.6,247.6,(0)-,,,0,E1,-1.11022e-16,0.5752,0.4248,0.860043,142.42,0.5752,0.0390131,Weisskopf E1,0.333333,1630.39,0.194375,7879.56,1.47563e+20,0.00295126,0,0
244am,95,244,89.5,1.6,1567.8,1+,344.1,1.6,254.6,3-,,,0,M2,-5.55112e-17,0.582519,0.417481,0.842074,148.309,0.582519,9.62319e-10,Weisskopf M2,2.33333,0.000266245,0.19987,0.00125137,9.48997e+26,18979.9,0,0
244am,95,244,89.5,1.6,1567.8,1+,349.9,1.6,260.4,3+,,,1,E2,-2.22045e-16,0.455965,0.544035,0.351318,118.733,0.455965,8.77162e-08,Weisskopf E2,2.33333,0.0231995,0.204423,0.10661,2.66994e+25,533.987,0,0
244am,95,244,89.5,1.6,1567.8,1+,363.3,1.6,273.8,2-,,,0,E1,-1.11022e-16,0.5752,0.4248,0.902681,157.49,0.5752,0.0527545,Weisskopf E1,1.66667,9014.55,0.214943,39397.8,2.81186e+19,0.000562372,0,0
244am,95,244,89.5,1.6,1567.8,1+,378.6,1.6,289.1,(0)+,,,1,M1,3.46945e-17,0.983457,0.0165434,0.459386,284.317,0.983457,0.000890632,Weisskopf M1,0.333333,27.3013,0.226954,113.005,1.92631e+22,0.385262,0,0
244am,95,244,89.5,1.6,1567.8,1+,416.2,1.6,326.7,2+,,,1,M1,5.55112e-17,0.534829,0.465171,0.467004,174.729,0.534829,0.00128529,Weisskopf M1,1.66667,154.26,0.256471,565.024,3.78977e+21,0.0757953,0,0
244am,95,244,89.5,1.6,1567.8,1+,420.5,1.6,331,2+,,,1,M1,0,0.452357,0.547643,0.555743,149.73,0.452357,0.00133671,Weisskopf M1,1.66667,156.291,0.259847,565.024,3.18463e+21,0.0636926,0,0
244am,95,244,89.5,1.6,1567.8,1+,421.6,1.6,332.1,2+,,,1,M1,-1.11022e-16,0.68399,0.31601,1.1859,227.153,0.68399,0.00135008,Weisskopf M1,1.66667,156.81,0.26071,565.024,1.49239e+21,0.0298479,0,0
244am,95,244,89.5,1.6,1567.8,1+,422.7,1.6,333.2,(3)-,,,0,M2,-2.22045e-16,0.458386,0.541614,0.583586,152.734,0.458386,3.69447e-09,Weisskopf M2,2.33333,0.00059679,0.261574,0.00214328,7.99497e+26,15989.9,0,0
244am,95,244,89.5,1.6,1567.8,1+,445.9,1.6,356.4,(3)+,,,0,E2,-1.11022e-16,0.586862,0.413138,0.705128,209.157,0.586862,4.21273e-07,Weisskopf E2,2.33333,0.0594796,0.279787,0.199706,7.10135e+24,142.027,0,0
244am,95,244,89.5,1.6,1567.8,1+,455.5,1.6,366,(1)+,,,1,M1,5.55112e-17,0.674602,0.325398,1.0586,246.904,0.674602,0.00180716,Weisskopf M1,1,103.69,0.287323,339.014,2.78645e+21,0.0557291,0,0
244am,95,244,89.5,1.6,1567.8,1+,479.6,1.6,390.1,(2)+,,,1,M1,-2.22045e-16,0.48322,0.51678,0.590975,188.504,0.48322,0.00218817,Weisskopf M1,1.66667,184.197,0.306242,565.024,2.99478e+21,0.0598955,0,0
244am,95,244,89.5,1.6,1567.8,1+,486.2,1.7,396.7,2-,,,0,E1,5.55112e-17,0.531368,0.468632,0.998091,210.794,0.531368,0.160452,Weisskopf E1,1.66667,13060.9,0.311424,39397.8,2.54307e+19,0.000508614,0,0
244am,95,244,89.5,1.6,1567.8,1+,515.6,1.6,426.1,(3)+,,,0,E2,0,0.707315,0.292685,0.651598,301.387,0.707315,1.02904e-06,Weisskopf E2,2.33333,0.101646,0.334504,0.285456,5.37628e+24,107.526,0,0
244am,95,244,89.5,1.6,1567.8,1+,518.3,1.6,428.8,2-,,,1,E1,0,0.602249,0.397751,1.17396,258.244,0.602249,0.202639,Weisskopf E1,1.66667,14117.8,0.336623,39397.8,2.1621e+19,0.000432421,0,0
244am,95,244,89.5,1.6,1567.8,1+,525.8,1.6,436.3,(3)-,,,0,M2,-1.66533e-16,0.593114,0.406886,1.18369,258.776,0.593114,1.42218e-08,Weisskopf M2,2.33333,0.00133987,0.342511,0.00367484,2.29892e+26,4597.84,0,0
244am,95,244,89.5,1.6,1567.8,1+,537.3,1.6,447.8,3-,,,0,M2,5.55112e-17,0.577469,0.422531,1.13434,258.591,0.577469,1.61975e-08,Weisskopf M2,2.33333,0.00144864,0.351539,0.00387112,2.27729e+26,4554.59,0,0
244am,95,244,89.5,1.6,1567.8,1+,585.5,1.6,496,2-,,,1,E1,1.11022e-16,0.598953,0.401047,1.34227,297.081,0.598953,0.31362,Weisskopf E1,1.66667,16330.2,0.389378,39397.8,1.89099e+19,0.000378197,0,0
244am,95,244,89.5,1.6,1567.8,1+,616.7,1.6,527.2,(2)+,,,1,M1,1.11022e-16,0.716597,0.283403,0.77818,377.79,0.716597,0.00540107,Weisskopf M1,1.66667,248.932,0.413871,565.024,2.27433e+21,0.0454866,0,0
244am,95,244,89.5,1.6,1567.8,1+,644.6,1.6,555.1,(3)+,,,0,E2,0,0.732591,0.267409,0.858365,406.661,0.732591,3.86128e-06,Weisskopf E2,2.33333,0.224734,0.435773,0.484461,2.40475e+24,48.095,0,0
244am,95,244,89.5,1.6,1567.8,1+,651.7,1.6,562.2,(3)+,,,0,E2,-1.66533e-16,0.62322,0.37678,0.882495,350.374,0.62322,4.11462e-06,Weisskopf E2,2.33333,0.233468,0.441347,0.496933,2.28029e+24,45.6058,0,0
244am,95,244,89.5,1.6,1567.8,1+,672.3,1.6,582.8,(2)+,,,1,M1,0,0.485324,0.514676,1.23582,282.847,0.485324,0.00729646,Weisskopf M1,1.66667,275.185,0.457519,565.024,1.43211e+21,0.0286422,0,0
244am,95,244,89.5,1.6,1567.8,1+,682.1,1.6,592.6,(1)-,,,0,E1,-1.11022e-16,0.593812,0.406188,1.41016,351.893,0.593812,0.534865,Weisskopf E1,1,11706.4,0.465212,23638.7,2.99991e+19,0.000599983,0,0
244am,95,244,89.5,1.6,1567.8,1+,701.3,1.6,611.8,2-,,,0,E1,-1.11022e-16,0.580158,0.419842,1.44319,354.94,0.580158,0.588555,Weisskopf E1,1.66667,20142.8,0.480285,39397.8,1.75875e+19,0.000351751,0,0
244am,95,244,89.5,1.6,1567.8,1+,732.6,1.6,643.1,3-,,,0,M2,0,0.634653,0.365347,1.45672,408.145,0.634653,9.89509e-08,Weisskopf M2,2.33333,0.00429084,0.504856,0.00798408,8.598e+25,1719.6,0,0
244am,95,244,89.5,1.6,1567.8,1+,776.4,1.6,686.9,(1)+,,,1,M1,-1.11022e-16,0.563474,0.436526,0.965159,387.05,0.563474,0.0119463,Weisskopf M1,1,194.603,0.539241,339.014,3.05621e+21,0.0611242,0,0
244am,95,244,89.5,1.6,1567.8,1+,781.7,1.6,692.2,(2)-,,,1,E1,-5.55112e-17,0.547815,0.452185,1.37932,379.198,0.547815,0.85242,Weisskopf E1,1.66667,22789.9,0.543402,39397.8,1.84019e+19,0.000368038,0,0
244am,95,244,89.5,1.6,1567.8,1+,784.4,1.6,694.9,(2)-,,,0,E1,-1.66533e-16,0.621204,0.378796,1.5497,431.675,0.621204,0.862434,Weisskopf E1,1.66667,22878.8,0.545521,39397.8,1.63787e+19,0.000327575,0,0
244am,95,244,89.5,1.6,1567.8,1+,791,0.5,701.5,(2-),,,0,E1,0,0,1,0,0,0,0.887242,Weisskopf E1,1.66667,23096.1,0.550703,39397.8,,,0,0
244am,95,244,89.5,1.6,1567.8,1+,800.5,1.6,711,(2)-,,,0,E1,-2.22045e-16,0.732795,0.267205,1.37827,521.018,0.732795,0.923778,Weisskopf E1,1.66667,23408.9,0.55816,39397.8,1.84159e+19,0.000368318,0,0
244am,95,244,89.5,1.6,1567.8,1+,810.3,1.6,720.8,(3)-,,,0,M2,-5.55112e-17,0.651656,0.348344,1.7138,469.714,0.651656,1.75025e-07,Weisskopf M2,2.33333,0.00604159,0.565854,0.0100299,5.81757e+25,1163.51,0,0
244am,95,244,89.5,1.6,1567.8,1+,827,1.6,737.5,(2)-,,,0,E1,0,0.620792,0.379208,1.57571,457.834,0.620792,1.03097,Weisskopf E1,1.66667,24281.3,0.578964,39397.8,1.61083e+19,0.000322167,0,0
244am,95,244,89.5,1.6,1567.8,1+,842.1,1.6,752.6,(2)+,,,1,M1,-1.11022e-16,0.53076,0.46924,1.30553,399.45,0.53076,0.0157125,Weisskopf M1,1.66667,355.361,0.590818,565.024,1.35565e+21,0.0271129,0,0
244am,95,244,89.5,1.6,1567.8,1+,860.7,1.7,771.2,(3+),,,0,E2,-1.11022e-16,0.773643,0.226357,1.24019,596.633,0.773643,1.99853e-05,Weisskopf E2,2.33333,0.602637,0.60542,0.935083,8.62307e+23,17.2461,0,0
244am,95,244,89.5,1.6,1567.8,1+,876.6,1.6,787.1,(2+),,,0,M1,1.11022e-16,0.653665,0.346335,1.19967,514.5,0.653665,0.017974,Weisskopf M1,1.66667,371.651,0.617902,565.024,1.47527e+21,0.0295053,0,0
244am,95,244,89.5,1.6,1567.8,1+,882.3,1.6,792.8,(1 2)-,,,1,,-5.55112e-17,0.590157,0.409843,1.69608,467.876,0.590157,,unknown,1,,0.622376,,,,0,0
254es,99,254,80.1,0.1,141480,(8+),171.1,0.1,91,(9+),,,1,M1,0.328032,0.671968,0,0.125249,117.275,1.28874,2.77765e-05,Weisskopf M1,1.11765,28.814,0.0700179,386.585,2.0653e+22,0.41306,0,1
254es,99,254,80.1,0.1,141480,(8+),289.9,0.3,209.8,(7+),,,0,M1,0,0,1,0,0,0,0.000340385,Weisskopf M1,0.882353,52.4451,0.161426,305.198,,,0,0
254es,99,254,80.1,0.1,141480,(8+),376.8,0.2,296.7,(8+),,,1,M1,0.12283,0.410021,0.467149,0.264576,167.936,0.566012,0.000962734,Weisskopf M1,1,84.0571,0.228289,345.891,1.09272e+22,0.218544,0,0
254es,99,254,80.1,0.1,141480,(8+),447.9,0.1,367.8,(8-),,,1,E1,0.266372,0.704137,0.0294909,0.986468,378.29,1.02852,0.131348,Weisskopf E1,1,7462.82,0.282995,24772.8,4.09207e+19,0.000818413,0,0
254es,99,254,80.1,0.1,141480,(8+),469.2,0.2,389.1,(7+:10+),,,1,M1,0.127163,0.872837,0,0.6609,399.286,1.02618,0.00217139,Weisskopf M1,0.882353,97.2658,0.299384,305.198,4.95772e+21,0.0991544,0,0
251md,101,251,54,10,20,1/2-,94,10,40,5/2-,,,1,E2,0,1,0,1,40,1,7.79029e-12,Weisskopf E2,3,0.000112268,0.0309605,0.00340644,2.93562e+26,5871.23,0,1
255lr,103,255,38,10,2.54,[7/2-],196.6,0.5,158.6,5/2-,,,0,M1,1,0,0,1,196.6,1.2396,0.000147049,Weisskopf M1,0.75,33.6993,0.121792,259.929,3.84721e+21,0.0769442,0,0
255lr,103,255,38,10,2.54,[7/2-],443.8,0.7,405.8,9/2-,,,0,M1,1,0,0,2,443.8,1.09364,0.00246314,Weisskopf M1,1.25,143.707,0.311621,433.215,1.15416e+21,0.0230832,0,0
257rf,104,257,75,0.5,4.5,(11/2-),148,1,73,(13/2-),,,1,M1,0,1,0,1,73,1,1.43391e-05,Weisskopf M1,1.16667,24.1283,0.0558394,405.916,2.46356e+21,0.0492713,0,1
257rf,104,257,75,0.5,4.5,(11/2-),234,1,159,(15/2-),,,1,E2,0,1,0,1.5,159,1,7.97845e-09,Weisskopf E2,1.33333,0.00323419,0.121623,0.0249805,2.66875e+25,533.749,0,0
